houses,farms,mines,lumber mills,latrines,run_id
0,0,0,0,0,1
0,1,0,0,0,1
0,1,0,0,1,1
1,1,0,0,1,1
1,1,0,1,1,1
1,1,1,1,1,1
1,1,1,1,2,1
1,2,1,1,2,1
1,2,1,2,2,1
1,2,1,2,2,1
1,2,1,2,2,1
1,2,1,2,2,1
1,2,1,2,2,1
1,3,1,2,2,1
1,3,1,2,2,1
1,3,1,2,2,1
2,3,1,2,2,1
2,3,1,2,2,1
2,3,1,2,2,1
2,3,2,2,2,1
2,3,2,2,2,1
2,3,2,2,2,1
2,3,2,2,2,1
2,3,2,2,2,1
2,3,2,2,3,1
2,3,2,2,4,1
2,3,2,2,4,1
2,3,2,2,4,1
2,3,2,2,4,1
2,3,2,2,4,1
2,3,2,2,4,1
2,3,2,2,4,1
2,3,2,2,4,1
2,3,2,2,4,1
2,3,2,2,4,1
2,3,2,2,4,1
2,3,2,2,4,1
2,3,2,2,4,1
2,3,2,2,4,1
2,3,2,2,4,1
2,3,2,2,4,1
2,3,2,2,4,1
2,3,2,2,4,1
2,3,2,2,4,1
2,3,2,2,4,1
3,3,2,2,4,1
3,3,2,2,4,1
3,3,2,2,4,1
3,3,2,2,4,1
3,3,2,2,4,1
3,3,2,2,5,1
3,3,2,2,5,1
3,3,2,2,5,1
3,3,2,2,5,1
3,3,2,2,5,1
3,3,2,2,5,1
3,3,2,2,5,1
3,3,2,2,5,1
3,3,2,2,5,1
3,3,2,2,5,1
3,3,2,2,5,1
3,3,2,2,5,1
3,3,2,2,5,1
3,3,2,2,5,1
3,3,2,2,5,1
3,3,2,2,5,1
3,3,2,2,5,1
3,3,2,2,5,1
3,3,2,2,5,1
3,3,2,2,6,1
3,3,2,2,6,1
3,3,2,2,6,1
3,3,2,2,6,1
3,3,2,2,6,1
3,3,2,2,6,1
3,3,2,2,6,1
3,3,2,2,6,1
3,3,2,2,6,1
3,3,2,2,6,1
3,3,2,2,6,1
3,3,2,2,6,1
3,3,2,2,6,1
3,3,2,2,6,1
3,3,2,2,5,1
3,3,2,2,5,1
3,3,2,2,5,1
3,3,2,2,5,1
3,3,2,2,5,1
3,3,2,2,5,1
3,3,2,2,5,1
3,3,2,2,5,1
3,3,2,2,5,1
4,3,2,2,5,1
4,3,2,2,5,1
4,3,2,2,5,1
4,3,2,2,5,1
4,3,2,2,5,1
4,3,2,2,5,1
3,3,2,2,5,1
3,3,2,2,5,1
0,0,0,0,0,2
0,0,1,0,0,2
0,0,1,0,0,2
0,0,1,1,0,2
0,0,1,1,0,2
1,0,1,1,0,2
1,0,1,1,0,2
1,1,1,1,0,2
1,1,1,1,0,2
1,1,1,1,0,2
2,1,1,1,0,2
2,1,1,1,1,2
2,1,1,1,1,2
2,2,1,1,1,2
2,2,1,1,1,2
3,2,1,1,1,2
4,2,1,1,1,2
3,2,1,2,1,2
3,2,0,2,2,2
3,2,0,2,2,2
3,2,0,2,3,2
3,2,0,2,3,2
3,3,0,2,3,2
3,3,0,3,3,2
3,3,0,4,3,2
4,2,0,4,3,2
4,2,0,4,3,2
4,2,1,4,3,2
4,2,1,4,4,2
4,2,1,4,4,2
4,3,1,4,4,2
4,3,1,4,4,2
4,3,1,4,4,2
4,3,2,4,4,2
3,3,2,4,5,2
3,4,2,4,5,2
3,4,2,4,5,2
3,4,2,5,5,2
3,4,2,5,5,2
3,4,2,6,5,2
3,4,2,6,6,2
3,5,1,6,6,2
4,4,1,6,6,2
4,5,1,6,6,2
4,5,1,6,6,2
4,6,1,6,5,2
4,6,1,6,5,2
4,6,1,6,5,2
4,6,1,6,5,2
3,6,1,6,5,2
3,6,1,6,5,2
3,6,1,6,5,2
3,6,1,6,5,2
3,6,1,6,5,2
3,6,1,6,5,2
3,6,1,6,5,2
3,6,1,6,5,2
3,6,1,6,5,2
3,6,1,6,5,2
3,6,1,6,5,2
3,6,1,6,5,2
3,6,1,6,5,2
3,6,1,6,5,2
3,6,1,6,5,2
3,6,1,6,5,2
3,6,1,6,5,2
3,6,1,6,5,2
3,6,1,6,5,2
3,6,1,6,5,2
3,6,1,6,5,2
3,6,1,6,5,2
3,6,1,6,5,2
2,6,1,6,5,2
2,6,1,6,5,2
2,6,1,6,5,2
2,6,1,6,5,2
2,6,1,6,5,2
2,6,1,6,5,2
2,6,1,6,5,2
2,6,1,6,5,2
2,6,1,6,5,2
2,6,1,6,5,2
2,6,1,6,5,2
2,6,1,6,5,2
2,6,1,6,5,2
2,6,1,6,5,2
2,6,1,6,5,2
2,6,1,6,5,2
2,6,1,6,5,2
2,6,1,6,5,2
2,6,1,6,5,2
2,6,1,6,5,2
2,6,1,6,5,2
2,6,1,6,5,2
2,6,1,6,5,2
2,6,1,6,5,2
2,6,1,6,5,2
2,6,1,6,5,2
2,6,1,6,5,2
2,6,1,6,5,2
0,0,0,0,0,3
0,0,1,0,0,3
0,0,1,1,0,3
0,0,1,1,0,3
0,0,1,1,0,3
0,0,1,1,0,3
1,0,1,1,0,3
2,0,1,1,0,3
2,1,1,1,0,3
2,1,1,1,0,3
2,1,1,1,0,3
2,1,1,1,0,3
2,1,1,1,0,3
3,1,1,1,0,3
2,1,1,1,1,3
2,1,1,2,1,3
2,1,2,2,1,3
2,1,3,2,1,3
2,1,3,2,1,3
3,1,3,2,1,3
3,2,3,2,1,3
3,2,3,2,1,3
3,2,3,2,1,3
3,2,3,2,1,3
3,2,3,2,1,3
3,3,3,2,1,3
3,3,3,2,1,3
3,3,3,2,1,3
3,3,3,2,1,3
3,3,3,2,1,3
3,3,3,2,1,3
3,3,3,2,1,3
3,3,3,2,1,3
3,3,4,1,1,3
3,3,4,1,1,3
3,3,4,1,1,3
3,3,4,1,1,3
3,3,4,1,1,3
3,3,4,1,1,3
3,3,4,1,1,3
3,3,4,2,1,3
3,3,4,2,1,3
3,3,4,2,1,3
3,3,4,2,1,3
3,3,4,3,1,3
3,3,4,3,1,3
3,3,4,3,2,3
3,3,4,3,2,3
3,3,4,4,2,3
3,3,4,4,2,3
3,3,4,4,2,3
3,3,4,4,2,3
3,3,4,4,3,3
2,3,4,4,3,3
2,3,5,4,3,3
2,3,5,4,3,3
2,4,5,4,2,3
2,4,5,4,2,3
2,4,5,4,3,3
3,4,5,4,3,3
3,4,5,4,4,3
4,4,5,4,4,3
4,4,5,4,5,3
4,4,5,4,5,3
5,4,4,4,5,3
5,5,4,4,5,3
5,5,4,4,5,3
5,6,4,4,5,3
5,6,4,4,5,3
5,6,4,4,5,3
5,7,4,4,5,3
5,7,4,5,5,3
5,7,4,5,5,3
5,7,4,5,5,3
5,7,5,5,5,3
5,7,6,4,5,3
4,8,6,4,5,3
4,8,6,4,5,3
4,8,6,4,5,3
4,8,6,4,5,3
4,8,6,4,6,3
4,8,6,4,6,3
4,8,6,4,6,3
4,8,5,4,6,3
4,8,5,5,6,3
4,8,6,5,6,3
4,8,6,5,6,3
4,8,6,5,6,3
4,8,6,5,6,3
4,8,6,5,6,3
4,8,6,5,7,3
4,8,6,5,7,3
4,9,6,5,7,3
4,9,6,5,7,3
4,9,6,5,8,3
4,9,6,5,8,3
4,9,6,5,8,3
4,9,6,5,9,3
4,9,6,5,9,3
4,9,6,5,9,3
0,0,0,0,0,4
0,1,0,0,0,4
0,1,1,0,0,4
0,1,1,0,0,4
1,1,1,0,0,4
1,1,1,0,1,4
1,1,2,0,1,4
1,1,2,1,1,4
2,1,2,1,1,4
2,1,2,2,1,4
2,1,2,2,1,4
2,1,2,2,1,4
3,1,2,2,1,4
3,1,2,2,1,4
2,1,2,2,2,4
2,1,2,2,2,4
2,1,2,2,2,4
2,1,2,2,3,4
2,1,2,2,3,4
2,2,2,2,3,4
2,2,2,2,4,4
2,2,2,2,4,4
2,3,2,2,4,4
2,3,2,2,5,4
2,3,2,3,5,4
2,3,2,3,6,4
2,3,2,3,6,4
2,3,2,3,6,4
3,3,2,3,6,4
3,3,2,3,6,4
4,3,2,3,6,4
4,3,2,3,7,4
4,3,3,3,7,4
4,3,3,3,7,4
4,3,3,4,7,4
4,3,3,4,7,4
4,3,3,4,7,4
4,3,3,4,7,4
4,3,4,4,7,4
4,3,5,4,7,4
4,3,5,4,7,4
4,3,5,5,7,4
4,3,5,5,7,4
4,4,4,5,7,4
4,4,4,5,7,4
4,4,4,5,7,4
4,4,4,6,6,4
5,4,4,6,6,4
5,4,4,6,7,4
5,4,5,6,7,4
5,4,5,6,7,4
5,4,5,7,7,4
5,4,6,7,7,4
5,4,6,7,7,4
5,4,6,7,8,4
5,4,6,7,8,4
5,5,6,7,8,4
5,5,6,7,8,4
6,5,6,7,8,4
7,5,6,7,8,4
8,5,6,7,8,4
8,5,7,7,8,4
8,5,7,7,8,4
8,5,7,8,8,4
8,5,7,8,8,4
8,5,8,8,8,4
7,5,8,8,8,4
7,5,8,8,8,4
8,5,8,8,8,4
8,5,8,9,8,4
9,5,8,9,8,4
9,5,8,9,8,4
9,5,8,9,8,4
9,5,9,9,8,4
9,5,9,9,8,4
9,5,9,10,8,4
9,5,9,10,8,4
9,5,9,10,8,4
9,5,9,10,8,4
9,5,9,10,8,4
9,5,9,10,8,4
10,5,9,10,8,4
10,5,9,10,8,4
11,5,9,10,8,4
11,5,10,10,8,4
11,5,10,11,8,4
11,5,10,11,8,4
11,6,10,11,7,4
11,6,10,11,7,4
11,6,10,11,7,4
10,6,10,11,7,4
10,6,10,11,7,4
10,6,10,11,7,4
10,6,10,11,7,4
9,6,10,11,8,4
9,6,9,11,8,4
9,6,9,11,8,4
9,7,9,11,7,4
9,7,9,11,7,4
9,7,9,11,7,4
0,0,0,0,0,5
0,1,0,0,0,5
0,1,0,0,0,5
1,1,0,0,0,5
2,1,0,0,0,5
3,1,0,0,0,5
3,1,0,0,0,5
3,1,0,0,1,5
3,1,0,0,1,5
3,1,0,0,1,5
3,1,0,0,2,5
3,1,0,1,2,5
3,1,0,1,2,5
3,2,0,1,2,5
3,2,0,1,2,5
3,2,0,1,2,5
3,2,0,1,2,5
3,2,0,1,1,5
3,2,0,1,1,5
3,2,0,1,1,5
3,2,0,1,1,5
3,2,0,1,1,5
3,2,0,1,1,5
3,2,0,1,1,5
3,2,0,1,1,5
3,2,0,1,1,5
3,2,0,1,2,5
3,2,0,1,2,5
3,2,0,1,2,5
3,2,0,1,2,5
3,2,0,1,2,5
3,2,0,1,2,5
3,2,0,1,2,5
3,2,0,1,2,5
3,2,0,1,2,5
3,2,0,1,2,5
3,2,0,1,2,5
3,2,0,1,2,5
3,2,0,1,2,5
3,2,0,1,2,5
3,2,0,1,2,5
3,2,0,1,2,5
3,2,0,1,2,5
3,2,0,1,2,5
3,2,0,1,2,5
3,2,0,1,2,5
3,2,0,1,2,5
3,2,0,1,2,5
3,2,0,1,2,5
3,2,0,1,2,5
3,2,0,1,2,5
3,2,0,1,2,5
3,2,0,1,2,5
3,2,0,1,2,5
3,2,0,1,2,5
3,2,0,1,2,5
3,2,0,1,2,5
3,2,0,1,2,5
3,2,0,1,2,5
3,2,0,1,2,5
3,2,0,1,2,5
3,2,0,1,2,5
3,2,0,1,2,5
3,2,0,1,2,5
3,2,0,1,2,5
3,2,0,1,2,5
3,2,0,1,2,5
3,2,0,1,2,5
3,2,0,1,2,5
3,2,0,1,2,5
3,2,0,1,2,5
3,2,0,1,2,5
3,2,0,1,2,5
3,2,0,1,2,5
3,2,0,1,2,5
3,2,0,1,2,5
3,2,0,1,2,5
3,2,0,1,2,5
3,2,0,1,2,5
3,2,0,1,2,5
3,2,0,1,2,5
3,2,0,1,2,5
3,2,0,1,2,5
3,2,0,1,2,5
3,2,0,1,2,5
3,2,0,1,2,5
3,2,0,1,2,5
3,2,0,1,2,5
3,2,0,1,2,5
3,2,0,1,2,5
3,2,0,1,2,5
3,2,0,1,2,5
3,2,0,1,2,5
3,2,0,1,2,5
3,2,0,1,2,5
3,2,0,1,2,5
3,2,0,1,2,5
3,2,0,1,2,5
3,2,0,1,2,5
3,2,0,1,2,5
0,0,0,0,0,6
0,1,0,0,0,6
0,1,0,0,0,6
0,1,0,1,0,6
0,1,0,1,1,6
1,1,0,1,1,6
1,1,0,1,1,6
1,1,0,1,1,6
1,1,0,1,1,6
1,1,0,1,2,6
2,1,0,1,2,6
2,1,1,1,2,6
2,1,1,1,2,6
2,1,1,1,2,6
2,2,1,0,2,6
2,2,1,0,3,6
2,2,1,0,3,6
2,2,2,0,3,6
2,2,2,0,4,6
2,2,2,1,4,6
2,2,2,1,4,6
2,2,2,1,5,6
2,3,2,1,4,6
3,3,2,1,4,6
3,3,2,1,5,6
3,3,2,1,5,6
3,3,2,1,5,6
3,3,2,1,6,6
3,3,2,1,6,6
3,3,2,1,6,6
3,3,2,1,6,6
3,3,2,1,6,6
3,4,2,1,6,6
3,4,2,1,6,6
3,4,2,1,6,6
3,4,2,1,6,6
3,4,2,1,6,6
3,4,2,2,6,6
3,4,2,2,6,6
3,4,2,2,6,6
3,4,2,2,6,6
3,5,2,2,6,6
3,5,2,2,6,6
3,5,2,2,7,6
3,5,3,2,7,6
3,5,3,2,7,6
3,5,4,2,7,6
3,5,4,2,8,6
3,5,4,2,8,6
3,5,4,2,9,6
3,5,3,3,9,6
3,5,3,3,9,6
3,5,3,4,9,6
3,5,3,4,9,6
3,5,3,4,8,6
3,6,3,3,8,6
3,6,3,3,8,6
3,6,3,3,8,6
3,6,3,3,8,6
4,6,3,3,8,6
4,6,3,3,8,6
4,6,4,3,8,6
4,6,4,3,8,6
4,6,4,3,8,6
4,6,4,4,8,6
4,6,4,4,8,6
4,7,4,4,8,6
4,7,4,4,8,6
4,7,4,4,8,6
4,7,4,4,9,6
4,7,4,4,9,6
4,7,4,4,9,6
4,7,4,4,8,6
5,7,4,4,8,6
5,7,4,4,8,6
5,7,4,4,8,6
5,7,4,4,8,6
5,7,4,5,8,6
5,7,4,5,8,6
5,7,4,5,8,6
5,7,4,5,9,6
5,7,4,5,10,6
5,7,4,5,10,6
5,7,4,5,11,6
5,7,4,5,11,6
5,7,4,5,11,6
5,7,4,5,11,6
5,7,4,5,11,6
6,7,4,5,11,6
6,7,4,5,10,6
6,7,4,5,10,6
6,7,4,5,10,6
6,7,4,5,10,6
6,7,4,5,10,6
7,7,4,5,10,6
7,7,4,5,10,6
7,7,4,5,10,6
7,8,4,5,10,6
7,8,4,5,10,6
7,8,3,6,10,6
0,0,0,0,0,7
0,1,0,0,0,7
0,2,0,0,0,7
0,2,1,0,0,7
0,2,1,0,0,7
1,2,1,0,0,7
2,2,1,0,0,7
2,2,1,1,0,7
2,2,1,1,0,7
2,3,1,1,0,7
2,3,1,1,0,7
3,3,1,1,0,7
3,3,1,1,0,7
3,3,1,1,0,7
3,3,1,1,1,7
3,3,1,1,2,7
3,3,1,1,3,7
3,3,1,1,3,7
3,3,1,1,3,7
3,3,1,1,3,7
3,3,1,1,3,7
3,3,1,1,3,7
3,3,1,1,3,7
3,3,1,1,3,7
3,3,1,1,3,7
3,3,1,1,3,7
3,3,1,1,4,7
3,3,1,1,4,7
3,3,1,1,4,7
3,3,1,1,4,7
3,3,1,1,4,7
3,3,1,1,4,7
3,3,1,1,4,7
3,3,1,1,4,7
3,3,1,1,4,7
3,3,1,1,4,7
3,3,1,1,4,7
3,3,1,1,4,7
3,3,1,1,4,7
4,3,1,1,4,7
4,3,1,1,4,7
4,3,1,1,4,7
4,3,1,1,4,7
4,3,1,1,4,7
4,3,1,1,4,7
4,3,1,1,4,7
4,3,1,1,4,7
4,3,1,1,5,7
4,3,1,1,5,7
4,3,1,1,5,7
4,3,1,1,5,7
4,3,1,1,5,7
4,3,1,1,5,7
4,3,1,1,5,7
4,3,1,1,5,7
4,3,1,1,5,7
4,3,1,1,5,7
4,3,1,1,5,7
4,3,1,1,5,7
4,3,1,1,5,7
4,3,1,1,5,7
4,3,1,1,6,7
4,3,1,1,6,7
4,3,1,1,6,7
4,3,1,1,6,7
4,3,1,1,6,7
4,3,1,1,6,7
4,3,1,1,6,7
4,3,1,1,6,7
4,3,1,1,6,7
4,3,1,1,6,7
4,3,1,1,6,7
4,3,1,1,6,7
4,3,1,1,6,7
4,3,1,1,6,7
4,3,1,1,6,7
4,3,1,1,6,7
4,3,1,1,6,7
4,3,1,1,6,7
4,3,1,1,6,7
4,3,1,1,6,7
4,3,1,1,6,7
4,3,1,1,6,7
4,3,1,1,6,7
4,3,1,1,6,7
4,3,1,1,6,7
4,3,1,1,6,7
4,3,1,1,6,7
4,3,1,1,6,7
4,3,1,1,6,7
4,3,1,1,6,7
4,3,1,1,6,7
4,3,1,1,6,7
4,3,1,1,6,7
4,3,1,1,6,7
4,3,1,1,6,7
4,3,1,1,6,7
4,3,1,1,6,7
4,3,1,1,6,7
4,3,1,1,6,7
0,0,0,0,0,8
0,0,0,0,0,8
0,0,0,0,1,8
0,0,0,0,1,8
0,0,0,1,1,8
0,0,1,1,1,8
0,0,1,1,2,8
1,0,1,1,2,8
1,0,1,1,2,8
1,0,1,1,2,8
1,0,1,1,2,8
1,0,1,1,3,8
1,0,1,1,2,8
1,1,1,0,2,8
1,1,1,0,2,8
1,1,1,0,2,8
2,1,1,0,2,8
2,1,1,0,2,8
2,1,1,0,2,8
2,1,1,1,2,8
2,1,1,1,3,8
2,1,1,1,3,8
2,1,1,1,3,8
2,1,1,1,3,8
3,1,1,1,3,8
3,2,1,1,3,8
3,2,1,1,4,8
3,2,1,1,4,8
3,2,1,1,4,8
3,2,1,1,4,8
3,2,1,1,4,8
3,2,1,1,5,8
3,2,1,1,5,8
3,2,1,1,5,8
3,2,1,1,5,8
3,2,1,1,5,8
3,2,1,1,5,8
3,2,1,1,5,8
3,2,1,1,5,8
3,2,1,1,5,8
3,2,1,1,5,8
3,2,1,1,5,8
3,2,1,1,5,8
3,2,1,1,5,8
3,2,1,1,5,8
3,2,1,1,5,8
3,2,1,1,5,8
3,2,1,1,5,8
3,2,1,1,5,8
3,2,1,1,5,8
3,2,1,1,6,8
3,2,1,1,6,8
3,2,1,1,6,8
3,2,1,1,6,8
3,2,1,1,6,8
3,2,1,1,6,8
3,2,1,1,6,8
3,2,1,1,6,8
3,2,1,1,6,8
3,2,1,1,6,8
3,2,1,1,6,8
3,2,1,1,6,8
3,2,1,1,6,8
3,2,1,1,6,8
3,2,1,1,6,8
3,2,1,1,6,8
3,2,1,1,6,8
3,2,1,1,6,8
3,2,1,1,6,8
3,2,1,1,6,8
3,2,1,1,6,8
3,2,1,1,6,8
3,2,1,1,6,8
3,2,1,1,6,8
3,2,1,1,6,8
3,2,1,1,6,8
3,2,1,1,6,8
3,2,1,1,6,8
3,2,1,1,6,8
3,2,1,1,6,8
3,2,1,1,6,8
3,2,1,1,6,8
3,2,1,1,6,8
3,2,1,1,6,8
3,2,1,1,6,8
3,2,1,1,6,8
3,2,1,1,6,8
3,2,1,1,6,8
3,2,1,1,6,8
3,2,1,1,6,8
3,2,1,1,6,8
3,2,1,1,6,8
3,2,1,1,6,8
3,2,1,1,6,8
3,2,1,1,6,8
3,2,1,1,6,8
3,2,1,1,6,8
3,2,1,1,6,8
3,2,1,1,6,8
3,2,1,1,6,8
0,0,0,0,0,9
0,0,0,1,0,9
0,1,0,1,0,9
0,1,0,1,0,9
0,2,0,1,0,9
0,2,0,1,0,9
0,2,1,1,0,9
0,2,1,1,0,9
0,2,1,1,0,9
0,2,1,1,1,9
0,2,1,1,1,9
0,2,1,1,1,9
1,2,1,1,1,9
1,3,1,1,1,9
1,3,1,1,1,9
1,4,1,1,1,9
1,4,1,1,1,9
1,4,1,1,2,9
2,4,1,1,2,9
2,4,1,2,2,9
2,4,1,2,2,9
2,4,1,2,2,9
3,4,1,2,1,9
3,4,1,2,1,9
3,4,1,2,1,9
4,4,1,2,1,9
4,4,1,2,1,9
4,4,1,2,2,9
4,5,1,2,2,9
4,5,1,2,2,9
4,4,1,2,3,9
4,4,1,2,3,9
4,4,1,2,4,9
3,4,1,3,4,9
3,4,1,3,4,9
3,4,1,3,4,9
3,4,1,3,4,9
3,5,1,3,4,9
3,5,1,3,4,9
3,5,1,3,4,9
3,5,1,3,4,9
3,6,1,3,4,9
3,6,1,3,4,9
3,6,1,4,4,9
3,6,1,4,4,9
3,6,1,4,5,9
3,6,1,4,5,9
4,6,1,3,5,9
4,6,1,3,5,9
4,6,1,3,5,9
4,6,1,3,5,9
4,6,1,3,6,9
4,5,1,3,7,9
4,5,1,3,7,9
4,5,1,3,6,9
4,6,1,3,6,9
4,7,1,3,6,9
4,7,1,3,6,9
4,7,1,3,6,9
3,7,1,3,7,9
3,7,1,3,7,9
3,7,1,3,7,9
3,7,1,4,7,9
3,7,1,4,7,9
3,7,1,4,7,9
3,7,1,4,7,9
3,7,1,4,7,9
3,7,1,4,7,9
3,7,1,5,7,9
3,7,1,5,7,9
3,7,1,5,7,9
3,7,1,5,7,9
3,7,1,5,7,9
3,7,1,5,8,9
3,7,1,5,8,9
4,6,1,5,8,9
4,6,1,5,8,9
4,6,1,5,8,9
4,6,1,5,8,9
4,6,1,5,8,9
4,6,1,5,9,9
4,6,1,5,9,9
4,6,1,5,9,9
4,6,1,4,9,9
4,7,1,4,9,9
4,7,1,4,9,9
4,7,1,4,9,9
4,7,1,4,9,9
4,7,1,4,9,9
4,7,1,4,9,9
4,8,1,4,8,9
4,8,1,4,8,9
4,8,1,4,9,9
4,8,1,4,9,9
4,8,1,4,9,9
4,8,1,4,9,9
4,8,1,4,9,9
4,8,1,5,9,9
4,8,1,5,9,9
4,8,1,5,9,9
0,0,0,0,0,10
0,0,0,0,1,10
0,0,0,0,1,10
0,0,0,0,1,10
0,0,0,0,2,10
0,0,1,0,2,10
0,1,1,0,2,10
0,1,1,0,2,10
0,1,1,0,3,10
0,2,1,0,3,10
0,2,1,0,3,10
0,2,1,0,3,10
0,2,1,0,4,10
0,2,1,0,4,10
0,2,1,1,4,10
0,2,1,1,4,10
0,2,1,1,4,10
1,2,1,1,4,10
1,2,1,1,4,10
1,2,1,1,4,10
1,2,1,1,4,10
1,2,1,1,4,10
1,2,1,1,4,10
1,2,1,1,4,10
1,2,1,1,4,10
1,2,1,1,4,10
1,2,1,1,4,10
1,2,1,1,4,10
1,2,1,1,4,10
1,2,1,1,4,10
1,2,1,1,4,10
1,2,1,1,4,10
1,2,1,1,4,10
1,2,1,1,4,10
1,2,1,1,4,10
1,2,1,1,4,10
1,2,1,1,4,10
1,2,1,1,4,10
1,2,1,1,4,10
1,2,1,1,4,10
1,2,1,1,4,10
1,2,1,1,4,10
1,2,1,1,4,10
1,2,1,1,4,10
1,2,1,1,4,10
1,2,1,1,4,10
1,2,1,1,4,10
1,2,1,1,4,10
1,2,1,1,4,10
1,2,1,1,4,10
1,2,1,1,4,10
1,2,1,1,4,10
1,2,1,1,4,10
1,2,1,1,4,10
1,2,1,1,4,10
1,2,1,1,4,10
1,2,1,1,4,10
1,2,1,1,4,10
1,2,1,1,4,10
1,2,1,1,4,10
1,2,1,1,4,10
1,2,1,1,4,10
1,2,1,1,4,10
1,2,1,1,4,10
1,2,1,1,4,10
1,2,1,1,4,10
1,2,1,1,4,10
1,2,1,1,4,10
1,2,1,1,4,10
1,2,1,1,4,10
1,2,1,1,4,10
1,2,1,1,4,10
1,2,1,1,4,10
1,2,1,1,4,10
1,2,1,1,4,10
1,2,1,1,4,10
1,2,1,1,4,10
1,2,1,1,4,10
1,2,1,1,4,10
1,2,1,1,4,10
1,2,1,1,4,10
1,2,1,1,4,10
1,2,1,1,4,10
1,2,1,1,4,10
1,2,1,1,4,10
1,2,1,1,4,10
1,2,1,1,4,10
1,2,1,1,4,10
1,2,1,1,4,10
1,2,1,1,4,10
1,2,1,1,4,10
1,2,1,1,4,10
1,2,1,1,4,10
1,2,1,1,4,10
1,2,1,1,4,10
1,2,1,1,4,10
1,2,1,1,4,10
1,2,1,1,4,10
1,2,1,1,4,10
1,2,1,1,4,10
0,0,0,0,0,11
0,0,0,0,0,11
0,1,0,0,0,11
1,1,0,0,0,11
1,2,0,0,0,11
1,2,1,0,0,11
1,2,1,1,0,11
1,2,1,1,0,11
1,2,1,1,0,11
1,2,1,2,0,11
1,2,1,2,0,11
1,2,1,2,0,11
1,2,1,2,0,11
1,2,1,2,0,11
1,2,1,2,0,11
1,2,1,2,0,11
1,2,1,2,0,11
1,2,1,2,0,11
1,2,1,2,0,11
1,2,1,2,0,11
1,2,1,2,0,11
1,2,1,2,0,11
1,2,1,2,0,11
1,2,1,2,0,11
1,2,1,2,0,11
1,2,1,2,0,11
1,2,1,2,0,11
1,2,1,2,0,11
1,2,1,2,0,11
1,2,1,2,0,11
1,2,1,2,0,11
1,2,1,2,0,11
1,2,1,2,0,11
1,2,1,2,0,11
1,2,1,2,0,11
1,2,1,2,0,11
1,2,1,2,0,11
1,2,1,2,0,11
1,2,1,2,0,11
1,2,1,2,0,11
1,2,1,2,0,11
1,2,1,2,0,11
1,2,1,2,0,11
1,2,1,2,0,11
1,2,1,2,0,11
1,2,1,2,0,11
1,2,1,2,0,11
1,2,1,2,0,11
1,2,1,2,0,11
1,2,1,2,0,11
1,2,1,2,0,11
1,2,1,2,0,11
1,2,1,2,0,11
1,2,1,2,0,11
1,2,1,2,0,11
1,2,1,2,0,11
1,2,1,2,0,11
1,2,1,2,0,11
1,2,1,2,0,11
1,2,1,2,0,11
1,2,1,2,0,11
1,2,1,2,0,11
1,2,1,2,0,11
1,2,1,2,0,11
1,2,1,2,0,11
1,2,1,2,0,11
1,2,1,2,0,11
1,2,1,2,0,11
1,2,1,2,0,11
1,2,1,2,0,11
1,2,1,2,0,11
1,2,1,2,0,11
1,2,1,2,0,11
1,2,1,2,0,11
1,2,1,2,0,11
1,2,1,2,0,11
1,2,1,2,0,11
1,2,1,2,0,11
1,2,1,2,0,11
1,2,1,2,0,11
1,2,1,2,0,11
1,2,1,2,0,11
1,2,1,2,0,11
1,2,1,2,0,11
1,2,0,2,0,11
1,2,0,2,0,11
1,2,0,2,0,11
1,2,0,2,0,11
1,2,0,2,0,11
1,2,0,2,0,11
1,2,0,2,0,11
1,2,0,2,0,11
1,2,0,2,0,11
1,2,0,2,0,11
1,2,0,2,0,11
1,2,0,2,0,11
1,2,0,2,0,11
1,2,0,2,0,11
1,2,0,2,0,11
1,2,0,2,0,11
0,0,0,0,0,12
0,0,1,0,0,12
0,0,1,1,0,12
1,0,1,1,0,12
1,0,1,1,1,12
1,0,1,1,1,12
1,0,1,1,2,12
1,0,1,1,3,12
1,0,1,1,4,12
1,0,1,1,4,12
1,0,1,1,5,12
1,1,1,1,5,12
1,1,1,1,5,12
1,1,1,1,5,12
1,1,1,1,5,12
1,1,1,1,5,12
1,1,1,1,5,12
1,2,1,1,5,12
2,2,1,1,5,12
2,2,1,1,5,12
2,2,1,1,5,12
2,2,1,1,5,12
2,2,1,1,5,12
2,2,1,1,5,12
2,2,1,1,5,12
3,2,1,1,5,12
3,3,1,1,5,12
3,3,1,1,5,12
3,3,1,1,5,12
3,4,1,1,5,12
2,4,1,1,5,12
2,4,1,1,5,12
3,4,1,1,4,12
3,4,2,1,4,12
3,4,2,1,5,12
3,4,2,1,5,12
4,4,2,0,5,12
4,4,2,0,5,12
4,4,2,0,5,12
4,4,2,0,5,12
4,4,2,0,5,12
4,4,2,0,5,12
4,4,2,0,5,12
4,4,2,0,5,12
4,4,2,0,5,12
4,4,1,0,5,12
4,4,1,0,5,12
4,4,1,0,5,12
4,4,1,0,5,12
4,4,1,0,5,12
4,4,1,0,5,12
4,4,1,0,5,12
4,4,1,0,5,12
4,4,1,0,5,12
4,4,1,0,5,12
4,4,1,0,5,12
4,4,1,0,5,12
4,4,1,0,5,12
4,4,1,0,5,12
4,4,1,0,5,12
4,4,1,0,5,12
4,4,1,0,5,12
4,4,1,0,5,12
4,4,1,0,5,12
4,4,1,0,5,12
4,4,1,0,5,12
4,4,1,0,5,12
4,4,1,0,5,12
4,4,1,0,5,12
4,4,1,0,5,12
4,4,1,0,5,12
4,4,1,0,5,12
4,4,1,0,5,12
4,4,1,0,5,12
4,4,1,0,5,12
4,4,1,0,5,12
4,4,1,0,5,12
4,4,1,0,5,12
4,4,1,0,5,12
4,4,1,0,5,12
4,4,1,0,5,12
4,4,1,0,5,12
4,4,1,0,5,12
4,4,1,0,5,12
4,4,1,0,5,12
4,4,1,0,5,12
4,4,1,0,5,12
4,4,1,0,5,12
4,4,1,0,5,12
4,4,1,0,5,12
4,4,1,0,5,12
4,4,1,0,5,12
4,4,1,0,5,12
4,4,1,0,5,12
4,4,1,0,5,12
4,4,1,0,5,12
4,4,1,0,5,12
4,4,1,0,5,12
4,4,1,0,5,12
4,4,1,0,5,12
0,0,0,0,0,13
1,0,0,0,0,13
1,0,0,0,1,13
1,0,0,0,1,13
1,0,0,0,1,13
1,0,0,1,1,13
1,0,0,1,1,13
1,1,0,1,1,13
1,1,0,1,1,13
1,2,0,1,1,13
1,2,0,1,1,13
1,3,0,1,1,13
1,3,0,1,1,13
1,4,0,1,1,13
1,4,0,1,1,13
1,4,0,1,1,13
1,4,0,1,1,13
1,4,0,1,1,13
1,4,0,1,1,13
1,4,0,1,1,13
1,4,0,1,1,13
1,4,0,1,1,13
1,4,0,1,1,13
1,4,0,1,1,13
1,4,0,1,1,13
1,4,0,1,1,13
1,4,0,1,1,13
1,4,0,1,1,13
1,4,0,1,1,13
1,4,0,1,1,13
1,4,0,1,1,13
1,4,0,1,1,13
1,4,0,1,1,13
1,4,0,1,1,13
1,4,0,1,1,13
1,4,0,1,1,13
1,4,0,1,1,13
1,4,0,1,1,13
1,4,0,1,1,13
1,4,0,1,1,13
1,4,0,1,1,13
1,4,0,1,1,13
1,4,0,1,1,13
1,4,0,1,1,13
1,4,0,1,1,13
1,4,0,1,1,13
1,4,0,1,1,13
1,4,0,1,1,13
1,4,0,1,1,13
1,4,0,1,1,13
1,4,0,1,1,13
1,4,0,1,1,13
1,4,0,1,1,13
1,4,0,1,1,13
1,4,0,1,1,13
1,4,0,1,1,13
1,4,0,1,1,13
1,4,0,1,1,13
1,4,0,1,1,13
1,4,0,1,1,13
1,4,0,1,1,13
1,4,0,1,1,13
1,4,0,1,1,13
1,4,0,1,1,13
1,4,0,1,1,13
1,4,0,1,1,13
1,4,0,1,1,13
1,4,0,1,1,13
1,4,0,1,1,13
1,4,0,1,1,13
1,4,0,1,1,13
1,4,0,1,1,13
1,4,0,1,1,13
1,4,0,1,1,13
1,4,0,1,1,13
1,4,0,0,1,13
1,4,0,0,1,13
1,4,0,0,1,13
1,4,0,0,1,13
1,4,0,0,1,13
1,4,0,0,1,13
1,4,0,0,1,13
1,4,0,0,1,13
1,4,0,0,1,13
1,4,0,0,1,13
1,4,0,0,1,13
1,4,0,0,1,13
1,4,0,0,1,13
1,4,0,0,1,13
1,4,0,0,1,13
1,4,0,0,1,13
1,4,0,0,1,13
1,4,0,0,1,13
1,4,0,0,1,13
1,4,0,0,1,13
1,4,0,0,1,13
1,4,0,0,1,13
1,4,0,0,1,13
1,4,0,0,1,13
1,4,0,0,1,13
0,0,0,0,0,14
0,0,0,0,0,14
0,0,0,0,0,14
0,0,0,0,0,14
0,1,0,0,0,14
1,1,0,0,0,14
1,1,0,1,0,14
1,2,0,1,0,14
1,2,1,1,0,14
1,2,1,1,0,14
1,2,1,1,1,14
1,3,1,1,1,14
1,3,1,1,1,14
1,3,1,1,1,14
2,3,1,1,1,14
2,3,1,1,1,14
2,3,1,1,2,14
2,3,1,1,2,14
2,3,1,1,2,14
2,3,1,1,2,14
2,3,1,1,2,14
2,3,1,1,2,14
2,3,1,1,2,14
2,3,1,1,2,14
2,3,1,1,2,14
2,3,1,1,2,14
2,3,1,1,2,14
2,3,1,1,2,14
2,3,1,1,2,14
2,3,1,1,2,14
2,3,1,1,2,14
2,3,1,1,2,14
2,3,1,1,2,14
2,3,1,1,2,14
2,3,1,1,2,14
2,3,1,1,2,14
2,3,1,1,2,14
2,3,1,1,2,14
2,3,1,1,2,14
2,3,1,1,2,14
2,3,1,1,2,14
2,2,1,1,2,14
2,2,1,1,2,14
2,2,1,1,2,14
2,2,1,1,2,14
2,2,1,1,2,14
2,2,1,1,2,14
2,2,1,1,2,14
2,2,1,1,2,14
2,2,1,1,2,14
2,2,1,1,2,14
2,2,1,1,2,14
2,2,1,1,2,14
2,2,1,1,2,14
2,2,1,1,2,14
2,2,1,1,2,14
2,2,1,1,2,14
2,2,1,1,2,14
2,2,1,1,2,14
2,2,1,1,2,14
2,2,1,1,2,14
2,2,1,1,2,14
2,2,1,1,2,14
2,2,1,1,2,14
2,2,1,1,2,14
2,2,1,1,1,14
2,2,1,1,1,14
2,2,1,1,1,14
2,2,1,1,1,14
2,2,1,1,1,14
2,2,1,1,1,14
2,2,1,1,1,14
2,2,1,1,1,14
2,2,1,1,1,14
2,2,1,1,1,14
2,2,1,1,1,14
2,2,1,1,1,14
2,2,1,1,1,14
2,2,1,1,1,14
2,1,1,1,1,14
2,1,1,1,1,14
2,1,1,1,1,14
2,1,1,1,1,14
2,1,1,1,1,14
2,1,1,1,1,14
2,1,1,1,1,14
2,1,1,1,1,14
2,1,1,1,1,14
2,1,1,1,1,14
2,1,1,1,1,14
2,1,1,1,1,14
2,1,1,1,1,14
2,1,1,1,1,14
2,1,1,1,1,14
2,1,1,1,1,14
2,1,1,1,1,14
2,1,1,1,1,14
2,1,1,1,1,14
2,1,1,1,1,14
2,1,1,1,1,14
0,0,0,0,0,15
0,0,1,0,0,15
0,0,1,0,0,15
0,0,1,0,0,15
0,0,1,0,1,15
0,0,1,0,1,15
0,0,1,0,2,15
0,0,1,0,3,15
0,1,1,0,3,15
0,1,1,0,3,15
0,1,1,0,3,15
0,1,1,0,3,15
0,1,1,0,3,15
0,1,1,0,3,15
0,1,1,0,3,15
1,1,1,0,3,15
1,1,1,0,3,15
1,1,1,0,3,15
2,1,1,0,3,15
2,1,1,0,3,15
2,1,1,0,3,15
2,1,1,0,3,15
2,1,1,0,3,15
2,1,1,0,3,15
2,1,1,0,3,15
2,1,1,0,3,15
2,1,1,0,3,15
2,1,1,0,3,15
2,1,1,0,3,15
2,1,1,0,3,15
2,1,1,0,3,15
2,1,1,0,3,15
2,1,1,0,3,15
2,1,1,0,3,15
2,1,1,0,3,15
2,1,1,0,3,15
2,1,1,0,3,15
2,1,1,0,3,15
2,1,1,0,3,15
2,1,1,0,3,15
2,1,1,0,3,15
2,1,1,0,3,15
2,1,1,0,3,15
2,1,1,0,3,15
2,1,1,0,3,15
2,1,1,0,3,15
2,1,1,0,3,15
2,1,1,0,3,15
2,1,1,0,3,15
2,1,1,0,3,15
2,1,1,0,3,15
2,1,1,0,3,15
2,1,1,0,3,15
2,1,1,0,3,15
2,1,1,0,3,15
2,1,1,0,3,15
2,1,1,0,3,15
2,1,1,0,3,15
2,1,1,0,3,15
2,1,1,0,3,15
2,1,1,0,3,15
2,1,1,0,3,15
2,1,1,0,3,15
2,1,1,0,3,15
2,1,1,0,3,15
2,1,1,0,3,15
2,1,1,0,3,15
2,1,1,0,3,15
2,1,1,0,3,15
2,1,1,0,3,15
2,1,1,0,3,15
2,1,1,0,3,15
2,1,1,0,3,15
2,1,1,0,3,15
2,1,1,0,3,15
2,1,1,0,3,15
2,1,1,0,3,15
2,1,1,0,3,15
2,1,1,0,3,15
2,1,1,0,3,15
2,1,1,0,3,15
2,1,1,0,3,15
2,1,1,0,3,15
2,1,1,0,3,15
2,1,1,0,3,15
2,1,1,0,3,15
2,1,1,0,3,15
2,1,1,0,3,15
2,1,1,0,3,15
2,1,1,0,3,15
2,1,1,0,3,15
2,1,1,0,3,15
2,1,1,0,3,15
2,1,1,0,3,15
2,1,1,0,3,15
2,1,1,0,3,15
2,1,1,0,3,15
2,1,1,0,3,15
2,1,1,0,3,15
2,1,1,0,3,15
0,0,0,0,0,16
1,0,0,0,0,16
2,0,0,0,0,16
2,0,0,0,0,16
2,0,1,0,0,16
2,0,1,0,1,16
2,0,1,1,1,16
2,1,1,1,1,16
3,1,1,1,1,16
3,1,1,1,1,16
3,1,1,1,1,16
3,2,1,1,1,16
4,2,1,1,0,16
4,2,1,1,1,16
4,3,1,1,1,16
4,3,1,2,1,16
4,3,2,2,1,16
4,3,2,2,1,16
4,3,2,3,1,16
4,3,2,3,1,16
4,3,2,3,2,16
5,2,2,3,2,16
5,2,2,3,2,16
5,3,2,3,2,16
5,3,3,3,2,16
5,3,2,4,2,16
6,3,2,4,2,16
7,3,2,4,2,16
7,3,2,5,2,16
8,3,2,5,2,16
8,3,2,5,3,16
8,3,2,5,3,16
8,4,2,5,3,16
8,4,3,5,3,16
8,4,3,6,3,16
8,5,3,6,3,16
8,5,3,6,3,16
8,5,3,6,4,16
8,5,3,7,4,16
8,5,3,7,4,16
8,5,3,8,4,16
8,5,2,8,4,16
8,5,2,8,4,16
8,5,3,7,4,16
8,5,4,7,4,16
9,5,4,7,4,16
9,5,4,7,4,16
9,5,5,7,4,16
9,5,5,7,4,16
9,5,5,7,4,16
9,5,5,8,4,16
9,5,5,8,5,16
9,5,5,8,6,16
9,6,5,8,6,16
9,6,5,8,6,16
9,7,5,8,6,16
9,7,6,8,5,16
9,7,6,9,5,16
10,7,6,8,5,16
10,7,6,8,5,16
10,8,6,8,5,16
10,8,6,8,6,16
10,8,6,8,5,16
11,8,6,8,5,16
10,8,7,8,5,16
10,8,7,8,6,16
10,8,8,8,6,16
10,8,8,8,6,16
10,8,8,8,6,16
10,8,8,8,6,16
10,8,7,8,7,16
10,8,7,8,7,16
10,8,7,8,7,16
10,8,6,8,7,16
10,8,6,8,7,16
10,8,6,8,7,16
10,8,6,8,7,16
10,9,5,8,7,16
10,10,5,8,7,16
10,11,5,8,7,16
11,11,5,8,7,16
10,11,6,8,7,16
10,10,6,8,8,16
10,11,6,8,8,16
11,10,6,8,8,16
11,10,6,8,8,16
11,10,6,8,8,16
11,10,6,8,8,16
11,10,6,8,8,16
11,10,6,9,7,16
11,10,7,9,7,16
11,10,7,9,7,16
10,10,7,9,7,16
11,10,7,8,7,16
11,10,7,8,7,16
10,10,7,9,7,16
10,9,7,10,7,16
10,9,7,10,8,16
10,9,7,10,8,16
10,8,7,10,8,16
0,0,0,0,0,17
0,0,0,0,0,17
0,0,0,0,0,17
0,0,0,0,0,17
0,0,1,0,0,17
1,0,1,0,0,17
1,0,1,0,0,17
1,0,1,0,0,17
1,0,1,0,0,17
2,0,1,0,0,17
2,0,1,0,0,17
2,0,1,0,0,17
2,0,1,0,0,17
2,0,1,0,1,17
1,0,1,0,2,17
1,0,1,0,2,17
0,0,0,0,0,18
0,0,1,0,0,18
0,0,1,0,0,18
0,0,1,1,0,18
0,1,1,1,0,18
0,1,1,1,1,18
0,2,1,1,1,18
0,2,1,1,1,18
0,2,1,1,1,18
1,2,1,1,1,18
1,2,1,1,1,18
1,2,1,1,1,18
2,2,1,1,1,18
2,2,1,1,1,18
2,2,1,1,2,18
2,2,1,1,2,18
2,3,1,1,2,18
2,3,1,1,2,18
2,3,1,1,2,18
2,3,1,1,2,18
2,3,1,1,2,18
2,3,1,1,2,18
2,3,1,1,2,18
2,3,1,1,2,18
2,3,1,1,2,18
2,3,1,1,2,18
2,3,1,1,2,18
2,3,1,1,2,18
2,3,1,1,2,18
2,3,1,1,2,18
2,3,1,1,2,18
2,3,1,1,2,18
2,3,1,1,2,18
2,3,1,1,2,18
2,3,1,1,2,18
2,3,1,1,2,18
2,3,1,1,2,18
2,3,1,1,2,18
2,3,1,1,2,18
2,3,1,1,2,18
2,3,1,1,2,18
2,3,1,1,2,18
2,3,1,1,2,18
2,3,1,1,2,18
2,3,1,1,2,18
2,3,1,1,2,18
2,3,1,1,2,18
2,3,1,1,2,18
2,3,1,1,2,18
2,3,1,1,2,18
2,3,1,1,2,18
2,3,1,1,2,18
2,3,1,1,2,18
2,3,1,1,2,18
2,3,1,1,2,18
2,3,1,1,2,18
2,3,1,1,2,18
2,3,1,1,2,18
2,3,1,1,2,18
2,3,1,1,2,18
2,3,1,1,2,18
2,3,1,1,2,18
2,3,1,1,2,18
2,3,1,1,2,18
2,3,1,1,2,18
2,3,1,1,2,18
2,3,1,1,2,18
2,3,1,1,2,18
2,3,1,1,2,18
2,3,1,1,2,18
2,3,1,1,2,18
2,3,1,1,2,18
2,3,1,1,2,18
2,3,1,1,2,18
1,3,1,1,2,18
1,3,1,1,2,18
1,3,1,1,2,18
1,3,1,1,2,18
1,3,1,1,2,18
1,3,1,1,2,18
1,3,1,1,2,18
1,3,1,1,2,18
1,3,1,1,2,18
1,3,1,1,2,18
1,3,1,1,2,18
1,3,1,1,2,18
1,3,1,1,2,18
1,3,1,1,2,18
1,3,1,1,2,18
1,3,1,1,2,18
1,3,1,1,2,18
1,3,1,1,2,18
1,3,1,1,2,18
1,3,1,1,2,18
1,3,1,1,2,18
1,3,1,1,2,18
1,3,1,1,2,18
1,3,1,1,2,18
1,3,1,1,2,18
1,3,1,1,2,18
0,0,0,0,0,19
0,0,0,1,0,19
0,0,1,1,0,19
0,0,1,1,1,19
0,1,1,1,1,19
0,1,1,1,1,19
0,1,1,1,2,19
0,2,1,1,1,19
0,2,1,1,2,19
0,2,1,1,2,19
0,2,1,1,3,19
1,2,1,1,3,19
2,2,1,1,3,19
2,2,1,1,3,19
2,2,1,1,3,19
2,2,1,1,3,19
2,2,1,1,3,19
2,2,1,1,3,19
2,2,1,1,3,19
2,2,1,1,3,19
2,2,1,1,3,19
2,2,1,1,3,19
2,2,1,1,3,19
2,2,1,1,3,19
2,2,1,1,3,19
2,2,1,1,2,19
2,2,1,1,2,19
2,2,1,1,2,19
2,2,1,1,2,19
2,2,1,1,2,19
2,2,1,1,2,19
2,2,1,1,2,19
2,2,1,1,2,19
2,2,1,1,2,19
2,2,1,1,2,19
2,2,1,1,2,19
2,2,1,1,2,19
2,2,1,1,2,19
2,2,1,1,2,19
2,2,1,1,2,19
2,2,1,1,2,19
2,2,1,1,2,19
2,2,1,1,2,19
2,2,1,1,2,19
2,2,1,1,2,19
2,2,1,1,2,19
2,2,1,1,2,19
2,2,1,1,2,19
2,2,1,1,2,19
2,2,1,1,2,19
2,2,1,1,2,19
2,2,1,1,2,19
2,2,1,1,2,19
2,2,1,1,2,19
2,2,1,1,2,19
2,2,1,1,2,19
2,2,1,1,2,19
2,2,1,1,2,19
2,2,1,1,2,19
2,2,1,1,2,19
2,2,1,1,2,19
2,2,1,1,2,19
2,2,1,1,2,19
2,2,1,1,2,19
2,2,1,1,2,19
2,2,1,1,2,19
2,2,1,1,2,19
2,2,1,1,2,19
2,2,1,1,2,19
2,2,1,1,2,19
2,2,1,1,2,19
2,2,0,1,2,19
2,2,1,1,2,19
2,2,1,1,2,19
2,2,1,1,2,19
2,2,1,1,2,19
2,2,1,1,2,19
2,2,1,1,2,19
2,2,1,1,2,19
2,2,1,1,2,19
2,2,1,1,2,19
2,2,1,1,2,19
2,2,1,1,2,19
2,2,1,1,2,19
2,2,1,1,2,19
2,2,1,1,2,19
2,2,1,1,2,19
2,2,1,1,2,19
2,2,1,1,2,19
2,2,1,1,2,19
2,2,1,1,2,19
2,2,1,1,2,19
2,2,1,1,2,19
2,2,1,1,2,19
2,2,1,1,2,19
2,2,1,1,2,19
2,2,1,1,2,19
2,2,1,1,2,19
2,2,1,1,2,19
2,2,1,1,2,19
0,0,0,0,0,20
0,1,0,0,0,20
0,1,0,0,1,20
0,1,1,0,1,20
0,1,1,1,1,20
0,1,1,1,1,20
0,1,1,1,1,20
0,1,1,1,1,20
0,2,1,1,1,20
0,2,1,1,1,20
0,2,1,1,1,20
0,2,1,1,1,20
0,2,1,1,2,20
0,2,1,1,2,20
0,2,1,1,2,20
0,2,1,1,2,20
0,2,1,1,2,20
0,2,1,1,2,20
0,2,1,1,2,20
0,2,1,1,2,20
0,2,1,1,3,20
0,2,1,1,3,20
0,2,1,1,3,20
1,2,1,1,3,20
1,2,1,1,3,20
1,2,1,1,3,20
1,2,1,1,3,20
1,2,1,1,3,20
1,2,1,1,4,20
1,2,1,1,4,20
1,2,1,1,4,20
1,2,1,1,4,20
1,2,1,1,4,20
1,2,1,1,4,20
1,2,1,1,4,20
1,2,1,1,4,20
1,2,1,1,5,20
1,2,1,1,5,20
1,2,1,1,5,20
1,2,1,1,5,20
1,2,1,1,5,20
1,2,1,1,5,20
1,2,1,1,5,20
2,2,1,1,5,20
2,2,1,1,5,20
2,2,1,1,5,20
2,2,1,1,5,20
2,2,1,1,5,20
2,2,1,1,5,20
2,2,1,1,5,20
2,2,1,1,5,20
2,2,1,1,5,20
2,2,1,1,5,20
2,2,1,1,5,20
2,2,1,1,5,20
2,2,1,1,5,20
2,2,1,1,5,20
2,2,1,1,5,20
2,2,1,1,5,20
2,2,1,1,5,20
3,2,1,1,5,20
3,2,1,1,5,20
3,2,1,1,5,20
3,2,1,1,5,20
3,2,1,1,5,20
3,2,1,1,5,20
3,2,1,1,5,20
3,2,1,1,5,20
3,2,1,1,5,20
3,2,1,1,5,20
3,2,1,1,5,20
3,2,1,1,5,20
3,2,1,1,5,20
3,2,1,1,5,20
3,2,1,1,5,20
3,2,1,1,5,20
3,2,1,1,5,20
3,2,1,1,5,20
3,2,1,1,5,20
3,2,1,1,5,20
3,2,1,1,5,20
3,2,1,1,5,20
3,2,1,1,6,20
3,2,1,1,6,20
3,2,1,1,6,20
3,2,1,1,6,20
3,2,1,1,6,20
3,2,1,1,6,20
3,2,1,1,6,20
3,2,1,1,6,20
3,2,1,1,6,20
3,2,1,1,6,20
3,2,1,1,6,20
3,2,1,1,6,20
3,2,1,1,6,20
3,2,1,1,6,20
3,2,1,1,6,20
3,2,1,1,6,20
3,2,1,1,6,20
3,2,1,1,6,20
0,0,0,0,0,21
0,0,0,0,0,21
1,0,0,0,0,21
1,0,0,0,1,21
1,0,0,1,1,21
1,0,1,1,1,21
1,1,1,1,1,21
1,2,1,1,1,21
1,2,1,1,2,21
1,2,1,1,2,21
1,2,1,1,2,21
1,2,1,1,2,21
1,2,1,1,2,21
1,2,1,1,2,21
1,2,1,1,2,21
1,2,1,1,2,21
1,2,1,1,2,21
1,2,1,1,2,21
1,2,1,1,2,21
1,2,1,1,2,21
1,2,1,1,2,21
1,2,1,1,2,21
1,2,1,1,2,21
1,2,1,1,2,21
1,2,1,1,2,21
1,2,1,1,2,21
1,2,1,1,2,21
1,2,1,1,2,21
1,2,1,1,2,21
1,2,1,1,2,21
1,2,1,1,2,21
1,2,1,1,2,21
1,2,1,1,2,21
1,2,1,1,2,21
1,2,0,1,2,21
1,2,0,1,2,21
1,2,0,1,2,21
1,2,0,1,2,21
1,2,0,1,2,21
1,2,0,1,2,21
1,2,0,1,2,21
1,2,0,1,2,21
1,2,0,1,2,21
1,2,0,1,2,21
1,2,0,1,2,21
1,2,0,1,2,21
1,2,0,1,2,21
1,2,0,1,2,21
1,2,0,1,2,21
1,2,0,1,2,21
1,2,0,1,2,21
1,2,0,1,2,21
1,2,0,1,2,21
1,2,0,1,2,21
1,2,0,1,2,21
1,2,0,1,2,21
1,2,0,1,2,21
1,2,0,1,2,21
0,2,0,1,2,21
0,2,0,1,2,21
1,2,0,1,2,21
1,2,0,1,2,21
1,2,0,1,2,21
1,2,0,1,2,21
1,2,0,1,2,21
1,2,0,1,2,21
1,2,0,1,2,21
1,2,0,1,2,21
1,2,0,1,2,21
1,2,0,1,2,21
1,2,0,1,2,21
1,2,0,1,2,21
1,2,0,1,2,21
1,2,0,1,2,21
1,2,0,1,2,21
1,2,0,1,2,21
1,2,0,1,2,21
1,2,0,1,2,21
1,2,0,1,2,21
1,2,0,1,2,21
1,2,0,1,2,21
1,2,0,1,2,21
1,2,0,1,2,21
1,2,0,1,2,21
1,2,0,1,2,21
1,2,0,1,2,21
1,2,0,1,2,21
1,2,0,1,2,21
1,2,0,1,2,21
1,2,0,1,2,21
1,2,0,1,2,21
1,2,0,1,2,21
1,2,0,1,2,21
1,2,0,1,2,21
1,2,0,1,2,21
1,2,0,1,2,21
1,2,0,1,2,21
1,2,0,1,2,21
1,2,0,1,2,21
1,2,0,1,2,21
0,0,0,0,0,22
0,0,0,0,0,22
0,0,0,0,0,22
0,0,0,0,1,22
0,0,0,0,1,22
1,0,0,0,1,22
1,0,1,0,1,22
2,0,1,0,1,22
2,0,1,0,1,22
2,0,1,0,1,22
2,0,1,0,2,22
2,0,1,0,3,22
2,0,1,0,3,22
2,0,1,0,3,22
2,1,1,0,3,22
2,1,1,0,3,22
2,1,1,0,3,22
2,1,1,0,3,22
2,1,1,0,3,22
2,1,1,0,3,22
2,1,1,0,3,22
2,1,1,0,3,22
2,1,1,0,3,22
2,1,1,0,3,22
2,1,1,0,3,22
2,1,1,0,3,22
2,1,1,0,3,22
2,1,1,0,3,22
2,1,1,0,3,22
2,1,1,0,3,22
2,1,1,0,3,22
2,1,1,0,3,22
2,1,1,0,3,22
2,1,1,0,3,22
2,1,1,0,3,22
2,1,1,0,3,22
2,1,1,0,3,22
2,1,1,0,3,22
2,1,1,0,3,22
2,1,1,0,3,22
2,1,1,0,3,22
2,1,1,0,3,22
2,1,1,0,3,22
2,1,1,0,3,22
2,1,1,0,3,22
2,1,1,0,3,22
2,1,1,0,3,22
2,1,1,0,3,22
2,1,1,0,3,22
2,1,1,0,3,22
2,1,1,0,3,22
2,1,1,0,3,22
2,1,1,0,3,22
2,1,1,0,3,22
2,1,1,0,3,22
2,1,1,0,3,22
2,1,1,0,3,22
2,1,1,0,3,22
2,1,1,0,3,22
2,1,1,0,3,22
2,1,1,0,3,22
2,1,1,0,3,22
2,1,1,0,3,22
2,1,1,0,3,22
2,1,1,0,3,22
2,1,1,0,3,22
2,1,1,0,3,22
2,1,1,0,3,22
2,1,1,0,3,22
2,1,1,0,3,22
2,1,1,0,3,22
2,1,1,0,3,22
2,1,1,0,3,22
2,1,1,0,3,22
2,1,1,0,3,22
2,1,1,0,3,22
2,1,1,0,3,22
2,1,1,0,3,22
2,1,1,0,3,22
2,1,1,0,3,22
2,1,1,0,3,22
2,1,1,0,3,22
2,1,1,0,3,22
2,1,1,0,3,22
2,1,1,0,3,22
2,1,1,0,3,22
2,1,1,0,3,22
2,1,1,0,3,22
2,1,1,0,3,22
2,1,1,0,3,22
2,1,1,0,3,22
2,1,1,0,3,22
2,1,1,0,3,22
2,1,1,0,3,22
2,1,1,0,3,22
2,1,1,0,3,22
2,1,1,0,3,22
2,1,1,0,3,22
2,1,1,0,3,22
2,1,1,0,3,22
0,0,0,0,0,23
1,0,0,0,0,23
1,0,0,0,1,23
1,0,1,0,1,23
1,0,1,0,1,23
1,0,1,0,1,23
1,0,1,0,2,23
1,0,1,1,2,23
1,0,1,1,2,23
1,0,1,1,3,23
1,0,1,1,3,23
1,0,1,1,3,23
1,0,1,1,3,23
1,0,1,1,3,23
1,0,1,1,3,23
1,0,1,1,3,23
1,0,1,1,3,23
1,0,1,1,3,23
0,0,0,0,0,24
0,0,0,0,1,24
0,0,0,1,1,24
0,0,1,1,1,24
1,0,1,1,1,24
1,0,1,1,1,24
2,0,1,1,1,24
3,0,1,1,1,24
4,0,1,1,1,24
4,0,1,1,1,24
4,0,1,1,1,24
4,0,1,1,2,24
4,0,1,1,2,24
4,0,1,1,2,24
4,0,1,1,2,24
4,0,1,1,2,24
4,0,1,1,2,24
0,0,0,0,0,25
0,0,0,0,0,25
0,0,0,1,0,25
0,0,0,1,1,25
0,0,1,1,1,25
0,0,1,1,1,25
0,0,1,1,1,25
0,0,1,1,1,25
0,0,1,1,1,25
0,0,1,1,1,25
0,0,1,1,1,25
1,0,1,1,1,25
1,0,1,1,2,25
1,0,1,1,2,25
1,0,1,1,2,25
1,1,1,1,2,25
1,1,1,1,2,25
1,1,1,1,2,25
1,1,1,1,2,25
1,1,1,1,2,25
1,1,1,1,2,25
1,1,1,1,2,25
1,1,1,1,2,25
1,1,1,1,2,25
1,1,1,1,2,25
1,1,1,1,2,25
1,1,1,1,2,25
1,1,1,1,2,25
1,1,1,1,2,25
1,1,1,1,2,25
1,1,1,1,2,25
1,1,1,1,2,25
1,1,1,1,2,25
1,1,1,1,2,25
1,1,1,1,2,25
1,1,1,1,2,25
1,1,1,1,2,25
1,1,1,1,2,25
1,1,1,1,2,25
1,1,1,1,2,25
1,1,1,1,2,25
1,1,1,1,2,25
1,1,1,1,2,25
1,1,1,1,2,25
1,1,1,1,2,25
1,1,1,1,2,25
1,1,1,1,2,25
1,1,1,1,2,25
1,1,1,1,2,25
1,1,1,1,2,25
1,1,1,1,2,25
1,1,1,1,2,25
1,1,1,1,2,25
1,1,1,1,2,25
1,1,1,1,2,25
1,1,1,1,2,25
1,1,1,1,2,25
1,1,1,1,2,25
1,1,1,1,2,25
1,1,1,1,2,25
1,1,1,1,2,25
1,1,1,1,2,25
1,1,1,1,2,25
1,1,1,1,2,25
1,1,1,1,2,25
1,1,1,1,2,25
1,1,1,1,2,25
1,1,1,1,2,25
1,1,1,1,2,25
1,1,1,1,2,25
1,1,1,1,2,25
1,1,1,1,2,25
1,1,1,1,2,25
1,1,1,1,2,25
1,1,1,1,2,25
1,1,1,1,2,25
1,1,1,1,2,25
1,1,1,1,2,25
1,1,1,1,2,25
1,1,1,1,2,25
1,1,1,1,2,25
1,1,1,1,2,25
1,1,1,1,2,25
1,1,1,1,2,25
1,1,1,1,2,25
1,1,1,1,2,25
1,1,1,1,2,25
1,1,1,1,2,25
1,1,1,1,2,25
1,1,1,1,2,25
1,1,1,1,2,25
1,1,1,1,2,25
1,1,1,1,2,25
1,1,1,1,2,25
1,1,1,1,2,25
1,1,1,1,2,25
1,1,1,1,2,25
1,1,1,1,2,25
1,1,1,1,2,25
1,1,1,1,2,25
0,0,0,0,0,26
0,0,0,0,0,26
1,0,0,0,0,26
1,1,0,0,0,26
1,2,0,0,0,26
1,2,1,0,0,26
1,2,1,0,1,26
1,3,1,0,1,26
1,3,1,0,1,26
1,3,1,0,1,26
1,3,1,0,1,26
1,3,1,0,1,26
1,3,1,0,1,26
1,3,1,0,1,26
1,3,1,0,1,26
1,3,1,0,1,26
1,3,1,0,1,26
1,3,1,0,1,26
1,3,1,0,1,26
1,3,1,0,1,26
1,3,1,0,1,26
1,3,1,0,1,26
1,3,1,0,1,26
1,3,1,0,1,26
1,3,1,0,1,26
1,3,1,0,1,26
1,3,1,0,1,26
1,3,1,0,1,26
1,3,1,0,1,26
1,3,1,0,1,26
1,3,1,0,1,26
1,3,1,0,1,26
1,3,1,0,1,26
1,3,1,0,1,26
1,3,1,0,1,26
1,3,1,0,1,26
1,3,1,0,1,26
1,3,1,0,1,26
1,3,1,0,1,26
1,3,1,0,1,26
1,3,1,0,1,26
1,3,1,0,1,26
1,3,1,0,1,26
1,3,1,0,1,26
1,3,1,0,1,26
1,3,1,0,1,26
1,3,1,0,1,26
1,3,1,0,1,26
1,3,1,0,1,26
1,3,1,0,1,26
1,3,1,0,1,26
1,3,1,0,1,26
1,3,1,0,1,26
1,3,1,0,1,26
1,3,1,0,1,26
1,3,1,0,1,26
1,3,1,0,1,26
1,3,1,0,1,26
1,3,1,0,1,26
1,3,1,0,1,26
1,3,1,0,1,26
1,3,1,0,1,26
1,3,1,0,1,26
1,3,1,0,1,26
1,3,1,0,1,26
1,3,1,0,1,26
1,3,1,0,1,26
1,3,1,0,1,26
1,3,1,0,1,26
1,3,1,0,1,26
1,3,1,0,1,26
1,3,1,0,1,26
1,3,1,0,1,26
1,3,1,0,1,26
1,3,1,0,1,26
1,3,1,0,1,26
1,3,1,0,1,26
1,3,1,0,1,26
1,3,1,0,1,26
1,3,1,0,1,26
1,3,1,0,1,26
1,3,1,0,1,26
1,3,1,0,1,26
1,3,1,0,1,26
1,3,1,0,1,26
1,3,1,0,1,26
1,3,1,0,1,26
1,3,1,0,1,26
1,3,1,0,1,26
1,3,1,0,1,26
1,3,1,0,1,26
1,3,1,0,1,26
1,3,0,0,1,26
1,3,0,0,1,26
1,3,0,0,1,26
1,3,0,0,1,26
1,3,0,0,1,26
1,3,0,0,1,26
1,3,0,0,1,26
1,3,0,0,1,26
0,0,0,0,0,27
1,0,0,0,0,27
1,0,1,0,0,27
2,0,1,0,0,27
2,0,1,1,0,27
2,0,1,1,1,27
1,0,1,1,2,27
1,0,1,1,2,27
2,0,1,1,2,27
2,1,1,1,2,27
2,1,1,1,2,27
2,1,1,1,2,27
2,1,1,1,2,27
2,1,1,1,2,27
2,1,1,1,2,27
2,1,1,1,2,27
2,1,1,1,2,27
0,0,0,0,0,28
0,0,0,1,0,28
0,0,0,1,0,28
0,0,0,1,1,28
0,0,1,1,1,28
0,0,1,1,1,28
0,0,1,1,1,28
0,0,1,1,2,28
0,0,1,1,3,28
0,0,1,1,3,28
1,0,1,1,3,28
1,1,1,1,3,28
1,1,1,1,3,28
1,1,1,1,3,28
2,1,1,1,3,28
2,1,1,1,3,28
2,1,1,1,3,28
2,1,1,1,3,28
2,1,1,1,3,28
0,0,0,0,0,29
0,1,0,0,0,29
0,1,0,0,0,29
0,1,0,0,0,29
1,1,0,0,0,29
1,1,1,0,0,29
1,1,1,1,0,29
2,1,1,1,0,29
2,1,1,1,0,29
2,1,1,1,0,29
2,1,1,1,0,29
3,1,1,1,0,29
3,1,1,1,0,29
3,1,1,1,0,29
3,1,1,1,0,29
4,1,1,1,0,29
4,1,1,1,0,29
4,1,1,1,0,29
4,1,1,1,1,29
4,1,1,1,2,29
4,2,1,1,2,29
4,3,1,1,2,29
4,3,1,1,2,29
4,3,1,1,2,29
4,3,1,1,2,29
4,3,1,1,2,29
4,3,2,1,2,29
5,3,2,1,2,29
5,4,2,1,2,29
5,4,2,2,2,29
5,4,2,2,2,29
5,4,2,2,2,29
5,4,2,2,3,29
5,4,2,2,3,29
5,4,2,2,3,29
5,4,3,2,3,29
5,4,3,2,3,29
5,4,3,3,3,29
5,4,3,3,4,29
5,4,3,3,4,29
5,4,4,3,4,29
5,5,4,2,4,29
5,5,4,2,4,29
5,6,4,2,4,29
5,6,3,2,4,29
5,6,3,2,3,29
5,6,4,2,3,29
5,6,5,2,3,29
5,6,5,2,3,29
5,6,6,2,3,29
5,6,6,2,3,29
5,6,6,2,3,29
5,6,6,2,3,29
5,6,6,2,3,29
5,6,7,2,3,29
5,6,7,2,3,29
5,6,7,2,3,29
5,6,7,3,3,29
5,6,7,3,3,29
5,6,7,3,3,29
6,6,7,3,3,29
6,6,7,3,3,29
6,6,7,3,3,29
6,6,7,3,4,29
6,6,7,3,5,29
6,6,7,3,5,29
7,6,7,3,5,29
7,6,7,3,5,29
7,6,7,3,5,29
7,7,7,3,5,29
7,7,7,3,5,29
7,7,7,3,5,29
7,7,7,3,5,29
7,7,7,3,5,29
8,7,7,3,4,29
8,7,7,3,4,29
8,7,6,3,5,29
8,7,6,3,6,29
8,7,6,3,5,29
8,6,6,4,5,29
8,6,6,3,5,29
8,6,6,3,5,29
9,6,6,3,4,29
9,5,7,3,4,29
9,5,7,3,4,29
9,5,8,3,4,29
9,5,8,3,4,29
9,5,8,3,4,29
9,6,8,3,3,29
9,6,7,3,4,29
10,6,7,3,4,29
10,6,7,3,5,29
10,6,8,3,5,29
10,6,8,3,5,29
10,6,8,3,6,29
10,6,8,4,6,29
10,6,8,4,7,29
10,6,8,4,7,29
10,7,8,4,7,29
10,7,8,4,7,29
0,0,0,0,0,30
0,0,0,0,1,30
0,1,0,0,1,30
0,1,1,0,1,30
0,2,1,0,1,30
0,2,1,0,1,30
0,3,1,0,1,30
1,3,1,0,1,30
1,3,1,0,1,30
1,3,1,0,1,30
1,3,1,0,2,30
1,3,1,0,2,30
2,3,1,0,2,30
2,3,1,0,3,30
2,3,1,0,3,30
2,3,1,0,3,30
2,3,1,0,3,30
2,3,1,0,3,30
2,3,1,0,3,30
2,3,1,0,3,30
2,3,1,0,2,30
2,3,1,0,2,30
2,3,1,0,2,30
2,3,1,0,2,30
2,3,1,0,2,30
2,3,1,0,2,30
2,3,1,0,2,30
2,3,1,0,2,30
2,3,1,0,2,30
2,3,1,0,2,30
2,3,1,0,2,30
2,3,1,0,2,30
2,3,1,0,2,30
2,3,1,0,2,30
2,3,1,0,2,30
2,3,1,0,2,30
2,3,1,0,2,30
2,3,1,0,2,30
2,3,1,0,2,30
2,3,1,0,2,30
2,3,1,0,2,30
2,3,1,0,2,30
2,3,1,0,2,30
2,3,1,0,2,30
2,3,1,0,2,30
2,3,1,0,2,30
2,3,1,0,2,30
2,3,1,0,2,30
2,3,1,0,2,30
2,3,1,0,2,30
2,3,1,0,2,30
2,3,1,0,2,30
2,3,1,0,2,30
2,3,1,0,2,30
2,3,1,0,2,30
2,3,1,0,2,30
2,3,1,0,2,30
2,3,1,0,2,30
2,3,1,0,2,30
2,3,1,0,2,30
2,3,1,0,2,30
2,3,1,0,2,30
2,3,1,0,2,30
2,3,1,0,2,30
2,3,1,0,2,30
2,3,1,0,2,30
2,3,1,0,2,30
2,3,1,0,2,30
2,3,1,0,2,30
2,3,1,0,2,30
2,3,1,0,2,30
2,3,1,0,2,30
2,3,1,0,2,30
2,3,1,0,2,30
2,3,1,0,2,30
2,3,1,0,2,30
2,3,1,0,2,30
2,3,1,0,2,30
2,3,1,0,2,30
2,3,1,0,2,30
2,3,1,0,2,30
2,3,1,0,2,30
2,3,1,0,2,30
2,3,1,0,2,30
2,3,1,0,2,30
2,3,1,0,2,30
2,3,1,0,2,30
2,3,1,0,2,30
2,3,1,0,2,30
2,3,1,0,2,30
2,3,1,0,2,30
2,3,1,0,2,30
2,3,1,0,2,30
2,3,1,0,2,30
2,3,1,0,2,30
2,3,1,0,2,30
2,3,1,0,2,30
2,3,1,0,2,30
2,3,1,0,2,30
2,3,1,0,2,30
0,0,0,0,0,31
1,0,0,0,0,31
2,0,0,0,0,31
2,0,0,1,0,31
1,0,0,1,1,31
1,1,0,1,1,31
1,1,1,1,1,31
1,1,1,1,1,31
1,1,1,1,1,31
1,2,1,1,1,31
2,2,1,1,1,31
2,2,1,1,1,31
2,2,1,1,1,31
2,2,1,1,1,31
2,2,1,1,1,31
2,3,1,1,1,31
3,3,1,1,1,31
3,3,1,2,1,31
4,3,1,2,1,31
4,3,1,2,1,31
4,3,1,2,2,31
4,3,1,3,2,31
4,3,1,3,2,31
4,3,1,3,2,31
4,4,1,3,2,31
5,4,1,3,2,31
5,4,1,3,3,31
5,4,1,3,3,31
5,4,2,3,3,31
5,4,2,3,3,31
5,4,2,3,4,31
5,4,2,3,5,31
5,4,2,3,5,31
5,5,2,3,5,31
6,5,2,3,5,31
6,6,2,3,5,31
7,6,2,3,5,31
7,6,2,4,5,31
7,6,2,4,6,31
7,6,3,4,6,31
7,6,3,4,7,31
7,6,4,4,7,31
7,6,4,4,8,31
7,5,4,5,8,31
7,5,5,5,7,31
6,5,5,5,7,31
7,5,5,5,7,31
7,5,5,6,7,31
7,5,5,6,7,31
7,5,5,6,7,31
7,5,6,6,7,31
6,6,6,6,7,31
6,7,6,6,7,31
6,7,6,6,7,31
6,7,6,6,7,31
6,7,6,6,7,31
6,7,7,6,7,31
6,7,7,6,7,31
7,7,7,6,7,31
8,7,7,6,7,31
8,7,7,6,7,31
8,8,7,5,7,31
8,8,6,5,8,31
8,8,6,5,8,31
9,8,6,5,8,31
9,8,6,5,8,31
9,8,6,5,8,31
9,8,6,5,8,31
9,8,6,5,9,31
8,8,6,6,9,31
8,8,6,6,9,31
7,8,6,6,10,31
7,9,6,6,10,31
7,9,6,6,10,31
8,9,6,6,9,31
8,9,6,6,9,31
8,10,6,6,9,31
8,10,6,6,9,31
8,10,6,6,9,31
9,10,6,6,9,31
9,10,6,6,9,31
9,10,6,6,9,31
8,10,7,6,9,31
8,10,7,6,9,31
7,10,7,6,10,31
7,10,7,6,10,31
8,10,7,6,10,31
8,10,6,6,10,31
8,10,5,6,11,31
9,10,4,6,11,31
9,10,4,6,12,31
9,10,4,6,12,31
9,10,4,6,13,31
9,10,3,6,14,31
9,10,4,6,14,31
10,10,4,6,14,31
10,10,4,6,14,31
10,10,4,6,14,31
10,11,4,6,14,31
10,10,4,6,15,31
0,0,0,0,0,32
1,0,0,0,0,32
1,0,1,0,0,32
2,0,1,0,0,32
3,0,1,0,0,32
3,0,1,0,0,32
3,0,1,0,0,32
3,0,1,1,0,32
3,0,1,1,0,32
3,1,1,1,0,32
3,1,1,1,0,32
3,1,1,1,1,32
3,1,2,1,1,32
3,1,2,1,1,32
3,1,2,1,1,32
3,1,2,1,1,32
3,1,2,1,1,32
3,1,2,1,1,32
3,1,2,1,1,32
3,1,2,1,1,32
3,2,2,1,1,32
3,2,2,1,1,32
3,2,2,1,1,32
3,2,2,1,1,32
3,2,2,1,1,32
3,2,3,1,1,32
3,3,3,1,1,32
3,3,3,1,1,32
3,3,3,1,2,32
3,3,3,1,2,32
3,3,3,1,3,32
3,3,3,1,3,32
3,3,3,1,3,32
3,3,3,1,3,32
3,3,3,1,3,32
3,3,3,1,3,32
3,3,3,1,3,32
3,3,3,1,3,32
3,4,3,1,3,32
3,4,3,1,3,32
3,4,3,1,3,32
3,4,3,1,3,32
3,4,3,1,3,32
3,4,3,1,3,32
3,4,3,1,3,32
3,4,3,1,4,32
3,4,3,1,4,32
3,4,3,1,4,32
3,4,3,1,4,32
3,4,3,1,4,32
3,4,3,1,4,32
3,4,2,1,4,32
3,4,2,1,5,32
3,4,2,1,5,32
3,4,2,1,5,32
3,4,2,1,5,32
3,4,2,1,5,32
3,4,2,1,5,32
3,4,2,1,5,32
3,4,2,1,5,32
3,4,2,1,5,32
3,4,2,1,5,32
3,4,2,1,5,32
3,4,2,1,5,32
3,4,2,1,5,32
3,4,2,1,5,32
3,4,2,1,5,32
3,4,2,1,5,32
3,4,2,1,5,32
3,4,2,1,5,32
3,4,2,1,5,32
3,4,2,1,5,32
3,4,2,1,5,32
3,4,2,1,5,32
3,4,2,1,5,32
3,4,2,1,5,32
3,4,2,1,5,32
3,4,2,1,5,32
3,4,2,1,5,32
3,4,2,1,5,32
3,4,2,1,5,32
3,4,2,1,5,32
3,4,2,1,5,32
3,4,2,1,5,32
3,4,2,1,5,32
3,4,2,1,5,32
3,4,2,1,5,32
3,4,2,1,5,32
3,4,2,1,5,32
3,4,2,1,5,32
3,4,2,1,4,32
2,4,2,1,4,32
2,4,2,1,4,32
2,4,2,1,4,32
2,4,2,1,4,32
2,4,2,1,4,32
2,4,2,1,4,32
2,4,2,1,4,32
2,4,2,1,4,32
2,4,2,1,4,32
0,0,0,0,0,33
0,0,0,0,1,33
0,1,0,0,1,33
0,1,0,0,2,33
0,1,0,0,2,33
0,1,0,0,2,33
0,1,1,0,2,33
1,1,1,0,2,33
1,1,1,0,2,33
1,1,1,0,2,33
2,1,1,0,2,33
2,1,1,0,2,33
2,1,1,0,2,33
2,1,1,0,2,33
2,1,1,0,2,33
2,1,1,0,1,33
2,1,1,0,1,33
2,1,1,1,1,33
2,1,1,1,1,33
2,1,1,1,1,33
2,1,1,1,1,33
2,1,1,1,1,33
2,1,1,1,1,33
2,1,1,1,1,33
2,1,1,1,1,33
2,1,1,1,1,33
2,1,1,1,1,33
2,1,1,1,1,33
2,1,1,1,1,33
2,1,1,1,1,33
2,1,1,1,1,33
2,1,1,1,1,33
2,1,1,1,1,33
2,1,1,1,1,33
2,1,1,1,1,33
2,1,1,1,1,33
2,1,1,1,1,33
2,1,1,1,1,33
2,1,1,1,1,33
2,1,1,1,1,33
2,1,1,1,1,33
2,1,1,1,1,33
2,1,1,1,1,33
2,1,1,1,1,33
2,1,1,1,1,33
2,1,1,1,1,33
2,1,1,1,1,33
2,1,1,1,1,33
2,1,1,1,1,33
2,1,1,1,1,33
2,1,1,1,1,33
2,1,1,1,1,33
2,1,1,1,1,33
2,1,1,1,1,33
2,1,1,1,1,33
2,1,1,1,1,33
2,1,1,1,1,33
2,1,1,1,1,33
2,1,1,1,1,33
2,1,1,1,1,33
2,1,1,1,1,33
2,1,1,1,1,33
2,1,1,1,1,33
2,1,1,1,1,33
2,1,1,1,1,33
2,1,1,1,1,33
2,1,1,1,1,33
2,1,1,1,1,33
2,1,1,1,1,33
2,1,1,1,1,33
2,1,1,1,1,33
2,1,1,1,1,33
2,1,1,1,1,33
2,1,1,1,1,33
2,1,1,1,1,33
2,1,1,1,1,33
2,1,1,1,1,33
2,1,1,1,1,33
2,1,1,1,1,33
2,1,1,1,1,33
2,1,1,1,1,33
2,1,1,1,1,33
2,1,1,1,1,33
2,1,1,1,1,33
2,1,1,1,1,33
2,1,1,1,1,33
2,1,1,1,1,33
2,1,1,1,1,33
2,1,1,1,1,33
2,1,1,1,1,33
2,1,1,0,1,33
2,1,1,0,1,33
2,1,1,0,1,33
2,1,1,0,1,33
2,1,1,0,1,33
2,1,1,0,1,33
2,1,1,0,1,33
2,1,1,0,1,33
2,1,1,0,1,33
2,1,1,0,1,33
0,0,0,0,0,34
0,0,0,0,0,34
0,0,0,0,1,34
0,1,0,0,1,34
0,2,0,0,1,34
0,2,0,1,1,34
1,2,0,1,1,34
1,2,0,1,1,34
1,2,0,1,1,34
1,2,0,2,1,34
1,2,0,2,1,34
1,3,0,2,1,34
1,3,0,2,1,34
1,3,0,2,2,34
1,3,0,2,2,34
1,3,0,2,2,34
1,3,0,2,2,34
1,3,0,2,2,34
1,3,0,2,2,34
1,3,0,2,2,34
1,3,0,2,2,34
1,3,0,2,2,34
1,3,0,2,2,34
1,3,0,2,2,34
1,3,0,2,2,34
1,3,0,2,2,34
1,3,0,2,2,34
1,3,0,2,2,34
1,3,0,2,2,34
1,3,0,2,2,34
1,3,0,2,2,34
1,3,0,2,2,34
1,3,0,2,2,34
1,3,0,2,2,34
1,3,0,2,2,34
1,3,0,2,2,34
1,3,0,2,2,34
1,3,0,2,2,34
1,3,0,2,2,34
1,3,0,2,2,34
1,3,0,2,2,34
1,3,0,2,2,34
1,3,0,2,2,34
1,3,0,2,2,34
1,3,0,2,2,34
1,3,0,2,2,34
1,3,0,2,2,34
1,3,0,2,2,34
1,3,0,2,2,34
1,3,0,2,2,34
1,3,0,2,2,34
1,3,0,2,2,34
1,3,0,2,2,34
1,3,0,2,2,34
1,3,0,2,2,34
1,3,0,2,2,34
1,3,0,2,2,34
1,3,0,2,2,34
1,3,0,2,2,34
1,3,0,2,2,34
1,3,0,2,2,34
1,3,0,2,2,34
1,3,0,2,2,34
1,3,0,2,2,34
1,3,0,2,2,34
1,3,0,2,2,34
1,3,0,2,2,34
1,3,0,2,2,34
1,3,0,2,2,34
1,3,0,2,2,34
1,3,0,2,2,34
1,3,0,2,2,34
1,3,0,2,2,34
1,3,0,2,2,34
1,3,0,2,2,34
1,3,0,2,2,34
1,3,0,2,2,34
1,3,0,2,2,34
1,3,0,2,2,34
1,3,0,2,2,34
1,3,0,2,2,34
1,3,0,2,2,34
1,3,0,2,2,34
1,3,0,2,2,34
1,3,0,2,2,34
1,3,0,2,2,34
1,3,0,2,2,34
1,3,0,2,2,34
1,3,0,2,2,34
1,3,0,2,2,34
1,3,0,2,2,34
1,3,0,2,2,34
1,3,0,2,2,34
1,3,0,2,2,34
1,3,0,2,2,34
1,3,0,2,2,34
1,3,0,2,2,34
1,3,0,2,2,34
1,3,0,2,2,34
1,3,0,2,2,34
0,0,0,0,0,35
0,0,1,0,0,35
0,0,1,0,0,35
0,0,1,0,0,35
1,0,1,0,0,35
1,1,1,0,0,35
2,1,1,0,0,35
2,1,1,0,0,35
2,1,1,0,0,35
2,1,1,1,0,35
2,1,1,1,0,35
2,1,1,1,0,35
2,1,1,1,0,35
2,1,1,1,0,35
2,1,1,1,0,35
2,1,1,1,0,35
2,1,1,1,1,35
2,1,1,1,1,35
2,1,1,1,1,35
2,1,1,1,1,35
2,1,1,1,2,35
2,1,1,1,2,35
2,1,1,1,2,35
2,1,1,1,2,35
2,1,1,1,2,35
2,1,1,1,2,35
2,1,1,1,2,35
2,1,1,1,2,35
2,1,1,1,2,35
2,1,1,1,2,35
2,1,1,1,2,35
2,1,1,1,2,35
2,1,1,1,2,35
2,1,1,1,2,35
2,1,1,1,2,35
2,1,1,1,2,35
2,1,1,1,2,35
2,1,1,1,2,35
2,1,1,1,2,35
2,1,1,1,2,35
2,1,1,1,2,35
2,1,1,1,2,35
2,1,1,1,2,35
2,1,1,1,2,35
2,1,1,1,2,35
2,1,1,1,2,35
2,1,1,1,2,35
2,1,1,1,2,35
2,1,1,1,2,35
2,1,1,1,2,35
0,0,0,0,0,36
0,0,0,1,0,36
1,0,0,1,0,36
1,0,0,1,0,36
1,1,0,1,0,36
1,2,0,1,0,36
1,2,0,1,0,36
2,2,0,1,0,36
2,2,0,1,1,36
3,2,0,1,1,36
3,2,0,1,1,36
3,2,0,1,1,36
3,2,0,1,1,36
3,2,0,1,1,36
3,2,0,1,1,36
3,2,0,1,1,36
3,2,0,1,1,36
3,2,0,1,1,36
3,2,0,1,1,36
3,2,0,1,1,36
3,2,0,1,2,36
3,2,0,1,2,36
3,2,0,1,2,36
3,2,0,1,2,36
3,2,0,1,2,36
3,2,0,1,2,36
3,2,0,1,2,36
3,2,0,1,2,36
3,2,0,1,2,36
3,2,0,1,2,36
3,2,0,1,2,36
3,2,0,1,2,36
3,2,0,1,2,36
3,2,0,1,2,36
3,2,0,1,2,36
3,2,0,1,2,36
3,2,0,1,2,36
3,2,0,1,2,36
3,2,0,1,2,36
3,2,0,1,2,36
3,2,0,1,2,36
3,2,0,1,2,36
3,2,0,1,2,36
3,2,0,1,2,36
3,2,0,1,2,36
3,2,0,1,2,36
3,2,0,1,2,36
3,2,0,1,2,36
3,2,0,1,2,36
3,2,0,1,2,36
3,2,0,1,2,36
3,2,0,1,2,36
3,2,0,1,2,36
3,2,0,1,2,36
3,2,0,1,2,36
3,2,0,1,2,36
3,2,0,1,2,36
3,2,0,1,2,36
3,2,0,1,2,36
3,2,0,1,2,36
3,2,0,1,2,36
3,2,0,1,2,36
3,2,0,1,2,36
3,2,0,1,2,36
3,2,0,1,2,36
3,2,0,1,2,36
3,2,0,1,2,36
3,2,0,1,2,36
3,2,0,1,2,36
3,2,0,1,2,36
3,2,0,1,2,36
3,2,0,1,2,36
3,2,0,1,2,36
3,2,0,1,2,36
3,2,0,1,2,36
3,2,0,1,2,36
3,2,0,1,2,36
3,2,0,1,2,36
3,2,0,1,2,36
3,2,0,1,2,36
3,2,0,1,2,36
3,2,0,1,2,36
3,2,0,1,2,36
3,2,0,1,2,36
3,2,0,1,2,36
3,2,0,1,1,36
3,2,0,1,1,36
3,2,0,1,1,36
3,2,0,1,1,36
3,2,0,1,1,36
3,2,0,1,1,36
3,2,0,1,1,36
3,2,0,1,1,36
3,2,0,1,1,36
3,2,0,1,1,36
3,2,0,1,1,36
3,2,0,1,2,36
3,2,0,1,2,36
3,2,0,1,2,36
3,2,0,1,2,36
0,0,0,0,0,37
1,0,0,0,0,37
1,0,0,0,0,37
1,0,0,0,1,37
1,0,0,0,2,37
1,0,0,1,2,37
1,0,1,1,2,37
1,1,1,1,2,37
2,0,1,1,2,37
2,0,1,1,3,37
2,0,1,1,3,37
2,0,1,1,3,37
2,0,1,1,3,37
2,0,1,1,3,37
2,0,1,1,3,37
2,0,1,1,3,37
2,0,1,1,3,37
0,0,0,0,0,38
0,0,0,1,0,38
1,0,0,1,0,38
1,0,0,1,0,38
1,0,0,1,0,38
1,0,0,1,0,38
1,0,0,1,1,38
1,1,0,1,1,38
1,1,0,1,1,38
1,1,0,1,1,38
1,2,0,1,1,38
1,2,0,1,1,38
1,2,1,1,1,38
1,2,1,1,1,38
1,2,1,1,1,38
1,2,1,1,1,38
1,2,1,2,1,38
1,2,1,2,1,38
1,2,1,2,1,38
1,2,1,2,2,38
1,2,1,2,2,38
1,2,1,2,2,38
1,2,1,2,2,38
1,3,1,2,2,38
1,3,1,2,2,38
1,3,1,2,2,38
1,4,1,1,2,38
1,4,1,1,2,38
1,4,1,1,2,38
1,4,1,1,3,38
1,4,1,1,3,38
1,4,1,1,3,38
1,4,1,1,4,38
1,4,1,1,5,38
1,4,1,1,5,38
1,4,1,1,6,38
1,4,1,1,6,38
1,4,1,1,6,38
2,4,1,1,6,38
2,4,1,1,6,38
2,4,1,2,6,38
2,4,1,2,6,38
3,4,1,2,6,38
3,4,1,2,6,38
3,4,1,2,6,38
3,4,1,2,6,38
3,4,1,2,6,38
4,4,1,2,5,38
4,4,1,2,5,38
4,4,1,2,6,38
4,4,1,2,6,38
4,4,1,2,6,38
4,4,1,2,6,38
4,5,1,2,6,38
4,5,1,2,6,38
4,5,1,2,6,38
4,5,1,2,6,38
4,5,1,2,6,38
4,5,1,2,6,38
4,5,1,2,6,38
4,5,1,2,7,38
4,5,1,2,7,38
4,5,1,2,6,38
5,5,1,2,6,38
5,5,1,2,7,38
5,5,1,2,7,38
5,5,1,2,7,38
5,5,1,2,7,38
5,5,1,2,7,38
5,5,1,3,7,38
5,5,2,3,7,38
5,5,2,3,7,38
6,5,2,3,7,38
6,6,2,3,7,38
6,6,2,3,7,38
6,7,2,3,7,38
6,7,2,3,7,38
6,7,2,3,8,38
6,7,2,3,8,38
5,7,2,3,9,38
5,7,2,3,9,38
5,7,2,3,9,38
5,8,2,3,9,38
5,8,3,3,9,38
5,8,3,3,9,38
6,7,3,3,9,38
6,7,3,3,9,38
6,7,3,3,9,38
6,7,3,3,10,38
6,7,3,3,10,38
6,6,3,4,10,38
6,6,3,4,10,38
6,6,3,4,10,38
6,6,3,4,11,38
6,6,3,4,11,38
6,6,4,4,10,38
6,6,4,4,10,38
6,6,4,4,10,38
6,6,4,4,10,38
6,5,5,4,10,38
0,0,0,0,0,39
0,1,0,0,0,39
0,2,0,0,0,39
0,2,0,1,0,39
0,2,0,1,1,39
0,2,0,1,1,39
1,2,0,1,1,39
1,2,0,1,2,39
1,2,0,1,2,39
0,2,1,1,2,39
0,2,1,1,2,39
0,2,1,1,2,39
0,2,1,1,2,39
0,2,1,1,2,39
0,2,1,1,3,39
0,2,1,1,3,39
0,2,1,1,3,39
0,2,1,1,3,39
0,2,1,1,4,39
1,2,1,1,4,39
1,2,1,1,4,39
1,2,1,1,4,39
1,2,1,1,5,39
1,2,1,1,5,39
1,2,1,1,5,39
1,2,1,1,5,39
1,2,1,1,5,39
1,2,1,1,5,39
1,2,1,1,5,39
1,2,1,1,5,39
2,2,1,1,5,39
2,2,1,1,5,39
2,2,1,1,5,39
2,2,1,1,5,39
2,2,1,1,5,39
2,2,0,1,5,39
2,2,0,1,5,39
2,2,0,1,5,39
2,2,0,1,5,39
2,2,0,1,5,39
2,2,0,1,5,39
2,2,1,1,5,39
2,2,1,1,5,39
2,2,1,1,5,39
2,2,1,1,5,39
2,2,1,1,5,39
2,2,1,1,5,39
2,2,1,1,5,39
2,2,1,1,5,39
2,2,1,1,5,39
2,2,1,1,5,39
2,2,1,1,5,39
2,2,1,1,5,39
2,2,1,1,5,39
2,2,1,1,5,39
2,2,1,1,5,39
2,2,1,1,5,39
3,2,1,1,5,39
3,2,1,1,5,39
3,2,1,1,5,39
3,2,1,1,5,39
3,2,1,1,5,39
3,2,1,1,5,39
3,2,1,1,5,39
3,2,1,1,5,39
3,2,1,1,5,39
3,2,1,1,5,39
3,2,1,1,5,39
3,2,1,1,5,39
3,2,1,1,5,39
3,2,1,1,5,39
3,2,1,1,5,39
3,2,1,1,5,39
3,2,1,1,5,39
3,2,1,1,5,39
2,2,1,1,5,39
2,2,1,1,5,39
2,2,1,1,5,39
2,2,1,1,5,39
2,2,1,1,5,39
2,2,1,1,5,39
2,2,1,1,5,39
2,2,1,1,5,39
2,2,1,1,5,39
2,2,1,1,5,39
2,2,1,1,5,39
2,2,1,1,5,39
2,2,1,1,5,39
2,2,1,1,5,39
2,2,1,1,5,39
2,2,1,1,5,39
2,2,1,1,5,39
2,2,1,1,5,39
2,2,1,1,5,39
2,2,1,1,5,39
2,2,1,1,5,39
2,2,1,1,5,39
2,2,1,1,5,39
2,2,1,1,5,39
2,2,1,1,5,39
0,0,0,0,0,40
0,0,1,0,0,40
0,0,1,0,0,40
0,0,1,0,0,40
0,0,1,1,0,40
0,0,1,1,0,40
0,0,1,1,1,40
0,0,1,1,1,40
0,0,1,1,2,40
0,1,1,1,2,40
0,1,1,1,3,40
0,2,1,1,3,40
0,2,1,1,3,40
0,2,1,1,3,40
0,3,1,1,3,40
0,3,1,1,3,40
0,3,1,1,3,40
0,3,1,1,4,40
0,3,1,1,4,40
0,3,1,1,4,40
0,3,1,1,4,40
1,3,1,1,4,40
1,3,1,1,4,40
1,3,1,1,4,40
1,3,1,1,4,40
1,3,1,1,4,40
1,3,1,1,4,40
1,3,1,1,5,40
1,3,1,1,5,40
1,3,1,1,5,40
1,3,1,1,5,40
1,3,1,1,5,40
1,3,1,1,5,40
1,3,1,1,5,40
1,3,1,1,5,40
1,3,1,1,5,40
1,3,1,1,5,40
1,3,1,1,5,40
1,3,1,1,5,40
1,3,1,1,5,40
1,3,1,1,5,40
1,3,1,1,5,40
1,3,1,1,5,40
1,3,1,1,5,40
1,3,1,1,5,40
1,3,1,1,5,40
1,3,1,1,5,40
1,3,1,1,5,40
1,3,1,1,5,40
1,3,1,1,5,40
1,3,1,1,5,40
1,3,1,1,5,40
1,3,1,1,5,40
1,3,1,1,5,40
1,3,1,1,5,40
1,3,1,1,5,40
1,3,1,1,5,40
1,3,1,1,5,40
1,3,1,1,5,40
1,3,1,1,5,40
1,3,1,1,5,40
1,3,1,1,5,40
1,3,1,1,5,40
1,3,1,1,5,40
1,3,1,1,5,40
1,3,1,1,5,40
1,3,1,1,5,40
1,3,1,1,5,40
1,3,1,1,5,40
1,3,1,1,5,40
1,3,1,1,5,40
1,3,1,1,5,40
1,3,1,1,5,40
1,3,1,1,5,40
1,3,1,1,5,40
1,3,1,1,5,40
1,3,1,1,5,40
1,3,1,1,5,40
1,3,1,1,5,40
1,3,1,1,5,40
1,3,1,1,5,40
1,3,1,1,5,40
1,3,1,1,5,40
1,3,1,1,5,40
1,3,1,1,5,40
1,3,1,1,5,40
1,3,1,1,5,40
1,3,1,1,5,40
1,3,1,1,5,40
1,3,1,1,5,40
1,2,1,1,5,40
1,2,1,1,5,40
1,2,1,1,5,40
1,2,1,1,5,40
1,2,1,1,5,40
1,2,1,1,5,40
1,2,1,1,5,40
1,2,1,1,5,40
1,2,1,1,5,40
1,2,1,1,5,40
0,0,0,0,0,41
0,0,0,1,0,41
0,0,0,1,0,41
0,1,0,1,0,41
0,1,0,1,1,41
0,2,0,1,1,41
0,2,0,1,1,41
1,2,0,1,1,41
1,2,0,1,1,41
1,2,1,1,1,41
1,2,1,1,1,41
1,2,1,1,1,41
2,2,1,1,1,41
2,2,1,1,1,41
2,3,1,1,1,41
2,3,1,1,1,41
2,3,1,2,1,41
2,3,1,2,2,41
2,4,1,2,2,41
2,4,2,2,2,41
2,4,2,2,2,41
2,4,2,2,2,41
2,5,2,2,2,41
2,5,2,2,2,41
3,5,2,2,2,41
3,5,2,2,2,41
3,5,2,2,2,41
2,6,2,2,2,41
2,6,2,2,2,41
2,6,2,2,2,41
2,6,2,2,3,41
2,6,2,2,3,41
2,6,3,2,3,41
2,6,3,2,3,41
2,6,3,2,3,41
2,6,3,2,3,41
2,6,3,2,3,41
2,6,3,2,3,41
2,6,3,2,3,41
3,6,3,2,3,41
3,6,3,2,3,41
4,6,3,2,3,41
4,6,3,2,3,41
4,6,3,2,3,41
4,6,3,2,3,41
4,6,4,2,3,41
4,6,4,2,3,41
4,6,4,2,4,41
4,6,4,2,4,41
4,6,4,2,4,41
4,6,4,2,4,41
4,6,4,2,3,41
4,6,4,2,4,41
4,7,4,2,4,41
4,7,4,2,4,41
4,7,4,2,4,41
4,7,4,2,4,41
4,7,4,2,4,41
4,7,4,2,4,41
4,7,4,2,5,41
4,7,4,2,5,41
4,7,4,2,5,41
4,7,5,2,5,41
4,7,5,2,5,41
4,7,5,2,5,41
4,7,5,2,5,41
4,7,5,2,6,41
4,7,5,2,6,41
4,7,5,2,6,41
4,7,5,2,6,41
4,7,5,3,5,41
4,7,5,3,5,41
4,7,5,3,5,41
4,7,5,3,5,41
4,7,5,3,5,41
4,7,5,3,5,41
4,8,5,3,5,41
4,8,5,3,5,41
4,8,5,3,5,41
4,8,5,3,5,41
4,8,5,3,5,41
4,8,5,3,5,41
4,8,5,3,5,41
4,7,5,3,6,41
4,7,5,3,6,41
4,7,5,3,6,41
5,7,5,3,6,41
5,7,5,3,6,41
5,7,5,3,6,41
5,7,5,3,6,41
5,7,5,3,7,41
5,7,5,3,7,41
5,7,5,3,7,41
5,7,5,3,7,41
5,7,5,3,7,41
5,7,5,3,7,41
5,7,5,3,7,41
6,7,5,3,7,41
6,7,5,3,7,41
6,7,5,3,7,41
0,0,0,0,0,42
1,0,0,0,0,42
1,1,0,0,0,42
1,2,0,0,0,42
2,2,0,0,0,42
2,2,0,1,0,42
2,2,0,1,0,42
2,2,0,2,0,42
2,2,0,2,0,42
2,2,0,2,0,42
3,2,0,2,0,42
3,2,0,2,0,42
3,2,0,2,0,42
3,2,0,2,0,42
3,2,0,2,0,42
3,2,0,2,0,42
3,2,0,2,0,42
3,2,0,2,0,42
3,2,0,2,0,42
3,2,0,2,0,42
3,2,0,2,0,42
3,2,0,2,0,42
3,2,0,2,0,42
3,2,0,2,0,42
3,2,0,2,0,42
3,2,0,2,0,42
3,2,0,2,0,42
3,2,0,2,0,42
3,2,0,2,0,42
3,2,0,2,0,42
3,2,0,2,0,42
3,2,0,2,0,42
3,2,0,2,0,42
3,2,0,2,0,42
3,2,0,2,0,42
3,2,0,2,0,42
3,2,0,2,0,42
3,2,0,2,0,42
3,2,0,2,0,42
3,2,0,2,0,42
3,2,0,2,0,42
3,2,0,2,0,42
3,2,0,2,0,42
3,2,0,2,0,42
3,2,0,2,0,42
3,2,0,2,0,42
3,2,0,2,0,42
3,2,0,2,0,42
3,2,0,2,0,42
3,2,0,2,0,42
3,2,0,2,0,42
3,2,0,2,0,42
3,2,0,2,0,42
3,2,0,2,0,42
3,2,0,2,0,42
3,1,0,2,0,42
3,1,0,2,0,42
3,1,0,2,0,42
3,1,0,2,0,42
3,1,0,2,0,42
3,1,0,2,0,42
3,1,0,2,0,42
3,1,0,2,0,42
3,1,0,2,0,42
3,1,0,2,0,42
3,1,0,2,0,42
3,1,0,2,0,42
3,1,0,2,0,42
3,1,0,2,0,42
3,1,0,2,0,42
3,1,0,2,0,42
3,1,0,2,0,42
3,1,0,2,0,42
3,1,0,2,0,42
3,1,0,2,0,42
3,1,0,2,0,42
3,1,0,2,0,42
3,1,0,2,0,42
3,1,0,2,0,42
3,1,0,2,0,42
3,1,0,2,0,42
3,1,0,2,0,42
3,1,0,2,0,42
3,1,0,2,0,42
3,1,0,2,0,42
3,1,0,2,0,42
3,1,0,2,0,42
3,1,0,2,0,42
3,1,0,2,0,42
3,1,0,2,0,42
3,1,0,2,0,42
3,1,0,2,0,42
3,1,0,2,0,42
3,1,0,2,0,42
3,1,0,2,0,42
3,1,0,2,0,42
3,1,0,2,0,42
3,1,0,2,0,42
3,1,0,2,0,42
3,1,0,2,0,42
0,0,0,0,0,43
0,0,0,1,0,43
0,0,0,1,0,43
0,0,0,1,0,43
0,1,0,1,0,43
0,1,0,1,0,43
0,1,0,1,0,43
0,1,0,1,0,43
0,1,0,1,1,43
0,1,0,1,2,43
1,1,0,1,2,43
1,2,0,1,2,43
1,3,0,1,2,43
1,3,0,1,2,43
1,3,0,2,2,43
1,3,0,2,2,43
1,3,0,2,2,43
1,3,0,2,2,43
1,3,0,2,2,43
1,3,0,2,2,43
1,3,0,2,2,43
1,3,0,2,2,43
1,3,0,2,2,43
1,3,0,2,2,43
1,3,0,2,2,43
1,3,0,2,2,43
1,3,0,2,2,43
1,3,0,2,2,43
1,3,0,2,2,43
1,3,0,2,2,43
1,3,0,2,2,43
1,3,0,2,2,43
1,3,0,2,2,43
1,3,0,2,2,43
1,3,0,2,2,43
1,3,0,2,2,43
1,3,0,2,2,43
1,3,0,2,2,43
1,3,0,2,2,43
1,3,0,2,2,43
1,3,0,2,2,43
1,3,0,2,2,43
1,3,0,2,2,43
1,3,0,2,2,43
1,3,0,2,2,43
1,3,0,2,2,43
1,3,0,2,2,43
1,3,0,2,2,43
1,3,0,2,2,43
1,3,0,2,2,43
1,3,0,2,2,43
1,3,0,2,2,43
1,3,0,2,2,43
1,3,0,2,2,43
1,3,0,2,2,43
1,3,0,2,2,43
1,3,0,2,2,43
1,3,0,2,2,43
1,3,0,2,2,43
1,3,0,2,2,43
1,3,0,2,2,43
1,3,0,2,2,43
1,3,0,2,2,43
1,3,0,2,2,43
1,3,0,2,2,43
1,3,0,2,2,43
1,3,0,2,2,43
1,3,0,2,2,43
1,3,0,2,2,43
1,3,0,2,2,43
1,2,0,2,2,43
1,2,0,2,2,43
1,2,0,2,2,43
1,2,0,2,2,43
1,2,0,2,2,43
1,2,0,2,2,43
1,2,0,2,2,43
1,2,0,2,2,43
1,2,0,2,2,43
1,2,0,2,2,43
1,2,0,2,2,43
1,2,0,2,2,43
1,2,0,2,2,43
1,2,0,2,2,43
1,2,0,2,2,43
1,2,0,2,2,43
1,2,0,2,2,43
1,2,0,2,2,43
1,2,0,2,2,43
1,2,0,2,2,43
1,2,0,2,2,43
1,2,0,2,2,43
1,2,0,2,2,43
1,2,0,2,2,43
1,2,0,2,2,43
1,2,0,1,2,43
1,2,0,1,2,43
1,2,0,1,2,43
1,2,0,1,2,43
1,2,0,1,2,43
0,0,0,0,0,44
0,0,0,1,0,44
0,1,0,1,0,44
1,1,0,1,0,44
1,1,1,1,0,44
2,1,1,1,0,44
2,1,1,1,1,44
2,1,1,1,1,44
2,1,1,1,1,44
2,1,1,1,1,44
2,1,1,1,2,44
2,1,1,1,2,44
2,1,1,1,2,44
2,1,1,1,2,44
2,1,1,1,2,44
2,1,1,1,2,44
2,1,1,1,2,44
2,1,1,1,2,44
2,1,1,1,2,44
2,1,1,1,2,44
2,1,1,1,2,44
2,1,1,1,2,44
2,1,1,1,2,44
2,1,1,1,2,44
2,1,1,1,2,44
2,1,1,1,2,44
2,1,1,1,2,44
2,1,1,1,2,44
2,1,1,1,2,44
2,1,1,1,2,44
2,1,1,1,2,44
2,1,1,1,2,44
2,1,1,1,2,44
2,1,1,1,2,44
2,1,1,1,2,44
2,1,1,1,2,44
2,1,1,1,2,44
2,1,1,1,2,44
2,1,1,1,2,44
2,1,1,1,2,44
2,1,1,1,2,44
2,1,1,1,2,44
2,1,1,1,2,44
2,1,1,1,2,44
2,1,1,1,2,44
2,1,1,1,2,44
2,1,1,1,2,44
2,1,1,1,2,44
2,1,1,1,2,44
2,1,1,1,2,44
2,1,1,1,2,44
2,1,1,1,2,44
2,1,1,1,2,44
2,1,1,1,2,44
2,1,1,1,2,44
2,1,1,1,2,44
2,1,1,1,2,44
2,1,1,1,2,44
2,1,1,1,2,44
2,1,1,1,2,44
2,1,1,1,2,44
2,1,1,1,2,44
2,1,1,1,2,44
2,1,1,1,2,44
2,1,1,1,2,44
2,1,1,1,2,44
2,1,1,1,2,44
2,1,1,1,2,44
2,1,1,1,2,44
2,1,1,1,2,44
2,1,1,1,2,44
2,1,1,1,2,44
2,1,1,1,2,44
2,1,1,1,2,44
2,1,1,1,2,44
2,1,1,1,2,44
2,1,1,1,2,44
2,1,1,1,2,44
2,1,1,1,2,44
2,1,1,1,2,44
2,1,1,1,2,44
2,1,1,1,2,44
2,1,1,1,2,44
2,1,1,1,2,44
2,1,1,1,2,44
2,1,1,1,2,44
2,1,1,1,2,44
2,1,1,1,2,44
2,1,1,1,2,44
2,1,1,1,2,44
2,1,1,1,2,44
2,1,1,1,2,44
2,1,1,1,2,44
2,1,1,1,2,44
2,1,1,1,2,44
2,1,1,1,2,44
2,1,1,1,2,44
2,1,1,1,2,44
2,1,1,1,2,44
2,1,1,1,2,44
0,0,0,0,0,45
0,0,0,0,0,45
0,0,0,0,0,45
0,0,0,1,0,45
0,0,0,1,1,45
0,0,0,1,1,45
1,0,0,1,1,45
1,1,0,1,1,45
1,1,0,1,1,45
1,1,0,1,1,45
1,1,0,1,2,45
1,2,0,1,2,45
2,2,0,1,2,45
2,3,0,1,2,45
2,3,0,1,3,45
2,3,0,1,3,45
2,3,0,1,3,45
2,3,0,1,3,45
2,3,0,1,3,45
2,3,0,1,3,45
2,3,0,1,3,45
2,3,0,1,3,45
2,3,0,1,3,45
2,3,0,1,3,45
2,3,0,1,3,45
2,3,0,1,3,45
2,3,0,1,3,45
2,3,0,1,3,45
2,3,0,1,3,45
2,3,0,1,3,45
2,3,0,1,3,45
2,3,0,1,3,45
2,3,0,1,3,45
2,3,0,1,3,45
2,3,0,1,3,45
2,3,0,1,3,45
2,3,0,1,3,45
2,3,0,1,3,45
2,3,0,1,3,45
2,3,0,1,3,45
2,3,0,1,3,45
2,3,0,1,3,45
2,3,0,1,3,45
2,3,0,1,3,45
2,3,0,1,3,45
2,3,0,1,3,45
2,3,0,1,3,45
2,3,0,1,3,45
2,3,0,1,3,45
2,3,0,1,3,45
2,3,0,1,3,45
2,3,0,1,3,45
2,3,0,1,3,45
2,3,0,1,3,45
2,3,0,1,3,45
2,3,0,1,3,45
2,3,0,1,3,45
2,3,0,1,3,45
2,3,0,1,3,45
2,3,0,1,3,45
2,3,0,1,3,45
2,2,0,1,3,45
2,2,0,1,3,45
2,2,0,1,3,45
2,2,0,1,3,45
2,2,0,1,3,45
2,2,0,1,3,45
2,2,0,1,3,45
2,2,0,1,3,45
2,2,0,1,3,45
2,2,0,1,3,45
2,2,0,1,3,45
2,2,0,1,3,45
2,2,0,1,3,45
2,2,0,1,3,45
2,2,0,1,3,45
2,2,0,1,3,45
2,2,0,1,3,45
2,2,0,1,3,45
2,2,0,1,3,45
2,2,0,1,3,45
2,2,0,1,3,45
2,2,0,1,3,45
2,2,0,1,3,45
2,2,0,1,3,45
2,2,0,1,3,45
2,2,0,1,3,45
2,2,0,1,3,45
2,2,0,1,3,45
2,2,0,1,3,45
2,2,0,1,3,45
2,2,0,1,3,45
2,2,0,1,3,45
2,2,0,1,3,45
2,2,0,1,3,45
1,2,0,1,3,45
1,2,0,1,3,45
1,2,0,1,3,45
1,2,0,1,3,45
1,2,0,1,3,45
0,0,0,0,0,46
0,0,0,0,0,46
0,1,0,0,0,46
1,1,0,0,0,46
1,1,0,1,0,46
2,1,0,1,0,46
2,1,0,1,1,46
2,1,0,2,1,46
2,0,0,2,1,46
2,0,0,2,1,46
2,0,0,2,2,46
1,0,0,2,3,46
1,1,0,2,3,46
1,2,0,2,3,46
1,2,0,2,3,46
1,2,0,2,3,46
1,2,0,2,2,46
1,2,0,2,2,46
1,2,0,2,2,46
1,2,0,2,2,46
1,2,0,2,2,46
1,2,0,2,2,46
1,2,0,2,2,46
1,2,0,2,2,46
1,2,0,2,2,46
1,2,0,2,2,46
1,2,0,2,2,46
1,2,0,2,2,46
1,2,0,2,2,46
1,2,0,2,2,46
1,2,0,2,2,46
1,2,0,2,2,46
1,2,0,2,2,46
1,2,0,2,2,46
1,2,0,2,2,46
1,2,0,2,2,46
1,2,0,2,2,46
1,2,0,2,2,46
1,2,0,2,2,46
1,2,0,2,2,46
1,2,0,2,2,46
1,2,0,2,2,46
1,2,0,2,2,46
1,2,0,2,2,46
1,2,0,2,2,46
1,2,0,2,2,46
1,2,0,2,2,46
1,2,0,2,2,46
1,2,0,2,2,46
1,2,0,2,2,46
1,2,0,2,2,46
1,2,0,2,2,46
1,2,0,2,2,46
1,2,0,2,2,46
1,2,0,2,2,46
1,2,0,2,2,46
1,2,0,2,2,46
1,2,0,2,2,46
1,2,0,2,2,46
1,2,0,2,2,46
1,2,0,2,2,46
1,2,0,2,2,46
1,2,0,2,2,46
1,2,0,2,2,46
1,2,0,2,2,46
1,2,0,2,2,46
1,2,0,2,2,46
1,2,0,2,2,46
1,2,0,2,2,46
1,2,0,2,2,46
1,2,0,2,2,46
1,2,0,2,2,46
1,2,0,2,2,46
1,2,0,2,2,46
1,2,0,2,2,46
1,2,0,2,2,46
1,2,0,2,2,46
1,2,0,2,2,46
1,2,0,2,2,46
1,2,0,2,2,46
1,2,0,2,2,46
1,2,0,2,2,46
1,2,0,2,2,46
1,2,0,2,2,46
1,2,0,2,2,46
1,2,0,2,2,46
1,2,0,2,2,46
1,2,0,2,2,46
1,2,0,2,2,46
1,2,0,2,2,46
1,2,0,2,2,46
1,2,0,2,2,46
1,2,0,2,2,46
1,2,0,2,2,46
1,2,0,2,2,46
1,2,0,2,2,46
1,2,0,2,2,46
1,2,0,2,2,46
1,2,0,2,2,46
1,2,0,2,2,46
0,0,0,0,0,47
0,1,0,0,0,47
0,1,0,0,0,47
0,1,0,0,0,47
0,1,1,0,0,47
1,1,1,0,0,47
1,1,1,0,0,47
1,1,1,1,0,47
1,1,1,1,1,47
1,1,1,1,1,47
2,1,1,1,1,47
2,2,1,1,1,47
2,2,1,1,1,47
2,2,1,1,1,47
2,2,1,1,1,47
2,2,1,1,1,47
2,2,1,1,1,47
2,2,1,1,1,47
2,2,1,1,1,47
2,2,1,1,1,47
2,2,1,1,1,47
2,2,1,1,1,47
2,2,1,1,1,47
2,2,1,1,1,47
2,2,1,1,1,47
2,2,1,1,1,47
2,2,1,1,1,47
2,2,1,1,1,47
2,2,1,1,1,47
2,2,1,1,1,47
2,2,1,1,1,47
2,2,1,1,1,47
2,2,1,1,1,47
2,2,1,1,1,47
2,2,1,1,1,47
2,2,1,1,1,47
2,2,1,1,1,47
2,2,1,1,1,47
2,2,1,1,1,47
2,2,1,1,1,47
2,2,1,1,1,47
2,2,1,1,1,47
2,2,1,1,1,47
2,2,1,1,1,47
2,2,1,1,1,47
2,2,1,1,1,47
2,2,1,1,1,47
2,2,1,1,1,47
2,2,1,1,1,47
2,2,1,1,1,47
2,2,1,1,1,47
2,2,1,1,1,47
2,2,1,1,1,47
2,2,1,1,1,47
2,2,1,1,1,47
2,2,1,1,1,47
2,2,1,1,1,47
2,2,1,1,1,47
2,2,1,1,1,47
2,2,1,1,1,47
2,2,1,1,1,47
2,2,1,1,1,47
2,2,1,1,1,47
2,2,1,1,1,47
2,2,1,1,1,47
2,2,1,1,1,47
2,2,1,1,1,47
2,2,1,1,1,47
2,2,1,1,1,47
2,2,1,1,1,47
2,2,1,1,1,47
2,2,1,1,1,47
2,2,1,1,1,47
2,2,1,1,1,47
2,2,1,1,1,47
2,2,1,1,1,47
2,2,1,1,1,47
2,2,1,1,1,47
2,2,1,1,1,47
2,2,1,1,1,47
2,2,1,1,1,47
2,2,1,1,1,47
2,2,1,1,1,47
2,2,1,1,1,47
2,2,1,1,1,47
2,2,1,1,1,47
2,2,1,1,1,47
2,2,1,1,1,47
2,2,1,1,1,47
2,2,1,1,1,47
2,2,1,1,1,47
2,2,1,1,1,47
2,2,1,1,1,47
2,2,1,1,1,47
2,2,1,1,1,47
2,2,1,1,1,47
2,2,1,1,1,47
2,2,1,1,1,47
2,2,1,1,1,47
2,2,1,1,1,47
0,0,0,0,0,48
1,0,0,0,0,48
1,1,0,0,0,48
1,1,0,1,0,48
1,1,1,1,0,48
1,1,1,1,1,48
1,1,1,1,1,48
2,1,1,1,1,48
2,1,1,1,1,48
2,2,1,1,1,48
2,2,1,1,1,48
2,2,1,1,1,48
2,2,1,1,1,48
2,2,1,1,1,48
2,2,1,1,1,48
2,2,1,1,1,48
2,2,1,1,1,48
2,2,1,1,1,48
2,2,1,1,1,48
2,2,1,1,1,48
2,2,1,1,1,48
2,2,1,1,1,48
2,2,1,1,1,48
1,2,1,1,1,48
1,2,1,1,1,48
1,2,1,1,1,48
1,2,1,1,1,48
1,2,1,1,1,48
1,2,1,1,1,48
1,2,1,1,1,48
1,2,1,1,1,48
1,2,1,1,1,48
1,2,1,1,1,48
1,2,1,1,1,48
1,2,1,1,1,48
1,2,1,1,1,48
1,2,1,1,1,48
1,2,1,1,1,48
1,2,1,1,1,48
1,2,1,1,1,48
1,2,1,1,1,48
1,1,1,1,1,48
1,1,1,1,1,48
1,1,1,1,1,48
1,1,1,1,1,48
1,1,1,1,1,48
1,1,1,1,1,48
1,1,1,1,1,48
1,1,1,1,1,48
1,1,1,1,1,48
1,1,1,1,1,48
1,1,1,1,1,48
1,1,1,1,1,48
1,1,1,1,1,48
1,1,1,1,1,48
1,1,1,1,1,48
1,1,1,1,1,48
1,1,1,1,1,48
1,1,1,1,1,48
1,1,1,1,1,48
1,1,1,1,1,48
1,1,1,1,1,48
1,1,1,1,1,48
1,1,1,1,1,48
1,1,1,1,1,48
1,1,1,1,1,48
1,1,1,1,1,48
1,1,1,1,1,48
1,1,1,1,1,48
1,1,1,1,1,48
1,1,1,1,1,48
1,1,1,1,1,48
1,1,1,1,1,48
1,1,1,1,1,48
1,1,1,1,1,48
1,1,1,1,1,48
1,1,1,1,1,48
1,1,1,1,1,48
1,1,1,1,1,48
1,1,1,1,1,48
1,1,1,1,1,48
1,1,1,1,1,48
1,1,1,1,1,48
1,1,1,1,1,48
1,1,1,1,1,48
1,1,1,1,1,48
1,1,1,1,1,48
1,1,1,1,1,48
1,1,1,1,1,48
1,1,1,1,1,48
1,1,1,1,1,48
1,1,1,1,1,48
1,1,1,1,1,48
1,1,1,1,1,48
1,1,1,1,1,48
1,1,1,1,1,48
1,1,1,1,1,48
1,1,1,1,1,48
1,1,1,1,1,48
1,1,1,1,1,48
0,0,0,0,0,49
0,1,0,0,0,49
0,1,0,0,1,49
0,1,0,0,1,49
0,2,0,0,1,49
1,2,0,0,1,49
0,2,0,0,2,49
0,2,1,0,2,49
0,2,1,0,3,49
0,2,1,0,3,49
0,2,1,0,3,49
0,2,1,0,3,49
0,2,1,0,3,49
0,2,1,0,3,49
0,2,1,0,3,49
0,2,1,0,3,49
0,2,1,0,3,49
0,2,1,0,3,49
0,2,1,0,3,49
0,2,1,0,3,49
0,2,1,0,3,49
0,2,1,0,3,49
0,2,1,0,3,49
0,2,1,0,3,49
0,2,1,0,3,49
0,2,1,0,3,49
0,2,1,0,3,49
0,2,1,0,3,49
0,2,1,0,3,49
0,2,1,0,3,49
0,2,1,0,3,49
0,2,1,0,3,49
0,2,1,0,3,49
0,2,1,0,3,49
0,2,1,0,3,49
0,2,1,0,3,49
0,2,1,0,3,49
0,2,1,0,3,49
0,2,1,0,3,49
0,2,1,0,3,49
0,2,1,0,3,49
0,2,1,0,3,49
0,2,1,0,3,49
0,2,1,0,3,49
0,2,1,0,3,49
0,2,1,0,3,49
0,2,1,0,3,49
0,2,1,0,3,49
0,2,1,0,3,49
0,2,1,0,3,49
0,2,1,0,3,49
0,2,0,0,3,49
0,2,0,0,3,49
0,2,0,0,3,49
0,2,0,0,3,49
0,2,0,0,3,49
0,2,0,0,3,49
0,2,0,0,3,49
0,2,0,0,3,49
0,2,0,0,3,49
0,2,0,0,3,49
0,2,0,0,3,49
0,2,0,0,3,49
0,2,0,0,3,49
0,2,0,0,3,49
0,2,0,0,3,49
0,2,0,0,3,49
0,2,0,0,3,49
0,2,0,0,3,49
0,2,0,0,3,49
0,2,0,0,3,49
0,2,0,0,3,49
0,2,0,0,3,49
0,2,0,0,3,49
0,2,0,0,3,49
0,2,0,0,3,49
0,2,0,0,3,49
0,2,0,0,3,49
0,2,0,0,3,49
0,2,0,0,3,49
0,2,0,0,3,49
0,2,0,0,3,49
0,2,0,0,3,49
0,2,0,0,3,49
0,2,0,0,3,49
0,2,0,0,3,49
0,2,0,0,3,49
0,2,0,0,3,49
0,2,0,0,3,49
0,2,0,0,3,49
0,2,0,0,3,49
0,2,0,0,3,49
0,2,0,0,3,49
0,2,0,0,3,49
0,2,0,0,3,49
0,2,0,0,3,49
0,2,0,0,3,49
0,2,0,0,3,49
0,2,0,0,3,49
0,2,0,0,3,49
0,0,0,0,0,50
0,0,1,0,0,50
0,1,1,0,0,50
0,1,1,0,0,50
0,1,1,0,0,50
0,1,1,0,0,50
0,1,1,0,0,50
0,1,1,0,0,50
0,1,1,0,0,50
0,1,1,0,0,50
0,1,1,0,0,50
0,1,1,0,0,50
0,1,1,0,0,50
0,2,1,0,0,50
0,2,1,1,0,50
0,2,1,1,0,50
0,2,1,0,0,50
0,2,1,1,0,50
0,2,1,1,0,50
0,2,1,1,1,50
0,2,1,1,2,50
1,2,1,1,2,50
2,2,1,1,2,50
2,2,1,1,2,50
2,3,1,1,2,50
2,3,1,1,3,50
2,3,1,1,4,50
2,3,2,1,4,50
2,3,2,1,4,50
2,3,2,1,4,50
2,3,2,1,4,50
2,3,2,1,4,50
2,3,2,1,3,50
3,3,2,1,3,50
3,3,2,1,3,50
3,3,2,1,3,50
3,3,2,1,3,50
3,3,2,1,3,50
3,3,2,1,4,50
3,3,2,1,5,50
3,3,2,1,5,50
3,3,2,1,5,50
3,3,2,1,5,50
3,3,2,1,5,50
3,3,2,1,5,50
3,3,2,1,6,50
3,3,2,1,6,50
3,3,2,1,6,50
3,3,2,1,6,50
3,3,2,1,6,50
3,3,2,1,6,50
3,3,2,1,6,50
3,4,2,1,6,50
3,4,2,1,6,50
3,4,2,1,6,50
3,4,2,1,6,50
3,4,2,1,6,50
3,4,2,1,6,50
3,4,2,1,6,50
3,4,2,1,6,50
3,4,2,1,5,50
3,4,2,1,5,50
3,4,2,1,6,50
3,4,2,1,6,50
3,4,2,1,6,50
3,4,2,1,6,50
3,4,2,2,6,50
3,4,2,2,6,50
3,4,2,2,6,50
3,4,2,2,6,50
3,4,2,2,6,50
3,4,2,2,6,50
3,4,2,2,6,50
3,4,2,2,6,50
3,4,2,2,6,50
4,4,2,2,6,50
4,4,2,2,6,50
4,4,2,2,6,50
4,4,2,2,6,50
4,4,2,2,6,50
4,4,2,2,6,50
4,4,2,2,6,50
4,5,2,2,6,50
4,5,2,2,6,50
4,5,2,2,6,50
4,5,3,2,6,50
4,5,3,2,6,50
4,5,3,2,6,50
4,5,3,2,6,50
4,5,3,2,6,50
4,5,3,2,6,50
4,5,4,2,6,50
4,5,4,2,6,50
4,5,4,2,6,50
4,6,4,2,6,50
4,6,4,2,6,50
4,6,4,2,6,50
4,6,4,2,6,50
4,6,4,2,6,50
4,6,4,2,6,50
0,0,0,0,0,51
1,0,0,0,0,51
1,0,0,0,1,51
1,1,0,0,1,51
1,1,0,0,1,51
1,1,0,0,2,51
1,1,0,1,2,51
2,1,0,1,2,51
2,1,0,1,3,51
2,1,0,1,3,51
2,1,0,1,3,51
3,1,0,1,3,51
3,1,0,1,3,51
3,1,0,1,3,51
3,1,0,1,3,51
3,1,0,1,3,51
3,1,0,1,3,51
3,1,0,1,3,51
3,1,0,1,3,51
3,1,0,1,3,51
3,1,0,1,3,51
3,1,0,1,3,51
3,1,0,1,3,51
3,1,0,1,3,51
3,1,0,1,3,51
3,1,0,1,3,51
3,1,0,1,3,51
3,1,0,1,3,51
3,1,0,1,3,51
3,1,0,1,3,51
3,1,0,1,3,51
3,1,0,1,3,51
3,1,0,1,3,51
3,1,0,1,3,51
3,1,0,1,3,51
3,1,0,1,3,51
3,1,0,1,3,51
3,1,0,1,3,51
3,1,0,1,3,51
3,1,0,1,3,51
3,1,0,1,3,51
3,1,0,1,3,51
3,1,0,1,3,51
3,1,0,1,3,51
3,1,0,1,3,51
3,1,0,1,3,51
3,1,0,1,3,51
3,1,0,1,3,51
3,1,0,1,3,51
3,1,0,1,3,51
3,1,0,1,2,51
3,1,0,1,2,51
3,1,0,1,2,51
3,1,0,1,2,51
3,1,0,1,2,51
3,1,0,1,2,51
3,1,0,1,2,51
3,1,0,1,2,51
3,1,0,1,2,51
3,1,0,1,2,51
3,1,0,1,2,51
3,1,0,1,2,51
3,1,0,1,2,51
3,1,0,1,2,51
3,1,0,1,2,51
3,1,0,1,2,51
3,1,0,1,2,51
3,1,0,1,2,51
3,1,0,1,2,51
3,1,0,1,2,51
3,1,0,1,2,51
3,1,0,1,2,51
3,1,0,1,2,51
3,1,0,1,2,51
3,1,0,1,2,51
3,1,0,1,2,51
3,1,0,1,2,51
3,1,0,1,2,51
3,1,0,1,2,51
3,1,0,1,2,51
3,1,0,1,2,51
3,1,0,1,2,51
3,1,0,1,2,51
3,1,0,1,2,51
3,1,0,1,2,51
3,1,0,1,2,51
3,1,0,1,2,51
3,1,0,1,2,51
3,1,0,1,2,51
3,1,0,1,2,51
3,1,0,1,2,51
3,1,0,1,2,51
3,1,0,1,2,51
3,1,0,1,2,51
3,1,0,1,2,51
3,1,0,1,2,51
3,1,0,1,2,51
3,1,0,1,2,51
3,1,0,1,2,51
3,1,0,1,2,51
0,0,0,0,0,52
0,0,1,0,0,52
0,0,1,1,0,52
0,0,1,1,0,52
0,0,1,1,0,52
0,0,1,1,1,52
1,0,0,1,1,52
1,0,0,1,1,52
1,0,0,1,2,52
1,1,0,1,2,52
1,2,0,1,2,52
1,2,0,1,2,52
1,2,0,1,2,52
1,2,0,1,2,52
1,2,0,1,2,52
1,2,0,1,2,52
1,2,0,1,2,52
1,2,0,1,2,52
1,2,0,1,2,52
1,2,0,1,2,52
1,2,0,1,2,52
1,2,0,1,2,52
1,2,0,1,2,52
1,2,0,1,2,52
1,2,0,1,2,52
1,2,0,1,2,52
1,2,0,1,2,52
1,2,0,1,2,52
1,2,0,1,2,52
1,2,0,1,2,52
1,2,0,1,2,52
1,2,0,1,2,52
1,2,0,1,2,52
1,2,0,1,2,52
1,2,0,1,2,52
1,2,0,1,2,52
1,2,0,1,2,52
1,2,0,1,2,52
1,2,0,1,2,52
1,2,0,1,2,52
1,2,0,1,2,52
1,2,0,1,2,52
1,2,0,1,2,52
1,2,0,1,2,52
1,2,0,1,2,52
1,2,0,1,2,52
1,2,0,1,2,52
1,2,0,1,2,52
1,2,0,1,2,52
1,2,0,1,2,52
1,2,0,1,2,52
1,2,0,1,2,52
1,2,0,1,2,52
1,2,0,1,2,52
1,2,0,1,2,52
1,2,0,1,2,52
1,2,0,1,2,52
1,2,0,1,2,52
1,2,0,1,2,52
1,2,0,1,2,52
1,2,0,1,2,52
1,2,0,1,2,52
1,2,0,1,2,52
1,2,0,1,2,52
1,2,0,1,2,52
1,2,0,1,2,52
1,2,0,1,2,52
1,2,0,1,2,52
1,2,0,1,2,52
1,2,0,1,2,52
1,2,0,1,2,52
1,2,0,1,2,52
1,2,0,1,2,52
1,2,0,1,2,52
1,2,0,1,2,52
1,2,0,1,2,52
1,2,0,1,2,52
1,2,0,1,2,52
1,2,0,1,2,52
1,2,0,1,2,52
1,2,0,1,2,52
1,2,0,1,2,52
1,2,0,1,2,52
1,2,0,1,2,52
1,2,0,1,2,52
1,2,0,1,2,52
1,2,0,1,2,52
1,2,0,1,2,52
1,2,0,1,2,52
1,2,0,1,2,52
1,2,0,1,2,52
1,2,0,1,2,52
1,2,0,1,2,52
1,2,0,1,2,52
1,2,0,1,2,52
1,2,0,1,2,52
1,2,0,1,2,52
1,2,0,1,2,52
1,2,0,1,2,52
1,2,0,1,2,52
0,0,0,0,0,53
0,0,0,1,0,53
0,0,0,1,0,53
0,0,1,1,0,53
0,0,1,1,1,53
0,0,1,1,1,53
0,0,1,1,1,53
1,0,1,1,1,53
2,0,1,1,1,53
3,0,1,1,1,53
3,0,1,1,2,53
3,1,1,1,2,53
3,1,1,1,2,53
3,1,1,1,2,53
3,1,1,1,2,53
3,1,1,1,2,53
3,1,1,1,2,53
3,1,1,1,2,53
3,1,1,1,2,53
3,1,1,1,2,53
3,1,1,1,2,53
3,1,1,1,2,53
3,1,1,1,2,53
3,1,1,1,2,53
3,0,1,1,2,53
3,0,1,1,2,53
3,0,1,1,2,53
3,0,1,1,2,53
3,0,1,1,2,53
3,0,1,1,2,53
3,0,1,1,2,53
3,0,1,1,2,53
3,0,1,1,2,53
0,0,0,0,0,54
0,0,0,1,0,54
0,0,1,1,0,54
1,0,1,1,0,54
1,0,1,1,0,54
1,0,1,1,0,54
1,0,1,1,0,54
1,0,1,1,0,54
2,0,1,1,0,54
2,0,1,1,0,54
2,0,1,1,0,54
2,0,1,1,0,54
2,0,1,1,1,54
2,0,1,1,2,54
2,1,1,1,2,54
2,1,1,1,2,54
0,0,0,0,0,55
0,1,0,0,0,55
0,1,0,0,0,55
0,1,0,0,0,55
0,1,0,0,1,55
0,1,0,1,1,55
0,2,0,1,1,55
0,2,0,1,1,55
0,3,0,1,1,55
0,3,0,1,1,55
0,3,0,1,1,55
0,3,0,1,2,55
0,3,0,1,2,55
0,3,0,1,2,55
0,3,0,1,2,55
0,3,0,1,2,55
0,3,0,1,2,55
0,3,0,1,2,55
0,3,0,1,2,55
0,3,0,1,2,55
0,3,0,1,2,55
0,3,0,1,2,55
0,3,0,1,2,55
0,3,0,1,2,55
0,3,0,1,2,55
0,3,0,1,2,55
0,3,0,1,2,55
0,3,0,1,2,55
0,3,0,1,2,55
0,3,0,1,2,55
0,3,0,1,2,55
0,3,0,1,2,55
0,3,0,1,2,55
0,3,0,1,2,55
0,3,0,1,2,55
0,3,0,1,2,55
0,3,0,1,2,55
0,3,0,1,2,55
0,3,0,1,2,55
0,3,0,1,2,55
0,3,0,1,2,55
0,3,0,1,2,55
0,3,0,1,2,55
0,3,0,1,2,55
0,3,0,1,2,55
0,3,0,1,2,55
0,3,0,1,2,55
0,3,0,1,2,55
0,3,0,1,2,55
0,3,0,1,2,55
0,3,0,1,2,55
0,3,0,1,2,55
0,3,0,1,2,55
0,3,0,1,2,55
0,3,0,1,2,55
0,3,0,1,2,55
0,3,0,1,2,55
0,3,0,1,2,55
0,3,0,1,2,55
0,3,0,1,2,55
0,3,0,1,2,55
0,3,0,1,2,55
0,3,0,1,2,55
0,3,0,1,2,55
0,3,0,1,2,55
0,3,0,1,2,55
0,3,0,1,2,55
0,3,0,1,2,55
0,3,0,1,2,55
0,3,0,1,2,55
0,3,0,1,2,55
0,3,0,1,2,55
0,3,0,1,2,55
0,3,0,1,2,55
0,3,0,1,2,55
0,3,0,1,2,55
0,3,0,1,2,55
0,3,0,1,2,55
0,3,0,1,2,55
0,3,0,1,2,55
0,3,0,1,2,55
0,3,0,1,2,55
0,3,0,1,2,55
0,3,0,1,2,55
0,3,0,1,2,55
0,3,0,1,2,55
0,3,0,1,2,55
0,3,0,1,2,55
0,3,0,1,2,55
0,3,0,1,2,55
0,3,0,1,2,55
0,3,0,1,2,55
0,3,0,1,2,55
0,3,0,1,2,55
0,3,0,1,2,55
0,3,0,1,2,55
0,3,0,1,2,55
0,3,0,1,1,55
0,3,0,1,1,55
0,3,0,1,1,55
0,0,0,0,0,56
0,1,0,0,0,56
0,2,0,0,0,56
0,2,0,0,1,56
0,2,0,0,2,56
0,2,0,0,2,56
0,2,0,0,2,56
0,3,0,0,2,56
0,3,0,0,2,56
0,3,0,0,3,56
0,3,0,0,3,56
1,3,0,0,3,56
2,3,0,0,3,56
2,3,0,0,3,56
2,3,0,0,3,56
2,3,0,0,3,56
2,3,0,0,3,56
2,3,0,0,3,56
2,3,0,0,3,56
2,3,0,0,3,56
2,3,0,0,3,56
2,3,0,0,3,56
2,3,0,0,3,56
2,3,0,0,3,56
2,3,0,0,3,56
2,3,0,0,3,56
2,3,0,0,3,56
2,3,0,0,3,56
2,3,0,0,3,56
2,3,0,0,3,56
2,3,0,0,3,56
2,3,0,0,3,56
2,3,0,0,3,56
2,3,0,0,3,56
2,3,0,0,3,56
2,3,0,0,3,56
2,3,0,0,3,56
2,3,0,0,3,56
2,3,0,0,3,56
2,3,0,0,3,56
2,3,0,0,3,56
2,3,0,0,3,56
2,3,0,0,3,56
2,3,0,0,3,56
2,3,0,0,3,56
2,3,0,0,3,56
2,3,0,0,3,56
2,3,0,0,3,56
2,3,0,0,3,56
2,3,0,0,3,56
2,3,0,0,3,56
2,3,0,0,3,56
2,3,0,0,3,56
2,3,0,0,3,56
2,3,0,0,3,56
2,3,0,0,3,56
2,3,0,0,3,56
2,3,0,0,3,56
2,3,0,0,3,56
2,3,0,0,3,56
2,3,0,0,3,56
2,3,0,0,3,56
2,3,0,0,3,56
2,3,0,0,3,56
2,3,0,0,3,56
2,3,0,0,3,56
2,3,0,0,3,56
2,3,0,0,3,56
2,3,0,0,3,56
2,3,0,0,3,56
2,3,0,0,3,56
2,3,0,0,3,56
2,3,0,0,3,56
2,3,0,0,3,56
2,3,0,0,3,56
2,3,0,0,3,56
2,3,0,0,3,56
2,3,0,0,3,56
2,3,0,0,3,56
2,3,0,0,3,56
2,3,0,0,3,56
2,3,0,0,3,56
2,3,0,0,3,56
2,3,0,0,3,56
2,3,0,0,3,56
2,3,0,0,3,56
2,3,0,0,3,56
2,3,0,0,3,56
2,3,0,0,3,56
2,3,0,0,3,56
2,3,0,0,3,56
2,3,0,0,3,56
2,3,0,0,3,56
2,3,0,0,3,56
2,3,0,0,3,56
2,3,0,0,3,56
2,3,0,0,3,56
2,3,0,0,3,56
2,3,0,0,3,56
2,3,0,0,3,56
0,0,0,0,0,57
0,0,0,1,0,57
1,0,0,1,0,57
1,0,0,1,0,57
1,1,0,1,0,57
1,1,0,1,0,57
1,2,0,1,0,57
1,2,0,1,1,57
1,2,1,1,1,57
1,2,1,1,1,57
2,2,1,1,1,57
2,2,1,1,1,57
2,2,1,1,1,57
2,2,1,1,1,57
2,2,1,1,1,57
2,2,1,1,1,57
2,2,1,1,1,57
2,2,1,1,1,57
2,2,1,1,1,57
2,2,1,1,1,57
2,2,1,1,1,57
2,2,1,1,1,57
2,2,1,1,1,57
2,2,1,1,1,57
2,2,1,1,1,57
2,2,1,1,1,57
2,2,1,1,1,57
2,2,1,1,1,57
2,2,1,1,1,57
2,2,1,1,1,57
2,2,1,1,1,57
2,2,1,1,1,57
2,2,1,1,1,57
2,2,1,1,1,57
2,2,1,1,1,57
2,2,1,1,1,57
2,2,1,1,1,57
2,2,1,1,1,57
2,2,1,1,1,57
2,2,1,1,1,57
2,2,1,1,1,57
2,2,1,1,1,57
2,2,1,1,1,57
2,2,1,1,1,57
2,2,1,1,1,57
2,2,1,1,1,57
2,2,1,1,1,57
2,2,1,1,1,57
2,2,1,1,1,57
2,2,1,1,1,57
2,2,1,1,1,57
2,2,1,1,1,57
2,2,1,1,1,57
2,2,1,1,1,57
2,2,1,1,1,57
2,2,1,1,1,57
2,2,1,1,1,57
2,2,1,1,1,57
2,2,1,1,1,57
2,2,1,1,1,57
2,2,1,1,1,57
2,2,1,1,1,57
2,2,1,1,1,57
2,2,1,1,1,57
2,2,1,1,1,57
2,2,1,1,1,57
2,2,1,1,1,57
2,2,1,1,1,57
2,2,1,1,1,57
2,2,1,1,1,57
2,2,1,1,1,57
2,2,1,1,1,57
2,2,1,1,1,57
2,2,1,1,1,57
2,2,1,1,1,57
2,2,1,1,1,57
2,2,1,1,1,57
2,2,1,1,1,57
2,2,1,1,1,57
2,2,1,1,1,57
2,2,1,1,1,57
2,2,1,1,1,57
2,2,1,1,1,57
2,2,1,1,1,57
2,2,1,1,1,57
2,2,1,1,1,57
2,2,1,1,1,57
2,2,1,1,1,57
2,2,1,1,1,57
2,2,1,1,1,57
2,2,1,1,1,57
2,2,1,1,1,57
2,2,1,1,1,57
2,2,1,1,1,57
2,2,1,1,1,57
2,1,1,1,1,57
2,1,1,1,1,57
2,1,1,1,1,57
2,1,1,1,1,57
2,1,1,1,1,57
0,0,0,0,0,58
0,0,0,0,1,58
0,0,1,0,1,58
1,0,1,0,1,58
1,0,1,0,1,58
1,0,1,1,1,58
1,0,1,1,1,58
1,0,1,1,1,58
1,0,1,1,1,58
1,0,1,1,1,58
1,0,1,1,1,58
2,0,1,1,1,58
2,1,1,1,1,58
2,1,1,1,1,58
2,1,1,1,1,58
2,1,1,1,1,58
2,1,1,1,1,58
2,1,1,1,2,58
2,1,1,1,2,58
2,1,1,1,2,58
2,1,1,1,2,58
2,1,1,1,2,58
2,1,1,1,2,58
2,1,1,1,2,58
2,1,1,1,2,58
2,1,1,1,2,58
2,1,1,1,2,58
2,1,1,1,2,58
2,1,1,1,2,58
2,1,1,1,2,58
2,1,1,1,2,58
2,1,1,1,2,58
2,1,1,1,2,58
2,1,1,1,2,58
2,1,1,1,2,58
2,1,1,1,2,58
2,1,1,1,2,58
2,1,1,1,2,58
2,1,1,1,2,58
2,1,1,1,2,58
2,1,1,1,2,58
2,1,1,1,1,58
2,1,1,1,1,58
2,1,1,1,1,58
2,1,1,1,1,58
2,1,1,1,1,58
2,1,1,1,1,58
2,1,1,1,1,58
2,1,1,1,1,58
2,1,1,1,1,58
2,1,1,1,1,58
2,1,1,1,1,58
2,1,1,1,1,58
2,1,1,1,1,58
2,1,1,1,1,58
2,1,1,1,1,58
2,1,1,1,1,58
2,1,1,1,1,58
2,1,1,1,1,58
2,1,1,1,1,58
2,1,1,1,1,58
2,1,1,1,1,58
2,1,1,1,1,58
2,1,1,1,1,58
2,1,1,1,1,58
2,1,1,1,1,58
2,1,1,1,1,58
2,1,1,1,1,58
2,1,1,1,1,58
2,1,1,1,1,58
2,1,1,1,1,58
2,1,1,1,1,58
2,1,1,1,1,58
2,1,1,1,1,58
2,1,1,1,1,58
2,1,1,1,1,58
2,1,1,1,1,58
2,1,1,1,1,58
2,1,1,1,1,58
2,1,1,1,1,58
2,1,1,1,1,58
2,1,1,1,1,58
2,1,1,1,1,58
2,1,1,1,1,58
2,1,1,1,1,58
2,1,1,1,1,58
2,1,1,1,1,58
2,1,0,1,1,58
2,1,0,1,1,58
2,1,0,1,1,58
2,1,0,1,1,58
2,1,0,1,1,58
2,1,0,1,1,58
2,1,0,1,1,58
2,1,0,1,1,58
2,1,0,1,1,58
2,1,0,1,1,58
2,1,0,1,1,58
2,1,0,1,1,58
2,1,0,1,1,58
