population,babies,run_id
20,0,1
20,0,1
20,0,1
21,1,1
21,3,1
21,4,1
21,2,1
21,0,1
23,2,1
23,3,1
23,1,1
23,1,1
23,0,1
25,2,1
25,2,1
25,0,1
25,4,1
25,4,1
25,1,1
25,4,1
25,7,1
25,9,1
25,2,1
25,7,1
21,3,1
21,2,1
21,3,1
14,8,1
14,0,1
15,1,1
15,4,1
15,2,1
12,0,1
14,2,1
16,2,1
13,1,1
16,3,1
16,1,1
16,2,1
16,1,1
16,1,1
11,0,1
12,1,1
13,1,1
13,0,1
14,1,1
14,0,1
14,0,1
15,1,1
15,1,1
15,4,1
15,2,1
15,4,1
15,2,1
15,2,1
15,2,1
15,1,1
15,2,1
15,4,1
15,3,1
11,2,1
12,1,1
13,2,1
15,2,1
15,1,1
15,1,1
15,1,1
15,2,1
15,0,1
18,3,1
18,1,1
18,2,1
18,3,1
18,4,1
18,2,1
18,1,1
18,4,1
18,3,1
18,1,1
18,3,1
18,1,1
18,0,1
18,2,1
18,2,1
18,0,1
18,2,1
18,1,1
18,1,1
18,2,1
18,2,1
18,1,1
14,0,1
18,4,1
18,1,1
18,3,1
18,3,1
18,4,1
18,3,1
18,4,1
14,1,1
20,0,2
20,0,2
20,0,2
20,0,2
20,0,2
20,4,2
15,5,2
17,2,2
19,2,2
19,8,2
29,10,2
40,11,2
47,12,2
64,17,2
80,16,2
97,36,2
97,28,2
78,30,2
78,20,2
64,25,2
64,12,2
64,17,2
64,5,2
64,0,2
79,15,2
103,24,2
126,23,2
134,8,2
143,9,2
143,6,2
147,4,2
147,7,2
147,4,2
152,5,2
131,6,2
134,3,2
134,9,2
139,5,2
139,5,2
141,2,2
141,3,2
143,2,2
143,3,2
146,3,2
146,4,2
147,1,2
147,5,2
147,3,2
147,6,2
147,4,2
147,3,2
147,3,2
147,2,2
147,1,2
147,4,2
147,4,2
147,2,2
147,2,2
147,5,2
147,5,2
147,1,2
147,2,2
147,6,2
147,4,2
147,2,2
147,7,2
147,5,2
147,3,2
147,3,2
147,2,2
147,2,2
147,1,2
147,1,2
147,0,2
146,3,2
105,1,2
105,1,2
105,2,2
105,3,2
92,2,2
96,4,2
101,5,2
101,4,2
101,0,2
101,1,2
101,1,2
101,4,2
101,1,2
74,4,2
74,3,2
74,4,2
74,10,2
74,8,2
74,5,2
74,5,2
74,5,2
74,7,2
74,6,2
74,8,2
74,9,2
20,0,3
20,0,3
20,0,3
20,0,3
20,0,3
20,0,3
15,5,3
9,11,3
12,3,3
15,3,3
22,7,3
35,13,3
40,18,3
51,11,3
51,12,3
51,5,3
32,2,3
40,8,3
40,7,3
40,13,3
36,12,3
36,6,3
36,10,3
36,6,3
26,4,3
33,7,3
38,5,3
48,10,3
60,12,3
72,12,3
88,16,3
96,8,3
96,9,3
109,13,3
114,5,3
114,5,3
114,2,3
114,3,3
114,4,3
114,25,3
79,4,3
79,13,3
79,7,3
79,7,3
63,17,3
63,10,3
63,6,3
63,0,3
74,11,3
86,12,3
96,10,3
109,13,3
112,3,3
89,3,3
73,3,3
73,4,3
54,7,3
54,6,3
54,5,3
54,7,3
54,5,3
54,6,3
64,10,3
64,14,3
64,13,3
70,8,3
70,5,3
83,13,3
96,13,3
96,11,3
96,4,3
111,15,3
112,1,3
112,4,3
112,4,3
118,6,3
121,3,3
122,1,3
125,3,3
125,1,3
129,4,3
131,2,3
131,3,3
131,5,3
131,4,3
133,2,3
135,2,3
88,2,3
88,9,3
88,11,3
98,10,3
98,5,3
111,13,3
111,11,3
114,3,3
114,1,3
111,10,3
113,2,3
113,1,3
113,1,3
20,0,4
20,0,4
20,0,4
20,0,4
25,5,4
25,1,4
25,4,4
25,1,4
25,2,4
25,5,4
25,5,4
25,5,4
25,11,4
25,2,4
25,4,4
25,5,4
25,5,4
25,1,4
29,4,4
33,4,4
40,7,4
40,4,4
47,7,4
47,1,4
51,4,4
55,4,4
55,7,4
55,5,4
67,12,4
67,9,4
67,19,4
67,7,4
76,9,4
76,3,4
83,7,4
83,10,4
98,15,4
98,3,4
98,0,4
105,7,4
105,2,4
109,4,4
117,8,4
120,3,4
120,2,4
120,3,4
124,4,4
128,4,4
128,5,4
133,5,4
133,3,4
139,6,4
145,6,4
145,6,4
146,1,4
146,3,4
149,3,4
149,2,4
149,5,4
149,4,4
149,10,4
155,6,4
155,4,4
160,5,4
160,6,4
165,5,4
169,4,4
169,5,4
169,0,4
176,7,4
182,6,4
182,4,4
182,4,4
189,7,4
189,1,4
193,4,4
198,5,4
198,6,4
198,4,4
198,4,4
198,5,4
204,6,4
204,6,4
204,2,4
153,1,4
144,4,4
144,5,4
146,6,4
146,5,4
146,5,4
146,6,4
137,1,4
146,9,4
146,5,4
150,4,4
150,3,4
150,0,4
156,6,4
159,3,4
159,4,4
20,0,5
20,0,5
20,0,5
30,10,5
30,13,5
30,53,5
30,52,5
30,27,5
30,21,5
30,25,5
30,14,5
38,8,5
38,14,5
50,12,5
66,16,5
93,27,5
140,47,5
158,18,5
171,13,5
186,15,5
204,18,5
215,11,5
225,10,5
245,20,5
275,30,5
273,28,5
273,19,5
273,26,5
273,15,5
273,18,5
273,11,5
273,15,5
273,19,5
273,17,5
273,18,5
273,19,5
273,19,5
273,17,5
273,13,5
273,21,5
273,15,5
273,15,5
273,26,5
273,21,5
273,21,5
273,17,5
273,12,5
273,18,5
273,20,5
273,17,5
273,15,5
273,24,5
273,21,5
273,18,5
273,17,5
273,21,5
273,18,5
273,18,5
273,16,5
273,22,5
273,18,5
273,22,5
273,15,5
273,13,5
273,20,5
273,23,5
273,17,5
273,11,5
273,16,5
273,19,5
273,13,5
273,18,5
273,17,5
273,9,5
273,16,5
273,18,5
273,17,5
273,20,5
273,14,5
273,16,5
273,18,5
273,11,5
273,19,5
273,18,5
273,17,5
273,12,5
273,14,5
273,19,5
273,20,5
273,19,5
273,18,5
273,19,5
273,22,5
273,14,5
273,18,5
273,7,5
273,14,5
273,20,5
273,15,5
273,14,5
20,0,6
20,0,6
16,0,6
16,0,6
16,0,6
17,1,6
20,3,6
25,5,6
28,3,6
24,3,6
24,3,6
24,6,6
24,8,6
30,6,6
30,5,6
30,7,6
30,2,6
30,1,6
30,5,6
30,2,6
30,0,6
30,1,6
30,2,6
30,6,6
30,7,6
30,6,6
30,2,6
37,7,6
42,5,6
49,7,6
55,6,6
55,5,6
64,9,6
73,9,6
89,16,6
96,7,6
96,16,6
106,10,6
108,2,6
108,11,6
108,14,6
110,2,6
110,10,6
110,7,6
113,3,6
113,3,6
124,11,6
125,1,6
125,1,6
125,7,6
127,2,6
127,6,6
130,3,6
130,4,6
130,12,6
130,9,6
133,3,6
134,1,6
134,1,6
134,2,6
94,12,6
104,10,6
108,4,6
108,7,6
108,0,6
108,10,6
114,6,6
114,5,6
114,7,6
114,8,6
117,3,6
120,3,6
120,4,6
96,3,6
96,7,6
89,8,6
89,4,6
102,13,6
104,2,6
104,19,6
104,7,6
106,2,6
106,8,6
94,2,6
94,9,6
94,12,6
94,12,6
94,9,6
117,23,6
120,3,6
120,10,6
122,2,6
124,2,6
124,21,6
128,4,6
132,4,6
132,19,6
137,5,6
103,11,6
105,2,6
20,0,7
20,0,7
20,0,7
20,0,7
12,0,7
12,0,7
12,0,7
16,4,7
16,1,7
14,4,7
14,2,7
14,4,7
17,3,7
17,9,7
17,4,7
17,3,7
17,3,7
17,6,7
17,1,7
17,4,7
17,3,7
15,6,7
15,3,7
15,2,7
15,6,7
15,4,7
15,4,7
15,2,7
15,2,7
15,5,7
15,3,7
15,1,7
15,3,7
15,0,7
15,3,7
15,4,7
15,0,7
15,0,7
15,0,7
15,2,7
15,2,7
15,4,7
15,4,7
15,2,7
15,3,7
15,4,7
15,2,7
16,1,7
16,2,7
16,0,7
16,4,7
16,4,7
16,2,7
13,3,7
13,4,7
13,1,7
13,4,7
13,2,7
13,0,7
13,2,7
10,0,7
8,1,7
8,0,7
11,3,7
11,3,7
11,6,7
11,2,7
11,1,7
11,3,7
11,0,7
11,0,7
11,3,7
11,3,7
11,3,7
11,1,7
11,3,7
11,3,7
11,3,7
11,3,7
11,1,7
11,1,7
11,0,7
11,3,7
11,1,7
11,1,7
11,1,7
11,1,7
11,4,7
11,3,7
11,3,7
11,3,7
11,2,7
11,4,7
11,3,7
11,2,7
11,3,7
11,0,7
11,1,7
11,2,7
11,2,7
20,0,8
20,0,8
20,0,8
20,0,8
20,0,8
20,0,8
15,0,8
12,2,8
9,3,8
7,2,8
6,0,8
5,0,8
5,0,8
5,0,8
6,1,8
4,0,8
6,2,8
9,3,8
9,0,8
9,1,8
9,3,8
9,2,8
9,1,8
9,0,8
9,1,8
9,1,8
10,1,8
10,1,8
10,2,8
10,0,8
10,0,8
11,1,8
11,2,8
11,2,8
11,2,8
11,2,8
11,0,8
11,2,8
11,1,8
11,2,8
11,1,8
11,0,8
11,3,8
11,3,8
11,5,8
11,2,8
11,2,8
11,2,8
11,2,8
11,0,8
12,1,8
12,1,8
12,3,8
12,1,8
12,1,8
12,1,8
12,1,8
12,4,8
12,2,8
12,2,8
12,1,8
12,3,8
12,2,8
12,1,8
12,2,8
12,0,8
12,2,8
12,1,8
12,2,8
12,1,8
12,1,8
12,0,8
12,2,8
12,3,8
12,3,8
12,4,8
12,2,8
12,1,8
12,2,8
12,0,8
12,0,8
12,1,8
12,1,8
12,0,8
12,3,8
12,1,8
12,4,8
12,1,8
12,2,8
12,1,8
12,1,8
12,4,8
12,0,8
12,1,8
12,1,8
12,2,8
12,0,8
12,5,8
12,2,8
12,0,8
20,0,9
20,0,9
20,0,9
20,0,9
20,0,9
20,0,9
20,0,9
20,0,9
20,0,9
20,0,9
20,0,9
20,0,9
20,3,9
23,3,9
23,0,9
23,5,9
23,4,9
23,2,9
23,0,9
23,2,9
23,4,9
23,3,9
23,3,9
23,6,9
23,2,9
34,11,9
44,10,9
44,5,9
38,13,9
38,6,9
46,8,9
51,5,9
51,4,9
58,7,9
70,12,9
83,13,9
83,10,9
94,11,9
109,15,9
115,6,9
115,11,9
116,1,9
116,9,9
120,4,9
120,1,9
124,4,9
128,4,9
133,5,9
134,1,9
134,3,9
134,4,9
134,6,9
137,3,9
143,6,9
143,6,9
143,4,9
148,5,9
100,5,9
100,12,9
105,5,9
105,2,9
105,7,9
108,3,9
110,2,9
110,1,9
101,1,9
101,3,9
101,2,9
102,1,9
102,3,9
102,3,9
102,2,9
62,8,9
62,7,9
62,8,9
68,6,9
80,12,9
90,10,9
85,9,9
85,8,9
92,7,9
108,16,9
110,2,9
110,9,9
106,4,9
106,3,9
106,4,9
106,2,9
106,2,9
106,7,9
108,2,9
108,8,9
112,4,9
94,2,9
94,4,9
94,13,9
94,2,9
106,12,9
110,4,9
114,4,9
20,0,10
20,0,10
20,0,10
20,0,10
20,0,10
20,0,10
15,0,10
12,0,10
9,0,10
9,0,10
9,0,10
9,0,10
9,0,10
7,0,10
7,0,10
7,0,10
7,0,10
7,0,10
7,2,10
7,0,10
7,1,10
7,0,10
7,1,10
7,0,10
7,2,10
7,2,10
7,0,10
7,2,10
7,0,10
7,0,10
7,1,10
7,1,10
7,1,10
7,1,10
7,0,10
7,0,10
7,1,10
7,1,10
7,0,10
7,0,10
7,1,10
7,1,10
7,1,10
7,0,10
7,2,10
7,0,10
7,1,10
7,1,10
7,0,10
7,0,10
7,1,10
7,0,10
7,0,10
7,0,10
7,1,10
7,1,10
7,0,10
7,0,10
7,2,10
7,1,10
7,0,10
7,0,10
7,1,10
7,0,10
7,1,10
7,2,10
7,1,10
7,2,10
7,0,10
7,0,10
7,1,10
7,1,10
7,0,10
7,1,10
7,1,10
7,0,10
7,0,10
7,1,10
7,1,10
7,1,10
7,1,10
7,0,10
7,1,10
7,1,10
7,0,10
7,0,10
7,1,10
7,1,10
7,0,10
7,1,10
7,2,10
7,0,10
7,0,10
7,0,10
7,0,10
7,0,10
7,2,10
7,1,10
7,1,10
7,1,10
20,0,11
20,0,11
20,0,11
27,7,11
32,5,11
32,7,11
32,6,11
32,8,11
32,2,11
32,2,11
32,4,11
32,5,11
32,4,11
32,4,11
32,3,11
26,3,11
26,6,11
26,4,11
26,3,11
25,3,11
25,0,11
25,6,11
25,3,11
25,4,11
25,2,11
25,1,11
25,4,11
25,1,11
25,3,11
25,5,11
25,3,11
25,3,11
25,3,11
25,6,11
25,4,11
25,1,11
25,3,11
25,5,11
25,0,11
25,3,11
25,6,11
25,2,11
25,3,11
25,4,11
25,2,11
25,1,11
25,4,11
25,4,11
25,3,11
25,2,11
25,4,11
25,3,11
25,5,11
25,2,11
25,1,11
24,4,11
24,2,11
24,4,11
24,4,11
24,3,11
24,4,11
24,4,11
15,3,11
17,2,11
17,0,11
15,2,11
15,0,11
12,2,11
15,3,11
16,1,11
12,3,11
12,0,11
14,2,11
16,2,11
17,1,11
18,1,11
21,3,11
23,2,11
23,3,11
23,1,11
23,5,11
23,1,11
23,1,11
29,6,11
29,1,11
29,3,11
29,4,11
29,8,11
29,5,11
29,5,11
29,3,11
29,5,11
29,6,11
29,1,11
29,2,11
29,4,11
29,1,11
26,2,11
26,4,11
26,7,11
19,0,12
19,0,12
19,0,12
19,5,12
19,6,12
19,5,12
19,1,12
15,2,12
12,2,12
9,0,12
7,1,12
7,0,12
7,0,12
7,0,12
7,0,12
7,0,12
7,0,12
7,0,12
7,0,12
8,1,12
9,1,12
11,2,12
14,3,12
17,3,12
17,3,12
17,1,12
23,6,12
27,4,12
25,1,12
29,4,12
31,2,12
31,5,12
31,3,12
28,3,12
28,4,12
28,5,12
33,5,12
39,6,12
50,11,12
62,12,12
74,12,12
87,13,12
102,15,12
105,3,12
113,8,12
116,3,12
124,8,12
127,3,12
127,7,12
127,7,12
127,4,12
127,0,12
127,5,12
127,7,12
127,10,12
127,6,12
127,7,12
127,12,12
127,9,12
127,6,12
127,8,12
127,4,12
127,9,12
127,4,12
127,4,12
127,5,12
127,5,12
127,6,12
127,7,12
127,7,12
127,4,12
127,5,12
127,7,12
127,7,12
127,7,12
127,4,12
127,7,12
127,7,12
127,7,12
127,4,12
127,7,12
127,8,12
127,5,12
127,5,12
127,2,12
127,10,12
127,10,12
127,5,12
127,6,12
127,8,12
127,8,12
127,4,12
127,7,12
127,9,12
127,6,12
127,10,12
127,7,12
127,2,12
127,6,12
127,10,12
20,0,13
20,0,13
20,15,13
20,11,13
20,4,13
20,4,13
15,6,13
18,3,13
18,1,13
18,5,13
18,3,13
20,2,13
14,0,13
16,2,13
19,3,13
23,4,13
27,4,13
31,4,13
34,3,13
41,7,13
42,1,13
46,4,13
50,4,13
59,9,13
65,6,13
70,5,13
74,4,13
76,2,13
76,7,13
76,8,13
76,6,13
71,9,13
63,7,13
63,7,13
63,5,13
63,7,13
63,4,13
63,6,13
63,5,13
63,7,13
63,5,13
63,5,13
63,9,13
63,2,13
63,6,13
63,3,13
63,8,13
63,7,13
63,7,13
63,6,13
63,6,13
63,7,13
63,7,13
63,8,13
53,7,13
53,6,13
53,5,13
53,4,13
53,9,13
53,5,13
39,5,13
27,1,13
27,5,13
27,0,13
27,3,13
27,3,13
27,2,13
27,5,13
19,2,13
19,4,13
19,0,13
19,2,13
19,2,13
19,4,13
22,3,13
27,5,13
29,2,13
33,5,13
36,3,13
43,7,13
39,5,13
39,2,13
39,4,13
39,5,13
39,3,13
39,7,13
39,3,13
39,7,13
39,2,13
39,5,13
39,5,13
39,3,13
39,3,13
39,4,13
39,6,13
33,5,13
33,5,13
33,7,13
33,7,13
33,3,13
20,0,14
20,0,14
20,0,14
20,0,14
20,0,14
20,11,14
20,3,14
20,0,14
17,2,14
20,3,14
20,0,14
21,1,14
21,0,14
23,2,14
21,4,14
24,3,14
29,5,14
29,4,14
29,6,14
29,5,14
29,2,14
29,7,14
29,8,14
29,6,14
29,2,14
29,6,14
29,3,14
29,5,14
29,6,14
29,6,14
29,2,14
29,7,14
29,7,14
29,5,14
29,5,14
29,1,14
29,10,14
29,2,14
29,3,14
29,2,14
29,6,14
29,5,14
29,8,14
29,5,14
29,8,14
29,3,14
29,6,14
29,5,14
29,9,14
29,4,14
29,4,14
29,4,14
29,3,14
29,5,14
29,0,14
23,3,14
14,5,14
16,2,14
22,6,14
22,4,14
22,5,14
22,4,14
14,3,14
16,2,14
22,6,14
26,4,14
26,8,14
26,7,14
26,6,14
26,3,14
17,5,14
23,6,14
28,5,14
28,3,14
24,6,14
24,6,14
24,6,14
24,3,14
24,9,14
24,6,14
24,9,14
24,9,14
24,5,14
24,7,14
24,7,14
24,8,14
24,4,14
24,9,14
24,4,14
24,8,14
24,4,14
24,8,14
24,8,14
24,8,14
23,7,14
23,8,14
23,7,14
23,11,14
15,8,14
15,5,14
12,0,15
8,0,15
8,0,15
8,0,15
6,0,15
5,0,15
5,0,15
5,0,15
5,0,15
5,0,15
5,0,15
5,0,15
5,0,15
5,0,15
5,0,15
5,0,15
5,0,15
3,0,15
3,0,15
3,0,15
3,0,15
3,0,15
3,0,15
3,0,15
3,0,15
3,0,15
3,0,15
2,0,15
2,0,15
2,0,15
2,0,15
2,0,15
2,0,15
2,0,15
2,0,15
2,0,15
2,0,15
2,0,15
2,0,15
2,0,15
2,0,15
2,0,15
2,0,15
2,0,15
2,0,15
2,0,15
2,0,15
2,0,15
2,0,15
2,0,15
2,0,15
2,0,15
2,0,15
2,0,15
2,0,15
2,0,15
2,0,15
2,0,15
2,0,15
2,0,15
2,0,15
2,0,15
2,0,15
2,0,15
2,0,15
2,0,15
2,0,15
2,0,15
2,0,15
2,0,15
2,0,15
2,0,15
2,0,15
2,0,15
2,0,15
2,0,15
2,0,15
2,0,15
2,0,15
2,0,15
2,0,15
2,0,15
2,0,15
2,0,15
2,0,15
2,0,15
2,0,15
2,0,15
2,0,15
2,0,15
2,0,15
2,0,15
2,0,15
2,0,15
2,0,15
2,0,15
2,0,15
2,0,15
2,0,15
2,0,15
20,0,16
20,0,16
20,1,16
20,0,16
20,28,16
19,8,16
15,6,16
17,2,16
20,3,16
31,12,16
45,14,16
64,19,16
119,55,16
130,11,16
141,11,16
141,5,16
152,11,16
152,7,16
158,6,16
158,8,16
158,10,16
174,16,16
174,11,16
183,9,16
183,8,16
192,9,16
146,8,16
146,33,16
157,11,16
168,11,16
177,9,16
177,14,16
190,13,16
190,32,16
199,14,16
207,8,16
207,12,16
207,21,16
215,8,16
215,18,16
233,18,16
233,11,16
233,9,16
233,6,16
218,11,16
226,8,16
226,8,16
237,11,16
248,11,16
248,7,16
259,11,16
270,11,16
270,8,16
282,12,16
282,7,16
282,10,16
282,5,16
289,7,16
303,14,16
303,14,16
215,18,16
215,11,16
215,4,16
215,25,16
230,15,16
230,13,16
237,7,16
192,11,16
192,6,16
197,5,16
152,4,16
152,4,16
155,3,16
155,6,16
162,7,16
162,12,16
169,7,16
169,8,16
172,3,16
181,9,16
181,14,16
186,5,16
186,3,16
192,6,16
192,7,16
198,6,16
198,3,16
204,6,16
204,14,16
224,20,16
234,10,16
241,7,16
241,8,16
186,19,16
186,5,16
186,0,16
193,7,16
201,8,16
205,4,16
205,1,16
20,0,17
20,0,17
20,0,17
20,0,17
20,0,17
17,16,17
13,14,17
10,4,17
8,3,17
6,7,17
5,9,17
4,7,17
3,4,17
2,0,17
1,0,17
0,0,17
20,0,18
12,0,18
12,0,18
12,0,18
12,0,18
12,0,18
12,0,18
12,0,18
8,0,18
11,3,18
13,2,18
16,3,18
19,3,18
22,3,18
22,2,18
22,3,18
25,3,18
25,5,18
25,8,18
25,5,18
25,4,18
25,7,18
25,2,18
25,4,18
25,7,18
25,3,18
25,3,18
25,4,18
25,6,18
25,3,18
25,7,18
25,4,18
17,4,18
21,4,18
28,7,18
28,2,18
28,5,18
28,7,18
22,3,18
25,3,18
25,2,18
25,3,18
25,8,18
25,4,18
25,4,18
25,3,18
25,4,18
25,4,18
25,6,18
25,4,18
25,8,18
25,4,18
25,4,18
25,7,18
25,3,18
25,3,18
25,2,18
25,7,18
25,6,18
25,6,18
25,3,18
25,8,18
25,3,18
25,5,18
25,2,18
25,7,18
25,6,18
16,7,18
20,6,18
23,3,18
29,6,18
29,5,18
29,7,18
29,2,18
29,3,18
29,5,18
29,3,18
29,0,18
29,3,18
29,1,18
29,3,18
29,4,18
29,4,18
24,5,18
24,5,18
24,3,18
24,3,18
24,1,18
24,1,18
24,3,18
24,1,18
24,0,18
18,4,18
21,3,18
24,3,18
24,2,18
24,6,18
24,4,18
24,3,18
24,2,18
20,0,19
20,0,19
20,0,19
20,0,19
20,0,19
20,0,19
20,0,19
20,0,19
20,0,19
20,0,19
20,0,19
20,0,19
20,4,19
20,4,19
20,2,19
20,2,19
20,3,19
20,5,19
20,5,19
20,2,19
20,5,19
20,6,19
20,5,19
20,3,19
20,6,19
20,4,19
20,3,19
20,3,19
20,6,19
20,6,19
20,2,19
20,5,19
20,2,19
20,5,19
19,3,19
19,3,19
14,4,19
18,4,19
18,1,19
18,1,19
18,2,19
18,4,19
18,5,19
18,7,19
18,3,19
18,4,19
18,2,19
18,6,19
18,2,19
18,3,19
18,4,19
18,5,19
18,4,19
18,4,19
18,4,19
18,3,19
18,2,19
18,4,19
18,5,19
18,2,19
18,2,19
18,4,19
18,4,19
18,4,19
18,0,19
18,3,19
18,6,19
18,8,19
18,3,19
18,8,19
23,5,19
23,4,19
30,7,19
35,11,19
39,4,19
43,7,19
51,12,19
61,10,19
57,16,19
57,10,19
57,16,19
57,7,19
57,7,19
57,9,19
46,4,19
46,10,19
35,11,19
35,9,19
35,10,19
35,5,19
35,8,19
35,6,19
35,7,19
35,4,19
35,8,19
35,5,19
35,9,19
35,7,19
35,8,19
35,9,19
20,0,20
20,0,20
14,0,20
14,0,20
14,0,20
14,0,20
10,0,20
10,0,20
10,0,20
10,0,20
10,0,20
10,0,20
10,0,20
10,0,20
6,0,20
6,0,20
6,0,20
6,0,20
6,0,20
6,0,20
6,0,20
6,0,20
6,0,20
6,0,20
6,0,20
7,1,20
9,2,20
9,0,20
10,1,20
8,2,20
9,1,20
10,1,20
11,1,20
11,0,20
11,0,20
11,0,20
12,1,20
12,1,20
12,0,20
12,1,20
12,1,20
12,0,20
12,0,20
12,1,20
12,1,20
12,2,20
12,2,20
12,2,20
12,2,20
12,0,20
12,2,20
12,2,20
12,1,20
12,1,20
12,2,20
12,1,20
12,0,20
12,1,20
12,3,20
12,1,20
12,1,20
12,6,20
12,2,20
12,2,20
12,1,20
12,5,20
12,5,20
12,2,20
12,2,20
12,3,20
12,4,20
12,3,20
12,2,20
12,3,20
12,2,20
12,2,20
12,3,20
12,4,20
12,4,20
12,2,20
12,5,20
12,1,20
12,1,20
12,5,20
12,1,20
12,2,20
12,4,20
12,1,20
12,1,20
12,3,20
12,3,20
12,2,20
12,2,20
12,4,20
12,3,20
12,5,20
12,1,20
12,2,20
12,3,20
12,1,20
20,0,21
17,0,21
17,0,21
17,4,21
17,1,21
17,0,21
17,0,21
17,1,21
17,2,21
17,2,21
17,3,21
17,2,21
17,2,21
17,1,21
17,3,21
17,1,21
17,2,21
17,2,21
17,2,21
17,3,21
17,2,21
17,2,21
17,2,21
12,2,21
12,0,21
12,1,21
12,2,21
12,4,21
12,2,21
12,1,21
12,2,21
12,1,21
9,0,21
9,0,21
9,0,21
9,2,21
9,0,21
9,2,21
9,1,21
9,2,21
9,1,21
9,2,21
9,2,21
9,1,21
9,0,21
7,2,21
7,2,21
7,4,21
7,0,21
7,1,21
7,2,21
7,2,21
7,1,21
7,1,21
7,3,21
7,1,21
7,0,21
7,0,21
7,0,21
7,0,21
9,2,21
11,2,21
11,0,21
11,1,21
11,2,21
11,2,21
11,1,21
11,3,21
11,4,21
11,1,21
11,2,21
11,2,21
11,1,21
11,3,21
11,5,21
11,3,21
11,3,21
11,0,21
11,2,21
11,1,21
11,0,21
11,4,21
11,4,21
11,3,21
11,2,21
11,0,21
11,3,21
11,6,21
11,1,21
11,3,21
11,3,21
11,2,21
11,1,21
11,2,21
11,0,21
11,2,21
11,3,21
11,2,21
11,3,21
11,1,21
20,0,22
20,0,22
19,0,22
19,0,22
19,0,22
19,8,22
19,3,22
15,8,22
12,7,22
9,9,22
7,3,22
6,1,22
5,3,22
4,0,22
5,1,22
5,1,22
5,0,22
5,0,22
5,1,22
5,1,22
5,1,22
5,1,22
5,2,22
5,1,22
5,0,22
5,0,22
5,0,22
5,0,22
5,1,22
5,0,22
5,1,22
5,0,22
5,1,22
5,1,22
5,0,22
5,2,22
5,0,22
5,0,22
5,1,22
5,0,22
5,1,22
5,1,22
5,0,22
5,1,22
5,0,22
5,1,22
5,1,22
5,0,22
5,0,22
5,0,22
5,0,22
5,0,22
5,2,22
5,1,22
5,0,22
5,1,22
5,0,22
5,1,22
5,1,22
5,2,22
5,1,22
5,0,22
5,0,22
5,1,22
5,0,22
5,1,22
5,2,22
5,1,22
5,1,22
5,1,22
5,1,22
5,0,22
5,1,22
5,0,22
5,0,22
5,0,22
5,1,22
5,1,22
5,1,22
5,1,22
5,0,22
5,1,22
5,0,22
5,0,22
5,0,22
5,0,22
5,0,22
5,0,22
5,1,22
5,1,22
5,0,22
5,2,22
5,0,22
5,0,22
5,1,22
5,1,22
5,0,22
5,1,22
5,0,22
5,0,22
20,0,23
20,0,23
20,12,23
15,9,23
15,4,23
15,7,23
15,1,23
15,0,23
12,0,23
9,2,23
7,1,23
6,1,23
5,2,23
4,1,23
3,1,23
2,1,23
1,0,23
0,0,23
20,0,24
20,0,24
20,0,24
20,0,24
20,1,24
20,4,24
15,6,24
12,0,24
9,9,24
7,3,24
6,1,24
5,4,24
4,3,24
3,1,24
2,0,24
1,0,24
0,0,24
20,0,25
20,0,25
20,0,25
20,0,25
20,0,25
20,0,25
15,0,25
12,0,25
9,0,25
7,0,25
6,0,25
5,1,25
4,1,25
3,1,25
2,0,25
2,0,25
2,0,25
2,0,25
2,0,25
2,0,25
2,0,25
2,0,25
2,0,25
2,0,25
2,0,25
2,0,25
2,0,25
2,0,25
2,0,25
2,0,25
2,0,25
2,0,25
2,0,25
2,0,25
2,0,25
2,0,25
2,0,25
2,0,25
2,0,25
2,0,25
2,0,25
2,0,25
2,0,25
2,0,25
2,0,25
2,0,25
2,0,25
2,0,25
2,0,25
2,0,25
2,0,25
2,0,25
2,0,25
2,0,25
2,0,25
2,0,25
2,0,25
2,0,25
2,0,25
2,0,25
2,0,25
2,0,25
2,0,25
2,0,25
2,0,25
2,0,25
2,0,25
2,0,25
2,0,25
2,0,25
2,0,25
2,0,25
2,0,25
2,0,25
2,0,25
2,0,25
2,0,25
2,0,25
2,0,25
2,0,25
2,0,25
2,0,25
2,0,25
2,0,25
2,0,25
2,0,25
2,0,25
2,0,25
2,0,25
2,0,25
2,0,25
2,0,25
2,0,25
2,0,25
2,0,25
2,0,25
2,0,25
2,0,25
2,0,25
2,0,25
20,0,26
20,0,26
19,0,26
24,5,26
31,7,26
31,8,26
31,3,26
31,6,26
31,8,26
26,2,26
26,3,26
26,1,26
26,3,26
26,2,26
26,4,26
26,2,26
26,1,26
26,2,26
26,3,26
26,3,26
26,2,26
26,1,26
26,4,26
26,5,26
26,2,26
26,4,26
26,5,26
26,4,26
26,2,26
26,2,26
26,0,26
26,2,26
26,4,26
26,2,26
26,4,26
26,2,26
26,1,26
26,4,26
26,6,26
26,5,26
26,0,26
26,2,26
26,5,26
26,2,26
26,2,26
26,4,26
26,3,26
26,1,26
26,2,26
26,3,26
26,5,26
16,4,26
19,3,26
19,1,26
19,1,26
19,1,26
19,0,26
19,2,26
19,4,26
19,1,26
19,2,26
19,1,26
15,1,26
18,3,26
19,1,26
19,1,26
16,1,26
19,3,26
19,2,26
19,2,26
19,4,26
19,3,26
19,1,26
19,2,26
19,3,26
19,1,26
19,4,26
19,0,26
19,0,26
19,3,26
19,1,26
19,3,26
19,2,26
19,1,26
19,0,26
19,3,26
19,4,26
19,2,26
19,3,26
18,1,26
19,1,26
22,3,26
25,3,26
30,5,26
33,3,26
37,4,26
40,3,26
44,4,26
49,5,26
57,8,26
20,0,27
20,1,27
20,9,27
20,8,27
20,14,27
20,1,27
15,2,27
12,1,27
9,0,27
7,1,27
6,0,27
5,3,27
4,0,27
3,0,27
2,0,27
1,0,27
0,0,27
20,0,28
20,0,28
18,0,28
13,0,28
13,0,28
13,0,28
13,0,28
13,0,28
13,0,28
13,0,28
10,3,28
8,0,28
6,0,28
5,0,28
4,1,28
3,1,28
2,1,28
1,0,28
0,0,28
20,0,29
20,0,29
20,0,29
20,0,29
20,8,29
20,4,29
13,3,29
13,11,29
13,6,29
13,7,29
13,5,29
13,7,29
13,15,29
13,4,29
13,0,29
13,9,29
13,18,29
13,12,29
13,7,29
13,7,29
10,1,29
14,4,29
19,5,29
26,7,29
39,13,29
39,6,29
39,11,29
39,10,29
39,7,29
52,13,29
66,14,29
83,17,29
83,17,29
103,20,29
103,20,29
110,7,29
110,25,29
115,5,29
119,4,29
119,19,29
141,22,29
147,6,29
147,2,29
155,8,29
155,6,29
155,21,29
155,14,29
159,4,29
159,10,29
163,4,29
163,6,29
163,8,29
163,6,29
163,8,29
172,9,29
181,9,29
181,9,29
187,6,29
191,4,29
191,4,29
197,6,29
197,7,29
197,11,29
197,6,29
197,9,29
197,6,29
206,9,29
206,7,29
206,4,29
212,6,29
222,10,29
222,6,29
222,7,29
222,12,29
234,12,29
245,11,29
261,16,29
270,9,29
226,7,29
238,12,29
247,9,29
247,15,29
247,11,29
260,13,29
260,5,29
275,15,29
275,7,29
293,18,29
299,6,29
299,12,29
315,16,29
315,6,29
328,13,29
328,16,29
328,10,29
343,15,29
360,17,29
338,17,29
350,12,29
362,12,29
20,0,30
20,0,30
20,0,30
20,0,30
20,0,30
20,0,30
18,0,30
20,2,30
20,3,30
20,2,30
20,0,30
20,3,30
20,0,30
20,4,30
20,7,30
20,5,30
20,2,30
20,5,30
20,3,30
20,1,30
12,3,30
16,4,30
16,2,30
16,5,30
16,3,30
16,1,30
16,2,30
16,2,30
15,4,30
18,3,30
18,2,30
18,3,30
18,2,30
18,3,30
18,3,30
18,3,30
18,3,30
17,3,30
17,2,30
14,3,30
16,2,30
16,2,30
16,3,30
16,5,30
16,3,30
16,1,30
16,2,30
16,1,30
16,2,30
16,3,30
16,2,30
16,3,30
16,1,30
16,1,30
16,4,30
16,3,30
16,1,30
16,2,30
16,5,30
16,0,30
16,4,30
14,2,30
16,2,30
16,4,30
16,2,30
16,0,30
16,2,30
16,3,30
16,1,30
16,4,30
16,2,30
16,2,30
13,2,30
15,2,30
18,3,30
18,7,30
18,2,30
18,5,30
15,2,30
19,4,30
24,5,30
30,6,30
35,5,30
41,6,30
44,3,30
43,8,30
43,12,30
43,11,30
43,7,30
43,4,30
43,6,30
43,10,30
43,8,30
43,6,30
43,9,30
43,11,30
43,10,30
43,6,30
43,9,30
43,6,30
20,0,31
20,1,31
19,0,31
19,4,31
19,3,31
12,4,31
16,4,31
11,0,31
11,1,31
12,1,31
15,3,31
20,5,31
24,4,31
26,2,31
26,2,31
26,5,31
26,1,31
26,3,31
33,7,31
47,14,31
47,4,31
63,16,31
86,23,31
108,22,31
125,17,31
130,5,31
130,4,31
130,3,31
139,9,31
144,5,31
128,9,31
128,4,31
128,2,31
129,1,31
154,25,31
161,7,31
161,4,31
170,9,31
170,4,31
175,5,31
173,4,31
170,1,31
170,14,31
170,15,31
172,2,31
172,3,31
163,15,31
115,3,31
115,4,31
115,1,31
124,9,31
141,17,31
147,6,31
151,4,31
151,5,31
151,6,31
153,2,31
153,4,31
141,4,31
133,5,31
133,15,31
141,8,31
143,2,31
143,5,31
115,2,31
115,10,31
121,6,31
121,7,31
121,4,31
124,3,31
124,9,31
136,12,31
141,5,31
88,4,31
108,20,31
86,10,31
98,12,31
112,14,31
112,12,31
119,7,31
127,8,31
127,0,31
131,4,31
131,5,31
137,6,31
137,2,31
143,6,31
143,6,31
129,3,31
129,6,31
131,2,31
131,4,31
131,5,31
131,18,31
147,16,31
151,4,31
151,12,31
151,20,31
156,5,31
164,8,31
14,0,32
14,2,32
14,6,32
14,6,32
14,27,32
14,28,32
14,16,32
14,13,32
14,11,32
22,8,32
22,13,32
22,1,32
32,10,32
42,10,32
52,10,32
73,21,32
101,28,32
111,10,32
116,5,32
116,5,32
123,7,32
135,12,32
143,8,32
153,10,32
153,7,32
159,6,32
166,7,32
166,9,32
166,4,32
166,4,32
168,2,32
168,7,32
168,5,32
168,5,32
168,2,32
163,6,32
163,3,32
163,3,32
163,2,32
163,7,32
163,4,32
163,5,32
163,4,32
163,4,32
163,5,32
163,5,32
163,4,32
163,5,32
163,5,32
106,1,32
106,2,32
84,16,32
84,15,32
84,8,32
84,12,32
84,8,32
84,10,32
84,12,32
84,12,32
84,15,32
84,11,32
84,7,32
84,9,32
84,11,32
84,9,32
84,8,32
84,14,32
69,11,32
69,7,32
69,12,32
69,7,32
69,7,32
69,6,32
69,11,32
69,13,32
69,11,32
69,13,32
69,12,32
69,7,32
69,12,32
69,12,32
69,10,32
69,10,32
69,11,32
69,11,32
69,6,32
69,11,32
69,11,32
69,11,32
77,8,32
85,8,32
93,8,32
101,8,32
103,2,32
103,2,32
103,4,32
103,1,32
103,1,32
83,2,32
83,8,32
20,0,33
20,0,33
20,0,33
20,0,33
20,0,33
20,0,33
20,0,33
20,5,33
20,2,33
20,2,33
25,5,33
33,8,33
39,6,33
54,15,33
74,20,33
108,34,33
146,38,33
157,11,33
157,10,33
157,9,33
157,12,33
157,8,33
157,6,33
157,7,33
136,11,33
136,14,33
116,13,33
116,7,33
116,4,33
116,11,33
116,10,33
116,5,33
116,7,33
116,12,33
116,10,33
116,6,33
75,4,33
75,19,33
70,20,33
70,21,33
70,25,33
70,28,33
70,22,33
70,23,33
70,20,33
70,20,33
70,27,33
70,23,33
70,25,33
70,24,33
70,23,33
70,23,33
70,29,33
70,28,33
70,24,33
70,24,33
70,23,33
64,13,33
64,22,33
57,18,33
57,15,33
57,17,33
57,18,33
57,17,33
45,16,33
45,24,33
45,12,33
45,17,33
45,16,33
45,15,33
45,10,33
45,18,33
45,13,33
45,15,33
45,19,33
45,14,33
45,15,33
45,17,33
45,16,33
45,13,33
45,15,33
45,21,33
45,13,33
35,20,33
35,8,33
35,13,33
30,13,33
30,9,33
30,4,33
49,19,33
71,22,33
98,27,33
142,44,33
157,15,33
155,17,33
155,13,33
142,9,33
155,13,33
155,12,33
155,4,33
20,0,34
20,0,34
20,0,34
20,0,34
20,0,34
20,0,34
25,5,34
31,6,34
31,4,34
34,3,34
34,1,34
34,3,34
34,5,34
34,3,34
21,7,34
22,1,34
23,1,34
15,2,34
17,2,34
19,2,34
19,0,34
19,0,34
19,0,34
12,1,34
15,3,34
15,0,34
14,2,34
14,0,34
15,1,34
17,2,34
20,3,34
22,2,34
24,2,34
25,1,34
27,2,34
27,0,34
28,1,34
29,1,34
31,2,34
31,4,34
31,1,34
31,3,34
31,4,34
31,4,34
31,2,34
31,5,34
31,3,34
31,1,34
31,2,34
31,6,34
19,4,34
21,2,34
22,1,34
25,3,34
26,1,34
22,4,34
22,0,34
22,0,34
23,1,34
24,1,34
26,2,34
20,2,34
20,0,34
22,2,34
26,4,34
24,2,34
27,3,34
31,4,34
27,2,34
32,5,34
32,3,34
32,1,34
32,8,34
32,1,34
32,3,34
32,2,34
32,3,34
32,4,34
32,4,34
32,4,34
32,3,34
32,2,34
32,3,34
32,2,34
32,3,34
32,1,34
32,3,34
32,0,34
32,4,34
32,3,34
32,3,34
32,1,34
32,2,34
32,5,34
32,4,34
31,5,34
31,5,34
31,2,34
31,2,34
31,1,34
20,0,35
20,0,35
20,0,35
20,0,35
20,15,35
20,8,35
20,13,35
20,13,35
20,7,35
20,10,35
20,2,35
20,6,35
20,7,35
20,11,35
20,4,35
20,5,35
20,5,35
20,4,35
15,6,35
15,4,35
15,3,35
15,2,35
15,3,35
15,5,35
15,4,35
15,6,35
15,2,35
15,4,35
15,3,35
15,4,35
15,6,35
15,2,35
15,5,35
9,1,35
9,1,35
9,1,35
9,1,35
6,0,35
6,1,35
6,0,35
6,2,35
5,2,35
5,0,35
5,0,35
3,0,35
3,0,35
3,0,35
2,0,35
1,0,35
0,0,35
20,0,36
19,0,36
19,16,36
19,12,36
14,4,36
16,2,36
16,4,36
16,5,36
16,3,36
16,7,36
13,5,36
10,4,36
14,4,36
14,8,36
14,5,36
14,8,36
14,5,36
14,10,36
14,8,36
14,4,36
14,2,36
14,6,36
14,5,36
14,6,36
14,3,36
14,3,36
14,7,36
14,3,36
14,5,36
14,5,36
11,3,36
11,4,36
11,7,36
11,3,36
11,6,36
11,3,36
11,4,36
11,2,36
11,5,36
11,0,36
11,7,36
11,3,36
11,5,36
11,5,36
11,3,36
11,6,36
11,3,36
11,5,36
11,3,36
11,0,36
11,7,36
11,4,36
11,2,36
11,4,36
11,1,36
11,6,36
11,2,36
11,4,36
11,5,36
11,1,36
11,6,36
11,4,36
11,8,36
11,6,36
11,4,36
11,6,36
11,6,36
11,5,36
11,5,36
11,3,36
11,5,36
11,5,36
11,3,36
11,4,36
11,7,36
11,6,36
11,6,36
11,5,36
11,7,36
11,5,36
11,5,36
11,6,36
11,7,36
11,5,36
17,6,36
26,9,36
38,12,36
55,17,36
66,20,36
94,28,36
118,47,36
129,11,36
135,6,36
146,11,36
161,15,36
161,11,36
161,10,36
117,17,36
117,11,36
117,11,36
20,0,37
20,1,37
20,0,37
20,14,37
20,3,37
20,3,37
15,3,37
12,3,37
9,0,37
7,4,37
6,4,37
5,3,37
4,0,37
3,1,37
2,0,37
1,0,37
0,0,37
20,0,38
20,0,38
20,15,38
20,13,38
20,14,38
20,14,38
15,5,38
18,3,38
19,1,38
19,3,38
24,5,38
24,2,38
24,2,38
24,3,38
24,3,38
24,0,38
27,3,38
30,3,38
30,3,38
30,2,38
30,3,38
30,3,38
30,3,38
30,0,38
30,2,38
18,2,38
20,2,38
20,0,38
20,2,38
20,3,38
20,0,38
20,0,38
20,1,38
20,0,38
20,0,38
24,4,38
27,3,38
27,1,38
27,3,38
27,2,38
30,3,38
20,2,38
20,2,38
20,4,38
20,2,38
20,3,38
20,1,38
28,8,38
28,3,38
33,5,38
39,6,38
47,8,38
36,4,38
40,4,38
42,7,38
50,8,38
58,8,38
67,9,38
81,14,38
89,8,38
106,17,38
86,4,38
86,12,38
98,12,38
115,17,38
121,6,38
125,4,38
131,6,38
131,24,38
134,3,38
136,2,38
136,2,38
136,2,38
139,3,38
139,2,38
145,6,38
139,4,38
139,3,38
139,4,38
141,2,38
146,5,38
146,2,38
150,4,38
154,4,38
154,3,38
154,4,38
154,3,38
158,4,38
158,5,38
158,14,38
161,3,38
161,2,38
163,2,38
163,1,38
163,2,38
165,2,38
165,2,38
165,2,38
165,10,38
139,3,38
20,0,39
20,0,39
20,0,39
20,0,39
20,0,39
20,0,39
14,2,39
14,0,39
14,0,39
14,0,39
11,0,39
11,0,39
11,0,39
11,0,39
11,0,39
11,0,39
11,0,39
11,0,39
11,0,39
11,0,39
11,1,39
11,0,39
11,1,39
11,0,39
11,1,39
11,0,39
11,1,39
11,2,39
11,0,39
10,0,39
10,1,39
8,1,39
8,0,39
8,2,39
8,0,39
9,1,39
9,2,39
9,2,39
9,0,39
9,0,39
9,0,39
10,1,39
10,0,39
10,0,39
10,2,39
10,1,39
10,1,39
10,1,39
10,2,39
10,0,39
10,0,39
10,2,39
10,2,39
10,1,39
10,2,39
10,1,39
10,0,39
10,2,39
10,0,39
10,3,39
10,1,39
10,2,39
10,1,39
10,2,39
10,1,39
10,2,39
10,4,39
10,4,39
10,2,39
10,3,39
10,1,39
10,2,39
10,2,39
10,2,39
10,0,39
10,0,39
10,2,39
10,2,39
10,0,39
10,0,39
10,0,39
10,2,39
10,2,39
10,2,39
10,3,39
10,1,39
10,3,39
10,2,39
10,1,39
10,1,39
10,2,39
10,1,39
10,2,39
10,2,39
10,0,39
10,3,39
10,1,39
10,0,39
10,1,39
10,1,39
15,0,40
15,0,40
15,0,40
15,0,40
15,0,40
15,0,40
15,0,40
15,0,40
15,0,40
15,0,40
15,0,40
15,0,40
15,0,40
15,0,40
15,0,40
10,0,40
10,0,40
10,0,40
10,0,40
10,0,40
10,0,40
11,1,40
11,1,40
11,0,40
11,1,40
11,0,40
11,0,40
11,0,40
11,1,40
11,0,40
10,0,40
10,2,40
10,0,40
10,2,40
10,1,40
10,0,40
10,0,40
10,0,40
10,1,40
7,2,40
7,0,40
6,0,40
6,0,40
6,0,40
6,0,40
6,0,40
6,0,40
5,0,40
5,0,40
5,0,40
5,0,40
3,0,40
3,0,40
3,0,40
3,0,40
3,0,40
3,0,40
3,0,40
3,0,40
3,0,40
3,0,40
2,0,40
2,0,40
2,0,40
2,0,40
2,0,40
2,0,40
2,0,40
2,0,40
2,0,40
2,0,40
2,0,40
2,0,40
2,0,40
2,0,40
2,0,40
2,0,40
2,0,40
2,0,40
2,0,40
2,0,40
2,0,40
2,0,40
2,0,40
2,0,40
2,0,40
2,0,40
2,0,40
2,0,40
2,0,40
2,0,40
2,0,40
2,0,40
2,0,40
2,0,40
2,0,40
2,0,40
2,0,40
2,0,40
2,0,40
20,0,41
20,0,41
20,0,41
20,0,41
20,0,41
20,0,41
20,0,41
20,1,41
20,5,41
20,0,41
20,2,41
20,3,41
20,5,41
20,0,41
23,3,41
23,0,41
26,3,41
26,1,41
28,2,41
28,0,41
28,4,41
28,0,41
31,3,41
31,2,41
38,7,41
43,5,41
42,1,41
43,1,41
43,0,41
43,5,41
43,3,41
43,0,41
46,3,41
50,4,41
55,5,41
61,6,41
66,5,41
71,5,41
71,5,41
80,9,41
80,7,41
89,9,41
106,17,41
107,1,41
107,11,41
108,1,41
108,2,41
77,2,41
63,9,41
63,9,41
71,8,41
71,6,41
71,9,41
78,7,41
86,8,41
100,14,41
78,11,41
78,13,41
78,9,41
88,10,41
94,8,41
94,2,41
106,12,41
110,4,41
112,2,41
112,2,41
118,6,41
120,2,41
96,4,41
96,9,41
111,15,41
112,1,41
80,3,41
80,10,41
80,9,41
80,3,41
85,5,41
91,6,41
95,4,41
103,8,41
106,3,41
106,2,41
106,9,41
90,2,41
90,12,41
90,2,41
103,13,41
104,1,41
104,3,41
104,14,41
105,1,41
105,4,41
96,2,41
96,9,41
96,11,41
96,9,41
96,13,41
108,12,41
114,6,41
114,16,41
20,0,42
20,0,42
25,5,42
31,6,42
31,15,42
31,10,42
31,5,42
31,12,42
31,10,42
31,5,42
51,20,42
74,23,42
113,39,42
125,12,42
137,12,42
151,14,42
151,12,42
151,13,42
151,10,42
151,10,42
151,11,42
151,12,42
151,9,42
151,10,42
151,14,42
151,11,42
151,12,42
151,16,42
151,12,42
151,11,42
107,9,42
107,7,42
87,10,42
87,51,42
87,49,42
87,38,42
87,38,42
87,35,42
87,44,42
87,37,42
87,44,42
87,49,42
87,34,42
87,35,42
87,40,42
87,40,42
87,45,42
87,48,42
87,47,42
87,33,42
87,36,42
87,42,42
87,33,42
87,38,42
87,58,42
87,48,42
87,60,42
87,51,42
87,45,42
87,60,42
87,52,42
87,65,42
87,60,42
87,55,42
87,53,42
87,54,42
87,57,42
87,39,42
87,47,42
87,62,42
87,56,42
87,63,42
87,51,42
87,55,42
87,68,42
87,65,42
87,47,42
87,50,42
87,46,42
87,51,42
87,58,42
87,58,42
87,57,42
87,61,42
87,57,42
87,56,42
87,50,42
87,54,42
87,52,42
87,54,42
87,60,42
58,54,42
49,27,42
44,29,42
44,25,42
44,24,42
44,21,42
44,35,42
44,36,42
44,30,42
20,0,43
18,0,43
18,0,43
18,0,43
18,0,43
18,0,43
18,0,43
18,0,43
18,0,43
18,0,43
18,3,43
18,0,43
21,3,43
21,0,43
21,0,43
21,0,43
21,2,43
21,3,43
21,1,43
21,3,43
21,2,43
21,0,43
21,2,43
21,3,43
21,0,43
21,1,43
21,2,43
21,2,43
21,4,43
21,2,43
21,4,43
21,1,43
21,3,43
21,3,43
18,3,43
18,2,43
18,2,43
18,2,43
18,1,43
18,1,43
18,1,43
18,1,43
18,4,43
18,1,43
18,1,43
17,2,43
18,1,43
18,2,43
18,1,43
18,0,43
18,0,43
18,0,43
18,1,43
18,0,43
18,4,43
18,0,43
11,2,43
11,0,43
12,1,43
14,2,43
14,0,43
15,1,43
16,1,43
17,1,43
18,1,43
17,1,43
19,2,43
19,2,43
19,2,43
19,2,43
19,3,43
19,3,43
19,1,43
19,2,43
19,1,43
19,2,43
19,1,43
19,1,43
19,1,43
19,2,43
19,3,43
19,2,43
19,4,43
19,3,43
19,0,43
19,1,43
19,2,43
19,5,43
19,1,43
14,1,43
14,1,43
14,1,43
14,0,43
14,0,43
14,2,43
14,2,43
14,1,43
14,4,43
14,3,43
13,3,43
20,0,44
20,0,44
20,0,44
20,4,44
18,1,44
18,5,44
18,3,44
18,4,44
18,5,44
18,4,44
18,2,44
18,2,44
18,2,44
18,5,44
18,2,44
18,4,44
11,4,44
11,1,44
11,2,44
11,0,44
11,3,44
10,1,44
10,3,44
10,2,44
10,2,44
10,4,44
10,1,44
10,2,44
10,2,44
10,4,44
10,1,44
10,2,44
10,3,44
10,3,44
9,2,44
9,2,44
9,0,44
9,3,44
9,0,44
9,1,44
9,3,44
9,2,44
9,1,44
9,1,44
9,1,44
9,3,44
9,1,44
9,2,44
9,2,44
9,4,44
9,4,44
9,3,44
9,1,44
9,2,44
9,2,44
9,0,44
9,2,44
9,2,44
9,2,44
9,3,44
9,0,44
9,1,44
9,3,44
9,1,44
9,1,44
9,3,44
9,4,44
9,1,44
9,1,44
9,1,44
9,1,44
9,1,44
9,1,44
9,3,44
9,0,44
9,2,44
9,1,44
9,0,44
9,3,44
9,1,44
9,0,44
9,2,44
9,0,44
9,2,44
9,5,44
9,1,44
9,4,44
9,2,44
9,3,44
9,3,44
9,0,44
9,3,44
9,3,44
9,3,44
9,0,44
9,3,44
9,2,44
9,3,44
9,2,44
9,1,44
20,0,45
20,0,45
15,0,45
15,0,45
15,0,45
15,0,45
15,3,45
17,2,45
17,2,45
17,6,45
17,1,45
17,3,45
17,1,45
20,3,45
21,3,45
21,2,45
21,3,45
21,6,45
21,4,45
21,5,45
21,2,45
21,2,45
21,2,45
21,3,45
21,5,45
21,3,45
21,4,45
21,4,45
21,6,45
21,5,45
21,3,45
21,8,45
21,4,45
21,2,45
21,1,45
21,3,45
21,7,45
21,5,45
21,8,45
21,4,45
21,3,45
21,0,45
21,3,45
21,4,45
21,3,45
21,2,45
21,5,45
21,2,45
21,3,45
21,3,45
21,4,45
21,5,45
21,3,45
21,3,45
21,2,45
21,2,45
21,4,45
21,3,45
21,2,45
21,4,45
21,7,45
21,3,45
21,8,45
21,4,45
21,4,45
21,6,45
21,9,45
21,4,45
21,4,45
21,1,45
21,4,45
21,4,45
21,3,45
21,5,45
21,9,45
21,5,45
21,4,45
21,6,45
21,7,45
21,8,45
21,3,45
21,6,45
21,5,45
21,3,45
21,7,45
21,2,45
21,6,45
21,3,45
21,3,45
21,4,45
21,6,45
21,4,45
21,7,45
21,7,45
21,1,45
21,1,45
21,2,45
21,5,45
21,0,45
21,4,45
20,0,46
20,0,46
20,0,46
25,5,46
33,8,46
33,23,46
33,8,46
33,20,46
25,9,46
19,4,46
15,3,46
12,1,46
12,0,46
12,0,46
15,3,46
18,3,46
20,2,46
23,3,46
23,2,46
23,1,46
23,3,46
23,3,46
23,2,46
23,3,46
23,1,46
23,1,46
23,1,46
23,1,46
23,3,46
23,2,46
23,2,46
23,1,46
23,1,46
23,1,46
23,2,46
23,3,46
23,2,46
23,1,46
23,4,46
23,2,46
23,5,46
23,1,46
23,2,46
23,1,46
23,3,46
23,4,46
23,1,46
23,0,46
23,4,46
23,3,46
23,2,46
23,1,46
15,1,46
19,4,46
21,2,46
20,0,46
21,1,46
23,2,46
23,4,46
23,4,46
23,3,46
23,1,46
23,3,46
17,1,46
21,4,46
21,0,46
25,4,46
27,2,46
29,2,46
29,0,46
29,4,46
29,7,46
29,4,46
29,0,46
29,4,46
29,2,46
29,6,46
29,3,46
29,1,46
29,5,46
29,8,46
29,1,46
29,4,46
29,2,46
29,2,46
27,2,46
27,3,46
22,3,46
22,3,46
22,2,46
22,2,46
22,4,46
22,1,46
22,2,46
22,1,46
22,2,46
22,2,46
22,4,46
22,5,46
22,0,46
20,0,47
20,0,47
20,0,47
20,0,47
20,0,47
20,6,47
20,5,47
20,4,47
20,2,47
20,4,47
20,8,47
22,2,47
27,5,47
27,5,47
27,6,47
27,8,47
27,10,47
27,7,47
27,4,47
27,11,47
27,4,47
27,5,47
27,9,47
27,7,47
27,11,47
27,12,47
27,7,47
27,8,47
27,11,47
27,10,47
27,7,47
20,7,47
25,5,47
25,9,47
25,9,47
25,6,47
25,5,47
25,7,47
25,5,47
25,5,47
25,4,47
25,10,47
25,4,47
25,4,47
25,3,47
25,5,47
25,4,47
25,8,47
25,8,47
25,6,47
25,9,47
25,5,47
25,2,47
25,10,47
25,4,47
25,8,47
21,6,47
21,4,47
21,6,47
20,5,47
23,3,47
34,11,47
38,4,47
48,10,47
63,15,47
71,17,47
90,19,47
112,22,47
119,7,47
123,4,47
123,6,47
123,9,47
123,4,47
123,6,47
107,4,47
107,6,47
107,7,47
107,7,47
107,8,47
107,5,47
107,8,47
107,6,47
107,1,47
107,10,47
107,7,47
107,7,47
107,6,47
107,6,47
107,9,47
107,4,47
87,6,47
87,17,47
87,21,47
71,21,47
71,19,47
71,18,47
71,13,47
71,13,47
71,21,47
71,21,47
20,0,48
20,1,48
20,3,48
20,5,48
20,2,48
20,3,48
15,2,48
12,3,48
9,2,48
9,0,48
11,2,48
12,1,48
12,4,48
12,5,48
12,1,48
12,3,48
12,2,48
12,1,48
12,5,48
12,4,48
12,2,48
12,2,48
12,1,48
12,0,48
12,3,48
12,1,48
12,0,48
12,1,48
12,1,48
12,0,48
9,1,48
9,0,48
10,1,48
10,1,48
10,0,48
10,1,48
10,1,48
10,0,48
10,0,48
10,2,48
10,0,48
12,2,48
12,4,48
12,2,48
12,1,48
12,1,48
12,1,48
12,3,48
12,3,48
12,0,48
12,3,48
12,0,48
12,1,48
12,2,48
12,2,48
12,1,48
11,2,48
11,0,48
9,1,48
12,3,48
12,1,48
12,2,48
11,0,48
12,1,48
12,2,48
12,2,48
12,1,48
12,2,48
11,2,48
11,0,48
13,2,48
15,2,48
15,3,48
13,0,48
13,0,48
17,4,48
20,3,48
20,2,48
20,0,48
20,3,48
20,3,48
20,4,48
20,3,48
20,3,48
20,0,48
20,2,48
20,3,48
20,2,48
20,2,48
20,2,48
20,1,48
20,3,48
20,2,48
20,1,48
13,2,48
15,2,48
15,1,48
15,1,48
15,2,48
15,2,48
13,0,49
13,0,49
13,0,49
13,0,49
13,0,49
13,0,49
13,0,49
13,0,49
13,0,49
13,0,49
13,0,49
13,0,49
13,0,49
13,0,49
13,0,49
13,0,49
13,0,49
13,0,49
13,0,49
13,0,49
13,0,49
13,0,49
13,0,49
13,0,49
13,0,49
13,0,49
13,0,49
13,0,49
13,0,49
13,0,49
13,0,49
13,0,49
13,0,49
13,0,49
13,0,49
13,0,49
13,0,49
13,0,49
13,0,49
13,0,49
13,0,49
13,0,49
13,0,49
13,0,49
13,0,49
13,0,49
13,0,49
13,0,49
13,0,49
13,0,49
13,0,49
13,0,49
13,0,49
13,0,49
13,0,49
13,0,49
13,0,49
13,0,49
13,0,49
13,0,49
13,0,49
13,0,49
13,0,49
13,0,49
13,0,49
13,0,49
13,0,49
13,0,49
13,0,49
13,0,49
13,0,49
13,0,49
13,0,49
13,0,49
13,0,49
13,0,49
13,0,49
13,0,49
13,0,49
13,0,49
13,0,49
13,0,49
13,0,49
13,0,49
13,0,49
13,0,49
13,0,49
13,0,49
13,0,49
13,0,49
13,0,49
13,0,49
13,0,49
13,0,49
13,0,49
13,0,49
13,0,49
13,0,49
13,0,49
13,0,49
20,0,50
20,0,50
20,0,50
20,0,50
20,0,50
20,0,50
20,0,50
20,0,50
20,0,50
20,0,50
20,0,50
20,0,50
20,0,50
20,0,50
20,0,50
20,0,50
20,0,50
20,0,50
20,0,50
20,0,50
20,0,50
20,4,50
20,5,50
20,1,50
24,4,50
24,5,50
24,1,50
24,3,50
24,4,50
24,5,50
24,3,50
24,3,50
24,2,50
24,7,50
24,5,50
24,2,50
24,11,50
24,1,50
24,5,50
24,4,50
24,7,50
24,3,50
24,2,50
24,4,50
24,2,50
24,6,50
24,2,50
24,3,50
24,4,50
24,1,50
24,3,50
24,2,50
24,2,50
24,4,50
24,5,50
24,7,50
24,5,50
24,6,50
24,4,50
24,4,50
24,3,50
24,2,50
24,5,50
24,5,50
24,5,50
24,1,50
25,1,50
25,2,50
25,5,50
25,2,50
25,6,50
25,2,50
25,4,50
25,4,50
25,4,50
30,5,50
34,4,50
42,8,50
48,6,50
62,14,50
71,9,50
71,8,50
80,9,50
66,14,50
66,4,50
66,11,50
66,11,50
66,6,50
66,6,50
66,15,50
66,2,50
72,6,50
85,13,50
81,6,50
96,15,50
112,16,50
116,4,50
125,9,50
129,4,50
129,10,50
20,0,51
20,1,51
20,7,51
24,4,51
31,7,51
31,5,51
31,3,51
31,10,51
31,7,51
31,10,51
31,7,51
43,12,51
56,13,51
82,26,51
118,36,51
127,9,51
138,11,51
150,12,51
161,11,51
168,7,51
183,15,51
195,12,51
204,9,51
204,16,51
204,14,51
204,12,51
204,10,51
204,12,51
204,12,51
204,9,51
204,16,51
204,12,51
204,11,51
204,9,51
204,13,51
204,20,51
204,9,51
204,12,51
204,16,51
204,13,51
204,9,51
204,16,51
204,17,51
204,15,51
204,13,51
204,20,51
204,13,51
204,15,51
204,12,51
218,14,51
232,14,51
246,14,51
264,18,51
287,23,51
306,19,51
325,19,51
352,27,51
383,31,51
408,25,51
408,25,51
408,27,51
408,31,51
408,23,51
408,39,51
408,24,51
408,20,51
408,23,51
408,30,51
408,34,51
408,23,51
408,25,51
408,32,51
408,26,51
408,34,51
408,31,51
408,31,51
408,28,51
408,27,51
408,42,51
408,27,51
408,28,51
408,30,51
408,21,51
408,33,51
408,24,51
408,32,51
408,25,51
408,29,51
408,23,51
408,27,51
408,24,51
408,30,51
408,31,51
408,29,51
408,33,51
408,25,51
408,31,51
408,25,51
408,27,51
408,31,51
15,0,52
15,0,52
15,0,52
15,0,52
15,0,52
15,5,52
15,1,52
15,4,52
10,4,52
10,1,52
11,1,52
13,2,52
15,2,52
17,2,52
18,1,52
20,2,52
20,4,52
20,2,52
20,2,52
20,3,52
20,2,52
20,3,52
20,1,52
20,2,52
20,2,52
20,2,52
20,3,52
20,0,52
20,2,52
20,1,52
20,4,52
20,1,52
20,3,52
20,2,52
20,2,52
20,1,52
20,2,52
20,2,52
20,4,52
20,4,52
20,1,52
20,5,52
20,1,52
20,2,52
20,3,52
20,1,52
20,2,52
20,1,52
20,4,52
20,5,52
20,3,52
20,2,52
20,3,52
20,3,52
20,2,52
20,3,52
20,3,52
20,5,52
20,1,52
20,1,52
20,1,52
20,2,52
20,2,52
20,3,52
20,5,52
20,4,52
20,4,52
20,3,52
20,3,52
20,2,52
20,3,52
20,2,52
20,3,52
20,3,52
20,3,52
20,3,52
20,4,52
20,1,52
20,5,52
20,5,52
20,1,52
20,0,52
20,4,52
20,4,52
20,2,52
20,1,52
20,1,52
20,3,52
20,0,52
20,1,52
20,4,52
20,2,52
20,1,52
20,1,52
20,0,52
20,5,52
20,3,52
20,0,52
20,1,52
20,4,52
20,0,53
20,0,53
20,0,53
20,0,53
16,0,53
16,0,53
16,0,53
12,2,53
9,1,53
7,6,53
6,1,53
8,2,53
5,3,53
6,1,53
7,1,53
10,3,53
12,2,53
12,6,53
12,4,53
12,5,53
12,4,53
12,4,53
11,4,53
11,5,53
9,2,53
7,6,53
6,1,53
5,1,53
4,2,53
3,1,53
2,0,53
1,0,53
0,0,53
20,0,54
20,0,54
20,0,54
20,3,54
20,14,54
20,8,54
15,3,54
10,4,54
8,6,54
6,4,54
5,4,54
4,4,54
3,2,54
2,2,54
1,0,54
0,0,54
20,0,55
20,0,55
20,0,55
20,0,55
20,0,55
20,0,55
20,0,55
20,0,55
20,0,55
20,0,55
20,0,55
20,0,55
20,0,55
20,0,55
20,0,55
20,0,55
20,0,55
20,0,55
20,0,55
20,0,55
20,0,55
20,0,55
20,0,55
20,0,55
20,0,55
20,0,55
20,0,55
20,0,55
20,0,55
20,0,55
19,0,55
19,0,55
19,0,55
19,0,55
19,0,55
19,0,55
19,0,55
18,0,55
18,0,55
18,0,55
18,0,55
18,0,55
12,0,55
12,0,55
12,0,55
12,0,55
12,0,55
12,0,55
9,0,55
9,0,55
9,0,55
9,0,55
9,0,55
9,0,55
9,0,55
7,0,55
7,0,55
7,0,55
7,0,55
7,0,55
7,0,55
7,0,55
7,0,55
7,0,55
7,0,55
7,0,55
7,0,55
7,0,55
7,0,55
7,0,55
7,0,55
7,0,55
7,0,55
7,0,55
7,0,55
7,0,55
7,0,55
7,0,55
7,0,55
7,0,55
7,0,55
7,0,55
7,0,55
7,0,55
7,0,55
7,0,55
7,0,55
7,0,55
7,0,55
7,0,55
7,0,55
7,0,55
7,0,55
7,0,55
7,0,55
7,0,55
7,0,55
6,0,55
6,0,55
6,0,55
20,0,56
20,0,56
20,0,56
20,0,56
20,0,56
20,0,56
20,0,56
20,0,56
20,0,56
20,0,56
20,0,56
20,0,56
26,6,56
36,10,56
36,7,56
36,8,56
36,7,56
36,6,56
36,5,56
36,5,56
36,8,56
36,6,56
36,5,56
36,8,56
36,7,56
36,12,56
36,9,56
36,5,56
36,5,56
36,7,56
36,3,56
36,7,56
36,9,56
36,8,56
36,5,56
36,9,56
36,10,56
36,7,56
36,11,56
36,8,56
36,10,56
36,11,56
36,6,56
36,9,56
36,5,56
36,10,56
36,10,56
36,11,56
36,6,56
36,8,56
36,10,56
36,13,56
36,11,56
36,11,56
36,6,56
36,8,56
36,10,56
36,8,56
36,6,56
36,11,56
36,8,56
36,9,56
36,6,56
36,11,56
36,7,56
36,5,56
36,4,56
36,9,56
36,9,56
36,14,56
36,7,56
36,3,56
36,9,56
36,14,56
36,5,56
36,11,56
36,7,56
36,7,56
36,7,56
36,5,56
36,9,56
36,9,56
36,5,56
36,4,56
36,4,56
36,9,56
36,9,56
36,8,56
36,9,56
36,6,56
36,6,56
36,7,56
36,6,56
36,13,56
36,8,56
36,6,56
36,10,56
36,8,56
36,7,56
36,7,56
19,0,57
18,0,57
11,10,57
11,6,57
14,3,57
16,2,57
12,3,57
12,0,57
15,3,57
15,2,57
19,4,57
19,5,57
19,5,57
19,4,57
19,5,57
19,6,57
19,5,57
19,3,57
19,7,57
19,3,57
19,6,57
19,7,57
19,4,57
19,5,57
19,4,57
19,7,57
19,8,57
19,3,57
19,5,57
19,4,57
19,3,57
19,6,57
19,8,57
19,5,57
19,5,57
19,4,57
19,4,57
19,6,57
19,6,57
19,3,57
19,4,57
19,3,57
12,8,57
17,5,57
17,8,57
17,4,57
14,4,57
10,0,57
10,0,57
14,4,57
19,5,57
19,1,57
19,4,57
19,3,57
19,7,57
19,4,57
19,5,57
19,3,57
19,7,57
19,3,57
16,5,57
16,7,57
16,3,57
16,5,57
16,6,57
16,4,57
16,3,57
16,6,57
16,1,57
16,5,57
16,8,57
16,7,57
16,4,57
16,5,57
16,3,57
16,5,57
16,4,57
16,6,57
16,9,57
16,7,57
16,5,57
16,4,57
16,5,57
16,5,57
16,2,57
16,6,57
16,7,57
16,5,57
16,6,57
16,3,57
16,4,57
16,7,57
11,3,57
13,2,57
19,6,57
26,7,57
33,7,57
43,10,57
52,9,57
52,18,57
20,0,58
20,0,58
20,0,58
20,5,58
20,5,58
20,4,58
15,3,58
12,3,58
9,3,58
7,1,58
6,1,58
5,1,58
6,1,58
6,2,58
6,3,58
6,3,58
6,2,58
6,1,58
6,3,58
6,2,58
6,1,58
6,1,58
6,2,58
6,4,58
6,1,58
6,1,58
6,2,58
6,1,58
4,0,58
6,2,58
6,1,58
6,1,58
6,2,58
6,2,58
6,1,58
6,1,58
6,0,58
4,0,58
6,2,58
6,0,58
6,1,58
6,2,58
6,1,58
6,2,58
6,2,58
6,1,58
6,0,58
6,2,58
6,2,58
6,0,58
6,2,58
6,1,58
6,2,58
6,0,58
6,1,58
6,1,58
6,1,58
6,1,58
6,0,58
6,1,58
6,1,58
6,1,58
6,0,58
6,1,58
6,0,58
6,0,58
6,1,58
6,2,58
6,1,58
6,0,58
6,0,58
6,2,58
6,2,58
6,1,58
6,2,58
6,4,58
6,2,58
6,0,58
6,2,58
6,2,58
6,1,58
6,0,58
6,1,58
6,0,58
6,0,58
6,1,58
8,2,58
8,4,58
8,5,58
8,2,58
8,4,58
8,0,58
8,1,58
8,3,58
8,4,58
8,3,58
8,1,58
8,3,58
8,4,58
8,2,58
