houses,farms,mines,lumber mills,latrines,run_id
0,0,0,0,0,1
0,1,0,0,0,1
0,2,0,0,0,1
0,2,0,0,1,1
0,2,0,0,1,1
0,2,1,0,1,1
0,2,1,0,2,1
0,3,1,0,2,1
0,4,1,0,2,1
0,4,1,0,2,1
0,4,1,0,2,1
0,4,1,0,2,1
0,4,1,0,2,1
0,4,1,0,2,1
0,4,1,0,2,1
0,4,1,0,2,1
0,4,1,0,2,1
0,4,1,0,2,1
0,4,1,0,2,1
0,4,1,0,2,1
0,4,1,0,2,1
0,4,1,0,2,1
0,4,1,0,2,1
0,4,1,0,2,1
0,4,1,0,2,1
0,4,1,0,2,1
0,4,1,0,2,1
0,4,1,0,2,1
0,4,1,0,2,1
0,4,1,0,2,1
0,4,1,0,2,1
0,4,1,0,2,1
0,4,1,0,2,1
0,4,1,0,2,1
0,4,1,0,2,1
0,4,1,0,2,1
0,4,1,0,2,1
0,4,1,0,2,1
1,4,1,0,2,1
1,4,1,0,2,1
1,4,1,0,2,1
1,4,1,0,2,1
1,4,1,0,2,1
1,4,1,0,2,1
1,4,1,0,2,1
1,4,1,0,2,1
1,4,1,0,2,1
1,4,1,0,2,1
1,4,1,0,2,1
1,4,1,0,2,1
1,4,1,0,2,1
1,4,1,0,2,1
1,4,1,0,2,1
1,4,1,0,2,1
1,4,1,0,2,1
1,4,1,0,2,1
1,4,1,0,2,1
1,4,1,0,2,1
1,4,1,0,2,1
1,4,1,0,2,1
1,4,1,0,2,1
1,4,1,0,2,1
1,4,1,0,2,1
1,4,1,0,2,1
1,4,1,0,2,1
1,4,1,0,2,1
1,4,1,0,2,1
1,4,1,0,2,1
1,4,1,0,2,1
1,4,1,0,2,1
1,4,1,0,2,1
1,4,1,0,2,1
1,4,1,0,2,1
1,4,1,0,2,1
1,4,1,0,2,1
1,4,1,0,2,1
1,4,1,0,2,1
1,4,1,0,2,1
1,4,1,0,2,1
1,4,1,0,2,1
1,4,1,0,2,1
1,4,1,0,2,1
1,4,1,0,2,1
1,4,1,0,2,1
1,4,1,0,2,1
1,4,1,0,2,1
1,4,1,0,2,1
1,4,1,0,2,1
1,4,1,0,2,1
1,4,1,0,2,1
1,4,1,0,2,1
1,4,1,0,2,1
1,4,1,0,2,1
1,4,1,0,2,1
1,4,1,0,2,1
1,4,1,0,2,1
1,4,1,0,2,1
1,4,1,0,2,1
1,4,1,0,2,1
1,4,1,0,2,1
0,0,0,0,0,2
0,0,0,1,0,2
0,0,0,1,0,2
0,0,0,1,0,2
0,0,1,1,0,2
1,0,1,1,0,2
1,0,1,1,0,2
1,0,1,1,1,2
1,1,1,1,1,2
1,1,1,1,1,2
1,1,1,1,1,2
1,1,1,1,2,2
1,1,1,1,2,2
1,1,1,1,2,2
1,1,1,1,3,2
1,1,1,1,3,2
1,1,1,1,4,2
2,1,1,1,3,2
3,1,1,1,3,2
3,1,1,1,3,2
3,1,1,1,3,2
3,1,1,1,4,2
4,1,1,1,4,2
4,1,1,1,4,2
4,1,1,1,4,2
4,1,1,1,4,2
4,1,1,1,4,2
4,2,1,1,4,2
4,2,1,1,4,2
4,3,1,1,4,2
4,3,1,1,5,2
4,3,1,1,6,2
4,4,1,1,6,2
4,4,1,1,6,2
4,4,1,1,6,2
3,4,1,1,6,2
3,4,1,1,6,2
4,4,1,1,5,2
4,4,1,1,5,2
4,4,1,1,5,2
4,4,1,1,5,2
4,4,1,1,5,2
4,4,1,1,5,2
4,4,1,1,5,2
4,4,1,1,5,2
5,4,1,1,5,2
5,4,1,1,5,2
5,4,1,1,5,2
5,4,1,1,5,2
5,4,1,1,5,2
5,4,1,1,5,2
5,4,1,1,6,2
5,4,1,1,6,2
5,4,1,2,6,2
5,4,1,2,6,2
5,4,1,2,6,2
5,4,1,2,6,2
5,4,1,2,6,2
5,4,1,2,6,2
5,4,1,2,6,2
5,4,1,2,6,2
5,4,1,2,6,2
5,4,1,2,6,2
5,5,1,2,6,2
6,5,1,1,6,2
6,5,1,1,6,2
6,5,1,2,5,2
6,5,1,2,5,2
6,5,1,3,5,2
6,5,1,3,6,2
6,5,1,3,6,2
6,5,1,4,6,2
6,5,1,4,7,2
6,5,1,4,7,2
6,5,1,5,6,2
6,5,1,5,6,2
6,5,1,5,6,2
6,5,1,5,7,2
6,5,1,4,7,2
7,5,1,4,7,2
7,6,1,4,7,2
7,6,1,4,7,2
7,6,1,5,7,2
7,6,1,5,7,2
7,7,1,5,7,2
7,7,1,5,7,2
7,7,1,5,7,2
7,7,1,5,8,2
7,7,1,5,8,2
7,8,1,5,8,2
7,8,1,5,8,2
7,8,1,5,8,2
7,8,1,5,9,2
7,8,1,5,9,2
7,8,1,5,9,2
7,8,1,5,10,2
7,8,1,5,10,2
7,8,1,5,10,2
7,8,1,5,10,2
7,9,1,5,10,2
0,0,0,0,0,3
0,1,0,0,0,3
0,1,0,1,0,3
0,1,0,1,0,3
0,1,0,1,1,3
0,1,0,1,2,3
0,1,1,1,2,3
0,1,1,1,2,3
0,1,1,1,2,3
0,1,1,1,2,3
0,1,1,1,2,3
0,1,1,1,2,3
0,1,1,1,2,3
0,1,1,1,3,3
0,1,1,1,3,3
0,1,1,1,3,3
0,1,1,1,3,3
0,1,1,1,2,3
0,1,1,1,2,3
1,1,1,1,2,3
1,1,1,1,2,3
1,1,1,1,2,3
1,1,1,1,2,3
1,1,1,1,2,3
1,1,1,1,2,3
1,1,1,1,2,3
1,1,1,1,2,3
1,1,1,1,2,3
1,1,1,1,2,3
1,1,1,1,2,3
1,1,1,1,2,3
1,1,1,1,2,3
1,1,1,1,2,3
1,1,1,1,2,3
1,1,1,1,2,3
1,1,1,1,2,3
1,1,1,1,2,3
1,1,1,1,2,3
1,1,1,1,2,3
1,1,1,1,2,3
1,1,1,1,2,3
1,1,1,1,2,3
1,1,1,1,2,3
1,1,1,1,2,3
1,1,1,1,2,3
1,1,1,1,2,3
1,1,1,1,2,3
1,1,1,1,2,3
1,1,1,1,2,3
1,1,1,1,2,3
1,1,1,1,2,3
1,1,1,1,2,3
1,1,1,1,2,3
1,1,1,1,2,3
1,1,1,1,2,3
1,1,1,1,2,3
1,1,1,1,2,3
1,1,1,1,2,3
1,1,1,1,2,3
1,1,1,1,2,3
1,1,1,1,2,3
1,1,1,1,2,3
1,1,1,1,2,3
1,1,1,1,2,3
1,1,1,1,2,3
1,1,1,1,2,3
1,1,1,1,2,3
1,1,1,1,2,3
1,1,1,1,2,3
1,1,1,1,2,3
1,1,1,1,2,3
1,1,1,1,2,3
1,1,1,1,2,3
1,1,1,1,2,3
1,1,1,1,2,3
1,1,1,1,2,3
1,1,1,1,2,3
1,1,1,1,2,3
1,1,1,1,2,3
1,1,1,1,2,3
1,1,1,1,2,3
1,1,1,1,2,3
1,1,1,1,2,3
1,1,1,1,2,3
1,1,1,1,2,3
1,1,1,1,2,3
1,1,1,1,2,3
1,1,1,1,2,3
1,1,1,1,2,3
1,1,1,1,2,3
1,1,1,1,2,3
1,1,1,1,2,3
1,1,1,1,2,3
1,1,1,1,2,3
1,1,1,1,2,3
1,1,1,1,2,3
1,1,1,1,2,3
1,1,1,1,2,3
1,1,1,1,2,3
1,1,1,1,2,3
0,0,0,0,0,4
0,0,0,0,0,4
0,1,0,0,0,4
0,1,0,1,0,4
1,1,0,1,0,4
1,1,0,1,1,4
1,1,0,2,1,4
1,1,1,2,1,4
1,1,1,2,2,4
1,2,1,2,2,4
1,2,1,2,3,4
1,2,1,2,3,4
1,2,1,2,3,4
1,2,1,2,3,4
1,2,1,2,3,4
2,2,1,2,3,4
2,2,1,2,3,4
2,2,1,2,3,4
2,2,1,2,3,4
2,2,1,2,3,4
2,2,1,2,3,4
2,2,1,2,3,4
2,2,1,2,2,4
2,2,1,2,2,4
2,2,1,2,2,4
2,2,1,2,2,4
3,2,1,2,2,4
3,2,1,2,2,4
3,2,1,2,2,4
3,2,1,2,2,4
3,2,1,2,2,4
3,2,1,2,2,4
3,2,2,2,2,4
3,2,2,2,2,4
3,2,2,2,2,4
3,2,3,2,2,4
3,2,3,2,2,4
3,2,3,2,2,4
3,2,3,2,3,4
3,2,3,2,3,4
3,2,4,2,3,4
3,2,4,2,3,4
3,2,4,2,3,4
3,2,4,2,3,4
4,1,4,2,3,4
4,1,4,2,3,4
4,1,4,2,3,4
4,1,5,2,3,4
4,2,5,2,3,4
4,2,5,2,3,4
4,2,5,2,3,4
4,2,5,2,3,4
4,3,5,2,3,4
4,3,5,2,4,4
4,3,5,2,4,4
4,3,5,2,4,4
4,3,5,2,4,4
4,3,5,2,5,4
4,3,5,2,5,4
4,3,5,2,5,4
4,3,5,2,6,4
4,3,5,2,6,4
4,4,5,2,6,4
4,4,5,2,6,4
3,4,5,2,6,4
3,4,5,2,6,4
3,4,5,2,6,4
4,4,5,2,6,4
4,4,5,2,6,4
4,4,5,2,6,4
4,4,5,2,6,4
4,4,5,2,6,4
4,4,5,2,6,4
4,5,5,2,6,4
4,5,5,2,6,4
4,5,5,2,6,4
4,5,5,2,6,4
4,5,5,2,6,4
4,4,5,2,7,4
4,4,5,2,7,4
4,4,5,2,7,4
4,4,5,2,7,4
4,4,5,2,7,4
4,4,5,2,7,4
4,4,5,2,7,4
4,4,5,2,7,4
4,4,5,2,7,4
4,4,5,2,7,4
4,4,5,2,7,4
4,4,5,2,7,4
4,5,5,2,7,4
4,5,5,2,6,4
4,5,5,2,6,4
4,5,5,2,6,4
4,5,5,2,6,4
4,5,5,2,6,4
4,5,5,2,5,4
4,6,5,2,5,4
4,6,5,2,5,4
4,6,5,2,5,4
0,0,0,0,0,5
0,0,0,0,1,5
0,0,0,1,1,5
0,1,0,1,1,5
0,2,0,1,1,5
1,2,0,1,1,5
1,2,0,1,2,5
1,2,1,1,2,5
1,2,1,1,2,5
1,2,1,1,2,5
1,2,1,1,3,5
1,2,1,1,3,5
1,2,1,1,3,5
1,2,1,1,3,5
1,3,1,1,3,5
1,3,1,1,3,5
1,3,1,1,3,5
1,3,1,1,3,5
1,3,1,1,3,5
1,3,1,1,3,5
1,3,1,1,3,5
1,3,1,1,3,5
1,3,1,1,3,5
1,3,1,1,3,5
1,3,1,1,3,5
1,3,1,1,3,5
1,3,1,1,3,5
1,3,1,1,3,5
1,3,1,1,3,5
1,3,1,1,3,5
1,3,1,1,3,5
1,3,1,1,3,5
1,3,1,1,3,5
1,3,1,1,3,5
1,3,1,1,3,5
1,3,1,1,3,5
1,3,1,1,3,5
1,3,1,1,3,5
1,3,1,1,3,5
1,3,1,1,3,5
1,3,1,1,3,5
1,3,1,1,3,5
1,3,1,1,3,5
1,3,1,1,3,5
1,3,1,1,3,5
1,3,1,1,3,5
1,3,1,1,3,5
1,3,1,1,3,5
1,3,1,1,3,5
1,3,1,1,3,5
1,3,1,1,3,5
1,3,1,1,3,5
1,3,1,1,3,5
1,3,1,1,3,5
1,3,1,1,3,5
1,3,1,1,3,5
1,3,1,1,3,5
1,3,1,1,3,5
1,3,1,1,3,5
1,3,1,1,3,5
1,3,1,1,3,5
1,3,1,1,3,5
1,3,1,1,3,5
1,3,1,1,3,5
1,3,1,1,3,5
1,3,1,1,3,5
1,3,1,1,3,5
1,3,1,1,3,5
1,3,1,1,3,5
1,3,1,1,3,5
1,3,1,1,3,5
1,3,1,1,3,5
1,3,1,1,3,5
1,3,1,1,3,5
1,3,1,1,3,5
1,3,1,1,3,5
1,3,1,1,3,5
1,3,1,1,3,5
1,3,1,1,3,5
1,3,1,1,3,5
1,3,1,1,3,5
1,3,1,1,3,5
1,3,1,1,3,5
1,3,1,1,3,5
1,3,1,1,3,5
1,3,1,1,3,5
1,3,1,1,3,5
1,3,1,1,3,5
1,3,1,1,3,5
1,3,1,1,3,5
1,3,1,1,3,5
1,3,1,1,3,5
1,3,1,1,3,5
1,3,1,1,3,5
1,3,1,1,3,5
1,3,1,1,3,5
1,3,1,1,3,5
1,3,1,0,3,5
1,3,1,0,3,5
1,3,1,0,3,5
0,0,0,0,0,6
0,0,0,0,1,6
0,0,0,1,1,6
0,1,0,1,1,6
0,1,0,1,1,6
0,1,0,1,1,6
0,1,0,1,1,6
0,1,0,1,1,6
0,1,0,1,2,6
0,1,0,1,3,6
0,1,0,1,3,6
0,1,1,1,3,6
0,1,1,1,3,6
0,1,1,1,3,6
0,1,1,1,3,6
0,1,1,1,3,6
1,1,1,1,3,6
1,1,1,1,3,6
1,1,1,1,3,6
1,1,1,1,3,6
1,1,1,1,3,6
1,1,1,1,3,6
1,1,1,1,3,6
1,1,1,1,3,6
1,1,1,1,3,6
1,1,1,1,3,6
1,1,1,1,3,6
1,1,1,1,3,6
1,1,1,1,3,6
1,1,1,1,3,6
1,1,1,1,3,6
1,1,1,1,3,6
1,1,1,1,3,6
1,1,1,1,3,6
1,1,1,1,3,6
1,1,1,1,3,6
1,1,1,1,3,6
1,1,1,1,3,6
1,1,1,1,3,6
1,1,1,1,3,6
1,1,1,1,3,6
1,1,1,1,3,6
1,1,1,1,3,6
1,1,1,1,3,6
1,1,1,1,3,6
1,1,1,1,3,6
1,1,1,1,3,6
1,1,1,1,3,6
1,1,1,1,3,6
1,1,1,1,3,6
1,1,1,1,3,6
1,1,1,1,3,6
1,1,1,1,3,6
1,1,1,1,3,6
1,1,1,1,3,6
1,1,1,1,3,6
1,1,1,1,3,6
1,1,1,1,3,6
1,1,1,1,3,6
1,1,1,1,3,6
1,1,1,1,3,6
1,1,1,1,3,6
1,1,1,1,3,6
1,1,1,1,3,6
1,1,1,1,3,6
1,1,1,1,3,6
1,1,1,1,3,6
1,1,1,1,3,6
1,1,1,1,3,6
1,1,1,1,3,6
1,1,1,1,3,6
1,1,1,1,3,6
1,1,1,1,3,6
1,1,1,1,3,6
1,1,1,1,3,6
1,1,1,1,3,6
1,1,1,1,3,6
1,1,1,1,3,6
1,1,1,1,3,6
1,1,1,1,3,6
1,1,1,1,3,6
1,1,1,1,3,6
1,1,1,1,3,6
1,1,1,1,3,6
1,1,1,1,3,6
1,1,1,1,3,6
1,1,1,1,3,6
1,1,1,1,3,6
1,1,1,1,3,6
1,1,1,1,3,6
1,1,1,1,3,6
1,1,1,1,3,6
1,1,1,1,3,6
1,1,1,1,3,6
1,1,1,1,3,6
1,1,1,1,3,6
1,1,1,1,3,6
1,1,1,1,3,6
1,1,1,1,3,6
1,1,1,1,3,6
0,0,0,0,0,7
0,0,1,0,0,7
1,0,1,0,0,7
2,0,1,0,0,7
2,0,1,0,1,7
2,0,1,0,1,7
2,0,1,1,1,7
2,0,1,1,2,7
2,1,1,1,2,7
2,1,1,1,2,7
2,1,1,1,2,7
2,1,1,1,2,7
2,1,1,1,2,7
2,1,1,1,2,7
2,1,1,1,2,7
2,1,1,1,2,7
2,1,1,1,2,7
2,1,1,1,2,7
2,1,1,1,2,7
2,1,1,1,2,7
2,1,1,1,2,7
2,1,1,1,2,7
2,1,1,1,2,7
2,1,1,1,2,7
2,1,1,1,2,7
2,1,1,1,2,7
2,1,1,1,2,7
2,1,1,1,2,7
2,1,1,1,2,7
2,1,1,1,2,7
2,1,1,1,2,7
2,1,1,1,2,7
2,1,1,1,2,7
2,1,1,1,2,7
2,1,1,1,2,7
2,1,1,1,2,7
2,1,1,1,2,7
2,1,1,1,2,7
2,1,1,1,2,7
2,1,1,1,2,7
2,1,1,1,2,7
2,1,1,1,2,7
2,1,1,1,2,7
2,1,1,1,2,7
2,1,1,1,2,7
2,1,1,1,2,7
2,1,1,1,2,7
2,1,1,1,2,7
2,1,1,1,2,7
2,1,1,1,2,7
2,1,1,1,2,7
2,1,1,1,2,7
2,1,1,1,2,7
2,1,1,1,2,7
2,1,1,1,2,7
2,1,1,1,2,7
2,1,1,1,2,7
2,1,1,1,2,7
2,1,1,1,2,7
2,1,1,1,2,7
2,1,1,1,2,7
2,1,1,1,2,7
2,1,1,1,2,7
2,1,1,1,2,7
2,1,1,1,2,7
2,1,1,1,2,7
2,1,1,1,2,7
2,1,1,1,2,7
2,1,1,1,2,7
2,1,1,1,2,7
2,1,1,1,2,7
2,1,1,1,2,7
2,1,1,1,2,7
2,1,1,1,2,7
2,1,1,1,2,7
2,1,1,1,2,7
2,1,1,1,2,7
2,1,1,1,2,7
2,1,1,1,2,7
2,1,1,1,2,7
2,1,1,1,2,7
2,1,1,1,2,7
2,1,1,1,2,7
2,1,1,1,2,7
2,1,1,1,2,7
2,1,1,1,2,7
2,1,1,1,2,7
2,1,1,1,2,7
2,1,1,1,2,7
2,1,1,1,2,7
2,1,1,1,2,7
2,1,1,1,2,7
2,1,1,1,2,7
2,1,1,1,2,7
2,1,1,1,2,7
2,1,1,1,2,7
2,1,1,1,2,7
2,1,1,1,2,7
2,1,1,1,2,7
2,1,1,1,2,7
0,0,0,0,0,8
1,0,0,0,0,8
1,0,0,1,0,8
1,0,0,1,0,8
1,0,0,1,0,8
1,0,0,1,1,8
1,0,0,1,1,8
1,0,1,1,1,8
2,0,1,1,1,8
2,0,1,1,1,8
2,0,1,1,1,8
2,0,1,1,1,8
2,0,1,1,2,8
2,0,1,1,2,8
2,0,1,1,2,8
2,0,1,1,2,8
2,0,1,1,2,8
0,0,0,0,0,9
0,0,0,1,0,9
0,0,0,1,1,9
0,0,1,1,1,9
0,0,1,1,2,9
0,0,1,1,3,9
0,0,1,1,3,9
0,1,1,1,3,9
0,1,1,1,3,9
0,1,1,1,3,9
0,1,1,1,3,9
1,1,0,1,3,9
1,1,0,1,3,9
1,1,0,1,3,9
1,1,0,1,3,9
1,1,0,1,3,9
1,1,0,1,3,9
1,1,0,1,3,9
1,1,0,1,3,9
1,1,0,1,3,9
1,1,0,1,3,9
1,1,0,1,3,9
1,1,0,1,3,9
1,1,0,1,3,9
1,1,0,1,3,9
1,1,0,1,3,9
1,1,0,1,3,9
1,1,0,1,3,9
1,1,0,1,3,9
1,1,0,1,3,9
1,1,0,1,3,9
1,1,0,1,3,9
1,1,0,1,3,9
1,1,0,1,3,9
1,1,0,1,3,9
1,1,0,1,3,9
1,1,0,1,3,9
1,1,0,1,3,9
1,1,0,1,3,9
1,1,0,1,3,9
1,1,0,1,3,9
1,1,0,1,3,9
1,1,0,1,3,9
1,1,0,1,3,9
1,1,0,1,3,9
1,1,0,1,3,9
1,1,0,1,3,9
1,1,0,1,3,9
1,1,0,1,3,9
1,1,0,1,3,9
1,1,0,1,3,9
1,1,0,1,3,9
1,1,0,1,3,9
1,1,0,1,3,9
1,1,0,1,3,9
1,1,0,1,3,9
1,1,0,1,3,9
1,1,0,1,3,9
1,1,0,1,3,9
1,1,0,1,3,9
1,1,0,1,3,9
1,1,0,1,3,9
1,1,0,1,3,9
1,1,0,1,3,9
1,1,0,1,3,9
1,1,0,1,3,9
1,1,0,1,3,9
1,1,0,1,3,9
1,1,0,1,3,9
1,1,0,1,3,9
1,1,0,1,3,9
1,1,0,1,3,9
1,1,0,1,3,9
1,1,0,1,3,9
1,1,0,1,3,9
1,1,0,1,3,9
1,1,0,1,3,9
1,1,0,1,3,9
1,1,0,1,2,9
0,1,0,1,2,9
0,1,0,1,2,9
0,1,0,1,2,9
0,1,0,1,2,9
1,1,0,1,2,9
1,1,0,1,2,9
1,1,0,1,2,9
1,1,0,1,2,9
1,1,0,1,2,9
1,1,0,1,2,9
1,1,0,1,2,9
1,1,0,1,2,9
1,1,0,1,2,9
1,1,0,1,2,9
1,1,0,1,2,9
1,1,0,1,2,9
1,1,0,1,2,9
1,1,0,1,2,9
1,1,0,1,2,9
1,1,0,1,2,9
1,1,0,1,2,9
0,0,0,0,0,10
0,0,0,1,0,10
0,0,0,1,1,10
0,0,0,1,2,10
0,0,0,1,2,10
1,0,0,1,2,10
2,0,0,1,2,10
2,1,0,1,2,10
2,1,1,1,2,10
2,1,1,1,2,10
2,1,1,1,2,10
2,1,1,1,2,10
2,1,1,1,2,10
3,1,1,1,1,10
3,1,1,1,2,10
3,1,1,2,2,10
3,1,1,2,2,10
3,1,1,2,2,10
3,2,1,2,2,10
3,3,1,2,2,10
3,3,1,2,3,10
3,3,1,2,4,10
3,3,1,3,4,10
3,3,1,3,5,10
3,3,2,3,5,10
3,3,3,3,5,10
4,3,3,3,5,10
4,4,3,3,5,10
4,4,3,3,5,10
4,4,3,3,6,10
4,4,2,3,7,10
4,4,2,3,7,10
4,4,3,3,7,10
4,4,3,3,7,10
5,4,3,3,7,10
5,4,3,3,7,10
5,4,3,3,7,10
5,4,3,3,7,10
5,4,3,3,8,10
5,4,3,3,8,10
5,4,3,3,8,10
5,4,3,3,9,10
6,4,3,3,9,10
6,4,3,3,9,10
6,4,3,3,9,10
6,4,3,3,9,10
5,4,3,3,10,10
5,4,3,3,10,10
5,4,3,3,10,10
5,4,3,3,11,10
5,4,3,3,11,10
5,5,3,3,11,10
5,5,3,3,11,10
5,5,3,3,11,10
5,5,3,3,10,10
5,6,3,3,10,10
5,6,3,3,10,10
5,6,3,3,10,10
5,6,3,3,10,10
5,6,4,3,10,10
5,6,4,3,10,10
5,6,4,3,10,10
5,6,4,3,11,10
5,6,4,3,11,10
5,7,4,3,11,10
5,7,4,3,11,10
5,7,4,3,11,10
5,7,4,3,11,10
5,7,5,3,10,10
5,7,5,3,10,10
5,7,5,3,10,10
5,7,5,3,11,10
5,7,5,3,11,10
5,7,5,3,11,10
5,7,5,3,12,10
5,7,5,2,12,10
5,7,5,2,12,10
5,7,5,2,12,10
5,7,5,2,12,10
5,7,5,2,12,10
5,7,5,2,12,10
5,7,5,2,12,10
5,7,5,2,12,10
5,7,5,2,12,10
5,7,5,2,12,10
4,7,6,2,12,10
4,7,6,2,12,10
4,7,6,2,12,10
4,7,6,2,12,10
4,7,6,2,12,10
4,7,6,2,12,10
4,7,6,2,12,10
4,7,6,2,12,10
4,7,6,2,12,10
4,7,6,2,12,10
4,7,6,2,12,10
4,6,6,2,12,10
4,6,6,3,12,10
4,6,6,3,12,10
4,6,6,3,12,10
0,0,0,0,0,11
0,0,0,0,0,11
0,0,1,0,0,11
0,0,1,0,0,11
0,0,1,0,1,11
0,0,1,0,1,11
0,1,1,0,1,11
0,2,1,0,1,11
1,2,1,0,1,11
1,3,1,0,1,11
1,4,1,0,1,11
1,4,1,0,1,11
1,4,1,0,1,11
1,4,1,0,1,11
1,4,1,0,1,11
1,4,1,0,1,11
1,4,1,0,1,11
1,4,1,0,1,11
1,4,1,0,1,11
1,4,1,0,1,11
1,4,1,0,1,11
1,4,1,0,1,11
1,4,1,0,1,11
1,4,1,0,1,11
1,4,1,0,1,11
1,4,1,0,1,11
1,4,1,0,1,11
1,4,1,0,1,11
1,4,1,0,1,11
1,4,1,0,1,11
0,4,1,0,2,11
0,4,1,0,2,11
0,4,1,0,2,11
0,4,1,0,2,11
0,4,1,0,2,11
0,4,1,0,2,11
0,4,1,0,2,11
0,4,1,0,2,11
0,4,1,0,2,11
0,4,1,0,2,11
0,4,1,0,2,11
0,4,1,0,2,11
0,4,1,0,2,11
0,4,1,0,2,11
0,4,1,0,2,11
0,4,1,0,2,11
0,4,1,0,2,11
0,4,1,0,2,11
0,4,1,0,2,11
0,4,1,0,2,11
0,4,1,0,2,11
0,4,1,0,2,11
0,4,1,0,2,11
0,4,1,0,2,11
0,4,1,0,2,11
0,4,1,0,2,11
0,4,1,0,2,11
0,4,1,0,2,11
0,4,1,0,2,11
0,4,1,0,2,11
0,4,1,0,2,11
0,4,1,0,2,11
0,4,1,0,2,11
0,4,1,0,2,11
0,4,1,0,2,11
0,4,1,0,2,11
0,4,1,0,2,11
0,4,1,0,2,11
0,4,1,0,2,11
0,4,1,0,2,11
0,4,1,0,2,11
0,4,1,0,2,11
0,4,1,0,2,11
0,4,1,0,2,11
0,4,1,0,2,11
0,4,1,0,2,11
0,4,1,0,2,11
0,4,1,0,2,11
0,4,1,0,2,11
0,4,1,0,2,11
0,4,1,0,2,11
0,4,1,0,2,11
0,4,1,0,2,11
0,4,1,0,2,11
0,4,1,0,2,11
0,4,1,0,2,11
0,4,1,0,2,11
0,4,1,0,2,11
0,4,1,0,2,11
0,4,1,0,2,11
0,4,1,0,2,11
0,4,1,0,2,11
0,4,1,0,2,11
0,4,1,0,2,11
0,4,1,0,2,11
0,4,1,0,2,11
0,4,1,0,2,11
0,4,1,0,2,11
0,4,1,0,2,11
0,4,1,0,2,11
0,0,0,0,0,12
0,0,1,0,0,12
1,0,1,0,0,12
1,0,1,1,0,12
1,0,1,1,0,12
1,1,1,1,0,12
2,1,1,1,0,12
2,1,1,1,0,12
2,1,1,1,0,12
2,1,1,1,0,12
2,1,1,1,1,12
2,1,1,1,1,12
2,1,1,1,1,12
2,1,1,1,1,12
2,1,1,1,1,12
2,1,1,1,2,12
2,1,1,1,2,12
0,0,0,0,0,13
0,0,0,1,0,13
0,1,0,1,0,13
0,1,0,1,0,13
0,1,0,1,1,13
0,1,1,1,1,13
0,1,1,1,1,13
0,1,1,1,1,13
0,1,1,1,1,13
1,1,1,1,1,13
1,1,1,1,1,13
1,1,1,1,1,13
1,1,1,1,1,13
1,1,1,1,1,13
0,0,0,0,0,14
0,0,0,0,1,14
0,0,1,0,1,14
0,0,1,0,2,14
0,0,1,1,2,14
1,0,1,1,2,14
1,1,1,1,2,14
2,1,1,1,2,14
2,1,1,1,2,14
2,1,1,1,2,14
2,1,1,1,2,14
2,1,1,1,2,14
2,1,1,1,2,14
2,1,1,1,2,14
2,1,1,1,2,14
2,1,1,1,2,14
2,1,1,1,2,14
2,1,1,1,2,14
2,2,1,1,2,14
3,2,1,1,2,14
3,2,1,2,2,14
3,2,1,2,2,14
4,2,1,2,2,14
3,2,1,2,3,14
3,2,1,2,3,14
3,2,1,2,3,14
3,2,1,2,4,14
3,2,1,2,4,14
3,2,1,2,4,14
3,2,1,3,4,14
3,2,1,3,4,14
3,2,1,3,4,14
3,3,1,3,3,14
3,3,1,3,3,14
3,3,1,3,4,14
3,3,1,3,4,14
3,3,1,3,4,14
3,3,1,3,4,14
3,4,1,3,4,14
3,4,1,3,4,14
3,4,1,3,4,14
3,4,1,3,4,14
3,4,1,3,5,14
3,4,1,3,5,14
3,4,1,3,5,14
3,4,1,3,5,14
3,4,1,3,5,14
3,4,1,3,5,14
3,4,1,3,5,14
3,4,1,3,5,14
3,5,1,3,5,14
3,5,1,3,5,14
3,5,1,3,5,14
3,5,1,3,5,14
3,4,1,3,5,14
3,4,1,3,5,14
3,4,1,3,5,14
3,4,1,3,5,14
3,4,1,3,5,14
3,4,1,3,6,14
3,4,1,3,6,14
3,4,1,3,6,14
3,4,1,3,6,14
3,4,1,3,6,14
3,4,1,3,6,14
3,4,1,3,6,14
3,4,1,3,6,14
3,4,1,3,6,14
3,4,1,3,6,14
3,4,1,3,6,14
3,4,1,3,6,14
3,4,1,3,6,14
3,4,1,3,6,14
3,4,1,3,6,14
3,4,1,3,6,14
3,4,1,3,6,14
3,4,1,3,6,14
3,4,1,3,6,14
3,4,1,3,6,14
3,4,1,3,6,14
3,4,1,3,6,14
3,4,1,3,6,14
3,4,1,3,5,14
3,4,1,3,5,14
3,4,1,3,5,14
3,4,1,3,5,14
3,4,1,3,5,14
3,4,1,3,5,14
3,4,1,3,5,14
3,4,1,3,5,14
3,4,1,3,5,14
3,4,1,3,5,14
3,4,1,3,6,14
3,4,1,3,6,14
3,4,1,3,6,14
3,4,1,3,6,14
3,4,1,3,6,14
3,4,1,3,6,14
3,4,1,3,6,14
3,4,1,3,6,14
0,0,0,0,0,15
0,0,1,0,0,15
0,1,1,0,0,15
0,2,1,0,0,15
1,2,1,0,0,15
1,2,1,1,0,15
1,2,1,1,1,15
1,2,1,1,1,15
1,2,1,1,1,15
1,2,1,1,1,15
1,3,1,1,1,15
1,3,1,1,2,15
1,3,1,2,2,15
1,4,1,2,2,15
1,4,1,2,2,15
1,4,1,2,3,15
1,4,1,2,3,15
1,4,1,2,3,15
1,4,1,2,3,15
1,4,1,2,3,15
1,4,1,2,3,15
1,4,1,2,3,15
2,4,1,2,3,15
2,4,1,2,3,15
2,4,1,2,3,15
2,4,1,2,3,15
2,4,1,2,4,15
2,4,1,2,4,15
2,4,1,2,4,15
2,4,1,2,3,15
2,4,1,2,3,15
2,4,1,2,4,15
2,4,1,2,4,15
2,4,1,2,4,15
2,4,1,2,4,15
2,4,1,2,4,15
2,4,1,2,4,15
2,4,1,2,4,15
2,4,1,2,4,15
3,4,1,2,4,15
3,4,1,2,4,15
3,4,1,2,4,15
3,4,1,2,4,15
3,4,1,2,4,15
3,4,1,2,4,15
3,4,1,2,4,15
3,4,1,2,4,15
3,4,1,2,4,15
3,4,1,2,4,15
3,4,1,2,4,15
3,4,1,2,4,15
3,4,1,2,4,15
3,4,1,2,4,15
3,4,1,2,5,15
3,4,1,2,5,15
3,4,1,2,5,15
3,4,1,2,5,15
3,4,1,2,5,15
3,4,1,2,5,15
3,4,1,2,5,15
3,4,1,2,5,15
3,4,1,2,5,15
3,4,1,2,5,15
3,4,1,2,5,15
3,4,1,2,5,15
3,4,1,2,5,15
3,4,1,2,5,15
3,4,1,2,6,15
3,4,1,2,6,15
3,4,1,2,6,15
3,4,1,2,6,15
3,4,1,2,6,15
3,4,1,2,6,15
3,4,1,2,6,15
3,4,1,2,6,15
3,4,1,2,6,15
3,4,1,2,6,15
3,4,1,2,6,15
3,4,1,2,6,15
3,4,1,2,6,15
3,4,1,2,6,15
3,4,1,2,6,15
3,4,1,2,7,15
3,4,1,2,7,15
3,4,1,2,7,15
3,4,1,2,7,15
3,4,1,2,7,15
3,4,1,2,7,15
3,4,1,2,7,15
3,4,1,2,7,15
3,4,1,2,7,15
3,4,1,2,7,15
3,4,1,2,7,15
3,4,1,2,7,15
3,4,1,2,7,15
3,4,1,2,7,15
3,4,1,2,7,15
3,4,1,2,7,15
3,4,1,2,7,15
3,4,1,2,7,15
0,0,0,0,0,16
0,0,0,0,0,16
0,0,1,0,0,16
0,0,1,1,0,16
1,0,1,1,0,16
1,0,1,1,0,16
2,0,1,1,0,16
2,0,1,1,1,16
2,0,1,1,1,16
2,0,1,1,1,16
2,1,1,1,1,16
2,1,1,1,2,16
2,1,1,1,3,16
2,1,1,1,3,16
2,1,1,1,3,16
2,1,1,1,3,16
2,1,1,1,4,16
2,1,1,1,4,16
2,1,1,1,4,16
2,1,1,1,4,16
2,1,1,1,4,16
2,1,1,1,4,16
2,1,1,1,4,16
2,1,1,1,4,16
2,1,1,1,4,16
2,1,1,1,4,16
2,1,1,1,4,16
2,1,1,1,4,16
2,1,1,1,4,16
2,1,1,1,4,16
2,1,1,1,4,16
2,1,1,1,4,16
2,1,1,1,4,16
2,1,1,1,4,16
2,1,0,1,4,16
2,1,0,1,4,16
2,1,0,1,4,16
2,1,0,1,4,16
2,1,0,1,4,16
2,1,0,1,4,16
2,1,0,1,4,16
2,1,0,1,4,16
2,1,0,1,4,16
2,1,0,1,4,16
2,1,0,1,4,16
2,1,0,1,4,16
2,1,0,1,4,16
2,1,0,1,4,16
2,1,0,1,4,16
2,1,0,1,4,16
2,1,0,1,4,16
2,1,0,1,4,16
2,1,0,1,3,16
2,1,0,1,3,16
2,1,0,1,3,16
2,1,0,1,3,16
2,1,0,1,3,16
2,1,0,1,3,16
2,1,0,1,3,16
2,1,0,1,3,16
2,1,0,1,3,16
2,1,0,1,3,16
2,1,0,1,3,16
2,1,0,1,3,16
2,1,0,1,3,16
2,1,0,1,3,16
2,1,0,1,3,16
2,1,0,1,3,16
2,1,0,1,3,16
2,1,0,1,3,16
2,1,0,1,3,16
2,1,0,1,3,16
2,1,0,1,3,16
2,1,0,1,3,16
2,1,0,1,3,16
2,1,0,1,3,16
2,1,0,1,3,16
2,1,0,1,3,16
2,1,0,1,3,16
2,1,0,1,3,16
2,1,0,1,3,16
2,1,0,1,3,16
2,1,0,1,3,16
2,1,0,1,3,16
2,1,0,1,3,16
2,1,0,1,3,16
2,1,0,1,3,16
2,1,0,1,3,16
2,1,0,1,3,16
2,1,0,1,3,16
2,1,0,1,3,16
2,1,0,1,3,16
2,1,0,1,3,16
2,1,0,1,3,16
2,1,0,1,3,16
2,1,0,1,3,16
2,1,0,1,3,16
2,1,0,1,3,16
2,1,0,1,3,16
2,1,0,1,3,16
0,0,0,0,0,17
0,0,0,1,0,17
0,0,0,1,0,17
1,0,0,1,0,17
1,0,0,1,0,17
1,0,1,1,0,17
1,0,1,1,1,17
1,0,1,1,1,17
1,0,1,1,1,17
1,0,1,1,1,17
2,0,1,1,1,17
2,1,1,1,1,17
2,1,1,1,1,17
2,1,1,1,1,17
2,1,1,1,1,17
2,1,1,1,1,17
2,1,1,1,1,17
0,0,0,0,0,18
0,0,0,0,1,18
0,0,0,0,1,18
0,0,0,0,1,18
0,1,0,0,1,18
0,1,1,0,1,18
0,2,1,0,1,18
1,2,1,0,1,18
1,2,1,0,2,18
1,2,1,0,3,18
1,2,1,0,3,18
1,2,1,0,3,18
1,2,1,0,3,18
1,2,1,0,3,18
1,2,1,0,3,18
1,2,1,0,3,18
1,2,1,0,3,18
1,2,1,0,3,18
1,2,1,0,3,18
1,2,1,0,3,18
1,2,1,0,3,18
1,2,1,0,3,18
1,2,1,0,3,18
1,2,1,0,3,18
1,2,1,0,3,18
1,2,1,0,3,18
1,2,1,0,3,18
1,2,1,0,3,18
1,2,1,0,2,18
1,2,1,0,2,18
1,2,1,0,2,18
1,2,1,0,2,18
1,2,1,0,2,18
1,2,1,0,2,18
1,2,1,0,2,18
1,2,1,0,2,18
1,2,1,0,2,18
1,2,1,0,2,18
1,2,1,0,2,18
1,2,1,0,2,18
1,2,1,0,2,18
1,2,1,0,2,18
1,2,1,0,2,18
1,2,1,0,2,18
1,2,1,0,2,18
1,2,1,0,2,18
1,2,1,0,2,18
1,2,1,0,2,18
1,2,1,0,2,18
1,2,1,0,2,18
1,2,1,0,2,18
1,2,1,0,2,18
1,2,1,0,2,18
1,2,1,0,2,18
1,2,1,0,2,18
1,2,1,0,2,18
1,2,1,0,2,18
1,2,1,0,2,18
1,2,1,0,2,18
1,2,1,0,2,18
1,2,1,0,2,18
1,2,1,0,2,18
1,2,1,0,2,18
1,2,1,0,2,18
1,2,1,0,2,18
1,2,1,0,2,18
1,2,1,0,2,18
1,2,1,0,2,18
1,2,1,0,2,18
1,2,1,0,2,18
1,2,1,0,2,18
1,2,1,0,2,18
1,2,1,0,2,18
1,2,1,0,2,18
1,2,1,0,2,18
1,2,1,0,2,18
1,2,1,0,2,18
1,2,1,0,2,18
1,2,1,0,2,18
1,2,1,0,2,18
1,2,1,0,2,18
1,2,1,0,2,18
1,2,1,0,2,18
1,2,1,0,2,18
1,2,1,0,2,18
1,2,1,0,2,18
1,2,1,0,2,18
1,2,1,0,2,18
1,2,1,0,2,18
1,2,1,0,2,18
1,2,1,0,2,18
1,2,1,0,2,18
1,2,1,0,2,18
1,2,1,0,2,18
1,2,1,0,2,18
1,2,1,0,2,18
1,2,1,0,2,18
1,2,1,0,2,18
1,2,1,0,2,18
1,2,1,0,2,18
0,0,0,0,0,19
0,0,0,0,0,19
0,0,0,1,0,19
0,1,0,1,0,19
0,1,0,1,0,19
0,1,1,1,0,19
0,2,1,1,0,19
0,2,1,1,0,19
0,2,1,1,0,19
0,2,1,1,0,19
0,3,1,1,0,19
0,3,1,1,0,19
0,3,1,1,0,19
0,4,1,1,0,19
1,4,1,1,0,19
1,4,1,1,0,19
1,4,1,1,0,19
1,4,1,1,1,19
1,4,1,1,2,19
2,4,1,1,2,19
2,4,1,1,3,19
2,4,1,1,4,19
3,3,1,1,4,19
3,3,1,1,5,19
3,3,1,1,5,19
3,3,0,1,6,19
3,3,0,1,7,19
3,3,0,1,7,19
3,3,0,1,7,19
3,3,0,1,7,19
3,3,0,1,7,19
3,3,1,1,7,19
3,3,1,1,7,19
3,3,1,1,7,19
3,3,1,1,7,19
3,3,1,1,7,19
3,3,1,1,7,19
3,3,1,1,7,19
3,3,1,1,7,19
3,3,1,1,7,19
3,3,1,1,7,19
3,3,2,1,7,19
3,3,2,1,7,19
3,3,2,1,7,19
3,3,2,1,7,19
3,3,2,2,7,19
3,3,2,2,7,19
3,3,2,2,7,19
3,3,2,2,7,19
3,3,2,2,7,19
3,3,2,2,7,19
3,3,2,2,7,19
3,3,2,2,7,19
3,3,2,2,7,19
3,3,2,2,7,19
3,3,2,2,7,19
3,3,2,2,7,19
3,3,2,2,7,19
3,3,2,2,7,19
3,3,2,2,7,19
3,2,2,2,7,19
3,2,2,2,7,19
3,2,2,2,7,19
3,3,2,2,6,19
3,3,2,2,6,19
3,3,2,2,6,19
3,3,2,2,6,19
3,3,2,2,6,19
3,3,2,2,6,19
3,3,2,2,6,19
3,3,2,2,7,19
3,3,2,2,7,19
3,3,2,2,7,19
3,3,2,2,7,19
3,3,2,2,7,19
3,3,2,2,7,19
3,3,2,2,7,19
3,3,2,2,7,19
3,3,2,2,7,19
3,3,2,2,7,19
3,3,2,2,7,19
3,3,2,2,7,19
3,3,2,2,7,19
4,3,2,2,7,19
4,3,2,2,7,19
4,3,2,2,7,19
4,3,2,2,7,19
4,3,2,2,7,19
4,3,2,2,7,19
4,3,2,2,7,19
4,3,2,2,7,19
4,3,2,2,7,19
4,3,2,2,7,19
4,3,2,2,7,19
4,3,2,2,7,19
4,3,2,2,7,19
4,3,2,2,7,19
4,3,2,2,7,19
4,3,2,2,7,19
4,3,2,2,7,19
0,0,0,0,0,20
0,0,0,0,1,20
0,0,0,0,2,20
0,0,0,0,3,20
0,0,0,1,3,20
0,1,0,1,3,20
0,1,1,1,3,20
1,1,1,1,3,20
1,1,1,1,3,20
1,1,1,1,3,20
2,1,1,1,3,20
2,1,1,1,3,20
2,1,1,1,3,20
2,1,1,2,3,20
2,1,1,2,3,20
2,1,1,2,3,20
2,1,1,2,3,20
2,1,2,2,3,20
2,1,2,2,3,20
2,2,2,2,3,20
2,2,2,2,3,20
2,2,2,2,3,20
2,2,2,2,3,20
2,2,2,2,4,20
2,2,2,2,4,20
2,2,2,2,4,20
2,2,2,2,4,20
2,2,2,2,4,20
2,2,2,2,4,20
2,2,2,2,4,20
2,2,2,2,4,20
2,2,2,2,4,20
3,2,2,2,4,20
3,2,2,2,4,20
3,2,2,2,4,20
3,2,2,2,4,20
3,2,2,2,4,20
3,2,2,2,4,20
3,2,2,2,4,20
3,2,2,2,4,20
3,2,2,2,4,20
3,2,2,2,4,20
3,2,2,2,4,20
3,2,2,2,4,20
3,2,2,2,4,20
3,2,2,2,4,20
3,2,2,2,4,20
3,2,2,2,4,20
3,2,2,2,5,20
3,2,2,2,5,20
3,2,2,2,5,20
3,2,2,2,5,20
3,2,2,2,5,20
3,2,2,2,5,20
3,2,2,2,5,20
0,0,0,0,0,21
0,0,1,0,0,21
0,0,1,0,0,21
0,1,1,0,0,21
1,1,1,0,0,21
1,2,1,0,0,21
1,2,1,0,1,21
1,2,1,0,1,21
1,2,1,1,1,21
1,2,1,2,1,21
1,2,1,2,2,21
1,2,1,2,2,21
2,2,1,2,2,21
2,2,1,2,2,21
2,2,1,2,2,21
2,2,1,2,3,21
2,2,1,2,4,21
2,2,1,2,4,21
2,2,1,2,5,21
2,2,1,2,5,21
2,2,1,2,5,21
2,2,1,2,5,21
2,2,1,1,6,21
3,2,1,1,6,21
3,2,1,1,6,21
3,2,1,2,6,21
3,2,1,2,6,21
4,2,1,2,6,21
4,2,1,2,6,21
4,2,1,2,6,21
4,2,1,2,6,21
4,2,1,2,6,21
4,2,1,2,7,21
4,2,1,2,7,21
4,2,1,2,7,21
4,3,1,2,7,21
4,3,1,2,7,21
4,3,1,2,7,21
4,3,1,2,7,21
4,3,1,2,7,21
4,3,1,2,7,21
4,3,1,2,7,21
4,3,1,2,7,21
4,3,1,2,7,21
4,3,1,2,7,21
4,3,1,2,6,21
4,3,1,2,6,21
4,3,1,2,7,21
4,3,1,2,7,21
4,3,1,2,7,21
4,3,1,2,7,21
4,3,1,2,7,21
4,3,1,2,7,21
4,3,1,2,7,21
4,3,1,2,7,21
4,3,1,2,7,21
4,3,1,2,6,21
4,3,1,2,6,21
4,3,1,2,6,21
4,3,1,2,7,21
4,3,1,2,7,21
4,3,1,2,7,21
4,3,1,2,7,21
4,3,1,2,7,21
4,3,1,2,7,21
4,3,1,2,7,21
4,3,1,2,7,21
4,2,1,2,7,21
4,2,1,2,7,21
4,3,1,2,7,21
4,3,1,2,7,21
4,3,1,2,7,21
4,3,1,2,7,21
4,3,1,2,7,21
4,3,1,2,7,21
4,3,1,2,7,21
4,3,1,2,7,21
4,3,1,2,7,21
4,3,1,2,7,21
4,3,1,2,7,21
4,3,1,2,7,21
4,3,1,2,7,21
4,3,1,2,7,21
4,3,1,2,7,21
4,3,1,2,7,21
4,3,1,2,7,21
4,3,1,2,7,21
4,3,1,2,7,21
4,3,1,2,7,21
4,3,1,2,7,21
4,3,1,2,7,21
4,3,1,2,7,21
4,3,1,2,7,21
4,3,1,2,7,21
4,3,1,2,7,21
4,3,1,2,7,21
4,3,1,2,7,21
4,3,1,2,7,21
4,3,1,2,7,21
4,3,1,2,7,21
0,0,0,0,0,22
0,0,0,0,0,22
1,0,0,0,0,22
1,0,0,0,1,22
1,0,1,0,1,22
1,0,1,0,2,22
1,0,1,0,3,22
1,0,1,0,3,22
1,0,1,1,3,22
1,0,1,1,3,22
1,0,1,1,3,22
1,0,1,1,3,22
2,0,1,1,3,22
2,0,1,1,3,22
2,0,1,1,3,22
2,0,1,1,3,22
2,0,1,1,3,22
2,0,1,1,3,22
2,0,1,1,3,22
2,0,1,1,3,22
0,0,0,0,0,23
0,0,0,1,0,23
0,0,1,1,0,23
0,0,1,1,0,23
0,1,1,1,0,23
0,1,1,1,1,23
0,1,1,1,1,23
0,1,1,1,1,23
0,1,1,1,1,23
0,1,1,1,1,23
0,2,1,1,1,23
0,2,1,1,2,23
0,2,1,1,3,23
0,2,1,1,3,23
1,2,1,1,3,23
2,2,1,1,3,23
2,2,1,1,3,23
3,2,1,1,3,23
3,2,1,1,2,23
3,3,1,1,2,23
3,3,1,1,3,23
3,4,1,1,3,23
3,4,1,1,3,23
3,4,1,1,4,23
3,4,1,2,4,23
3,4,1,2,4,23
3,5,1,2,4,23
3,5,1,2,4,23
3,5,2,2,4,23
3,5,2,2,5,23
3,5,2,2,5,23
3,5,2,2,5,23
3,5,3,2,4,23
3,5,3,2,4,23
4,5,3,2,4,23
4,5,3,2,4,23
4,5,4,2,4,23
4,5,4,2,4,23
4,5,4,2,5,23
4,5,4,2,5,23
4,5,5,2,5,23
4,5,5,2,5,23
4,5,5,2,5,23
4,5,5,3,5,23
4,5,5,3,5,23
4,5,5,3,6,23
3,5,5,3,7,23
3,5,6,3,7,23
4,5,6,3,7,23
4,5,6,3,8,23
4,5,6,3,8,23
4,5,6,3,8,23
4,6,5,3,8,23
3,7,5,3,8,23
3,7,5,3,8,23
3,7,5,4,8,23
3,7,5,4,8,23
3,7,5,4,8,23
3,7,5,4,8,23
3,7,6,4,7,23
2,7,6,4,8,23
3,7,6,4,8,23
3,7,6,4,8,23
3,7,6,4,9,23
3,7,6,4,9,23
3,8,6,4,9,23
3,8,7,4,9,23
3,8,7,4,9,23
3,8,7,4,9,23
3,8,7,4,9,23
3,9,7,4,9,23
3,9,7,4,9,23
3,9,7,4,9,23
3,9,7,4,9,23
4,9,7,4,9,23
4,9,7,4,10,23
4,10,7,4,10,23
4,10,7,4,10,23
4,10,7,4,10,23
5,10,7,4,10,23
5,10,7,4,10,23
5,10,7,4,10,23
5,10,7,4,11,23
5,11,7,4,11,23
5,11,7,4,11,23
5,11,7,4,11,23
5,11,7,4,11,23
5,11,7,4,11,23
5,11,7,4,11,23
5,11,7,4,11,23
5,11,7,4,11,23
5,12,7,4,10,23
5,12,7,4,10,23
5,12,7,4,10,23
5,12,7,4,10,23
5,12,7,4,10,23
5,12,7,4,10,23
5,13,7,4,10,23
5,13,7,4,10,23
5,13,7,4,10,23
0,0,0,0,0,24
0,0,0,0,0,24
0,1,0,0,0,24
1,1,0,0,0,24
1,1,0,0,1,24
1,1,0,0,2,24
1,1,0,1,2,24
1,2,0,1,2,24
1,2,1,1,2,24
1,2,1,1,2,24
1,3,1,1,2,24
1,3,1,1,2,24
2,3,1,1,2,24
3,3,1,1,2,24
3,3,1,1,3,24
3,3,1,1,3,24
3,3,1,1,3,24
3,3,1,1,3,24
2,4,1,1,3,24
2,4,1,1,3,24
2,4,1,1,3,24
2,4,1,1,3,24
2,4,1,1,4,24
2,4,1,1,4,24
2,4,1,1,4,24
2,4,1,1,4,24
2,4,1,1,4,24
2,4,1,1,4,24
2,4,1,1,4,24
2,4,1,1,4,24
2,4,2,1,4,24
2,4,2,1,4,24
2,4,2,1,4,24
2,4,2,1,5,24
2,4,2,1,5,24
2,4,2,1,5,24
3,4,2,1,5,24
3,4,2,1,5,24
3,4,2,1,5,24
3,4,2,1,5,24
3,4,2,1,5,24
3,4,2,1,5,24
3,4,2,1,5,24
3,4,2,1,5,24
3,4,2,1,5,24
3,5,2,1,5,24
3,5,2,1,5,24
3,5,2,1,5,24
3,5,2,1,5,24
3,5,3,1,5,24
3,5,3,1,5,24
3,5,3,1,5,24
3,5,3,1,5,24
3,5,3,1,5,24
4,4,3,1,5,24
4,4,3,1,5,24
4,4,3,1,5,24
4,4,3,1,5,24
4,4,3,2,5,24
4,4,3,2,5,24
4,4,3,2,5,24
4,4,3,2,4,24
5,4,3,2,4,24
5,5,3,2,4,24
5,5,3,2,4,24
5,5,3,3,4,24
5,5,3,3,4,24
5,5,3,3,4,24
4,5,3,3,5,24
5,5,3,3,5,24
5,5,3,3,5,24
5,5,3,3,5,24
5,5,3,3,5,24
5,5,3,3,5,24
5,5,3,3,5,24
5,5,3,3,5,24
5,5,3,3,5,24
5,5,3,4,5,24
5,5,3,4,5,24
5,5,3,4,5,24
4,5,3,4,5,24
4,5,3,4,5,24
4,5,3,4,5,24
4,5,4,4,4,24
4,5,4,4,5,24
4,5,4,4,6,24
4,5,4,4,6,24
4,5,4,4,6,24
4,6,4,4,6,24
4,7,4,4,6,24
4,7,4,4,6,24
4,7,4,4,6,24
4,7,4,4,6,24
4,7,4,4,7,24
5,7,4,4,7,24
5,7,4,4,7,24
5,7,4,4,7,24
5,7,4,4,7,24
5,7,4,4,7,24
5,7,4,4,7,24
0,0,0,0,0,25
0,0,0,1,0,25
0,1,0,1,0,25
0,1,0,1,0,25
0,1,0,1,0,25
0,2,0,1,0,25
0,2,1,1,0,25
0,3,1,1,0,25
0,3,1,1,0,25
0,3,1,1,0,25
0,3,1,1,0,25
0,3,1,1,0,25
0,3,1,1,0,25
0,3,1,1,0,25
0,3,1,1,0,25
0,3,1,1,0,25
0,3,1,1,1,25
0,3,1,1,1,25
0,3,1,1,1,25
0,3,1,1,1,25
0,3,1,1,1,25
0,3,1,1,1,25
0,3,1,1,1,25
0,3,1,1,1,25
0,3,1,1,1,25
0,3,1,1,1,25
0,3,1,1,1,25
0,3,1,1,1,25
0,3,1,1,1,25
0,3,1,1,1,25
0,3,1,1,1,25
0,3,1,1,1,25
0,3,1,1,1,25
0,3,1,1,1,25
0,3,1,1,1,25
0,3,1,1,1,25
0,3,1,1,1,25
0,3,1,1,1,25
0,3,1,1,1,25
0,3,1,1,1,25
0,3,1,1,1,25
0,3,1,1,1,25
0,3,1,1,1,25
0,3,1,1,1,25
0,3,1,1,1,25
0,3,1,1,1,25
0,3,1,1,1,25
0,3,1,1,1,25
0,3,1,1,1,25
0,3,1,1,1,25
0,3,1,1,1,25
0,3,1,1,1,25
0,3,1,1,1,25
0,3,1,1,1,25
0,3,1,1,1,25
0,3,1,1,1,25
0,3,1,1,1,25
0,3,1,1,1,25
0,3,1,1,1,25
0,3,1,1,1,25
0,3,1,1,1,25
0,3,1,1,1,25
0,3,1,1,1,25
0,3,1,1,1,25
0,3,1,1,1,25
0,3,1,1,1,25
0,3,1,1,1,25
0,3,1,1,1,25
0,3,1,1,1,25
0,3,1,1,1,25
0,3,1,1,1,25
0,3,1,1,1,25
0,3,1,1,1,25
0,3,1,1,1,25
0,3,1,1,1,25
0,3,1,1,1,25
0,3,1,1,1,25
0,3,1,1,1,25
0,3,1,1,1,25
0,3,1,1,1,25
0,3,1,1,1,25
0,3,1,1,1,25
0,3,1,1,1,25
0,3,1,1,1,25
0,3,1,1,1,25
0,3,1,1,1,25
0,3,1,1,1,25
0,3,1,1,1,25
0,3,1,1,1,25
0,3,1,1,1,25
0,3,1,1,1,25
0,3,1,1,1,25
0,3,1,1,1,25
0,3,1,1,1,25
0,3,1,1,1,25
0,3,1,1,1,25
0,3,1,1,1,25
0,3,1,1,1,25
0,3,1,1,1,25
0,3,1,1,1,25
0,0,0,0,0,26
0,0,0,0,1,26
0,0,0,0,2,26
0,0,0,0,3,26
0,0,0,1,3,26
0,0,0,1,4,26
0,0,0,1,4,26
1,0,0,1,4,26
1,0,0,1,4,26
1,0,0,1,4,26
1,1,0,1,4,26
1,1,0,1,4,26
1,1,0,1,4,26
1,1,0,1,4,26
1,2,0,1,4,26
1,2,0,1,4,26
1,2,0,1,4,26
1,2,0,1,4,26
2,2,0,1,4,26
2,2,0,1,4,26
2,2,0,1,4,26
2,2,0,1,4,26
2,2,0,1,4,26
2,2,0,1,4,26
2,2,0,1,4,26
2,2,0,1,4,26
2,2,0,1,4,26
2,2,0,1,4,26
2,2,0,1,4,26
2,2,0,1,4,26
2,2,0,1,4,26
2,2,0,1,4,26
2,2,0,1,4,26
2,2,0,1,4,26
2,2,0,1,4,26
2,2,0,1,4,26
2,2,0,1,4,26
2,2,0,1,4,26
2,2,0,1,4,26
2,2,0,1,4,26
2,2,0,1,4,26
2,2,0,1,4,26
2,2,0,1,4,26
2,2,0,1,4,26
2,2,0,1,4,26
2,2,0,1,4,26
2,2,0,1,4,26
2,2,0,1,4,26
2,2,0,1,4,26
2,2,0,1,4,26
2,2,0,1,4,26
2,2,0,1,4,26
2,2,0,1,4,26
2,2,0,1,4,26
2,1,0,1,4,26
2,1,0,1,4,26
2,1,0,1,4,26
2,1,0,1,4,26
2,1,0,1,4,26
2,1,0,1,4,26
2,1,0,1,4,26
2,1,0,1,4,26
2,1,0,1,4,26
2,1,0,1,4,26
2,1,0,1,4,26
2,1,0,1,4,26
2,1,0,1,4,26
2,1,0,1,4,26
2,1,0,1,4,26
2,1,0,1,4,26
2,1,0,1,4,26
2,1,0,1,4,26
2,1,0,1,4,26
2,1,0,1,4,26
2,1,0,1,4,26
2,1,0,1,4,26
2,1,0,1,4,26
2,1,0,1,4,26
2,1,0,1,4,26
2,1,0,1,4,26
2,1,0,1,4,26
2,1,0,1,4,26
2,1,0,1,4,26
2,1,0,1,4,26
2,1,0,1,3,26
2,1,0,1,3,26
2,1,0,1,3,26
2,1,0,1,3,26
2,1,0,1,3,26
2,1,0,1,3,26
2,1,0,1,3,26
2,1,0,1,3,26
2,1,0,1,3,26
2,1,0,1,3,26
2,1,0,1,3,26
2,1,0,1,3,26
2,1,0,1,3,26
2,1,0,1,3,26
2,1,0,1,3,26
2,1,0,1,3,26
0,0,0,0,0,27
1,0,0,0,0,27
1,1,0,0,0,27
1,1,0,1,0,27
1,1,0,1,0,27
1,1,0,1,1,27
1,2,0,1,1,27
1,2,0,2,1,27
1,3,0,2,1,27
1,3,0,2,1,27
1,3,0,2,1,27
1,3,0,2,1,27
1,3,0,2,2,27
1,3,0,2,2,27
1,3,0,2,2,27
1,3,0,2,2,27
1,3,0,2,2,27
1,3,0,2,2,27
1,3,0,2,2,27
1,3,0,2,2,27
1,3,0,2,2,27
1,3,0,2,2,27
1,3,0,2,2,27
1,3,0,2,2,27
1,3,0,2,2,27
1,3,0,2,2,27
1,3,0,2,2,27
1,3,0,2,2,27
1,3,0,2,2,27
1,3,0,2,2,27
1,3,0,2,2,27
1,3,0,2,2,27
1,3,0,2,2,27
1,3,0,2,2,27
1,3,0,2,2,27
1,3,0,2,2,27
1,3,0,2,2,27
1,3,0,2,2,27
1,3,0,2,2,27
1,3,0,2,2,27
1,3,0,2,2,27
1,3,0,2,2,27
1,3,0,2,2,27
1,3,0,2,2,27
1,3,0,2,2,27
1,3,0,2,2,27
1,3,0,2,2,27
1,3,0,2,2,27
1,3,0,2,2,27
1,3,0,2,2,27
1,3,0,2,2,27
1,3,0,2,2,27
1,3,0,2,2,27
1,3,0,2,2,27
1,3,0,2,2,27
1,3,0,2,2,27
1,3,0,2,2,27
1,3,0,2,2,27
1,3,0,2,2,27
1,3,0,2,2,27
1,3,0,2,2,27
1,3,0,2,2,27
1,3,0,2,2,27
1,3,0,2,2,27
1,3,0,2,2,27
1,3,0,2,2,27
1,3,0,2,2,27
1,3,0,2,2,27
1,3,0,2,2,27
1,3,0,2,2,27
1,3,0,2,2,27
1,3,0,2,2,27
1,3,0,2,2,27
1,3,0,2,2,27
1,3,0,2,2,27
1,3,0,2,2,27
1,3,0,2,2,27
1,3,0,2,2,27
1,3,0,2,2,27
1,3,0,2,2,27
1,2,0,2,2,27
1,2,0,2,2,27
1,2,0,2,2,27
1,2,0,2,2,27
1,2,0,2,2,27
1,2,0,2,2,27
1,2,0,2,2,27
1,2,0,2,2,27
1,2,0,2,2,27
1,2,0,2,2,27
1,2,0,2,2,27
1,2,0,2,2,27
1,2,0,2,2,27
1,2,0,2,2,27
1,2,0,2,2,27
1,2,0,2,2,27
1,2,0,2,2,27
1,2,0,2,2,27
1,2,0,2,2,27
1,2,0,2,2,27
0,0,0,0,0,28
0,0,0,1,0,28
0,0,0,1,0,28
0,0,0,1,0,28
0,1,0,1,0,28
0,1,0,1,0,28
1,1,0,1,0,28
1,1,0,1,1,28
1,2,0,1,1,28
1,2,1,0,1,28
1,2,1,1,1,28
1,2,1,1,1,28
1,2,1,1,1,28
1,2,1,1,1,28
1,3,0,1,1,28
2,3,0,1,1,28
2,3,0,1,2,28
2,3,0,1,2,28
2,3,0,1,2,28
2,3,0,1,2,28
2,3,0,1,2,28
2,3,0,1,2,28
2,3,0,1,2,28
2,3,0,1,2,28
2,3,0,1,2,28
2,3,0,1,2,28
2,3,0,1,2,28
2,3,0,1,2,28
2,3,0,1,2,28
2,3,0,1,2,28
2,3,0,1,2,28
2,3,0,1,2,28
2,3,0,1,2,28
2,3,0,1,2,28
2,3,0,1,2,28
2,3,0,1,2,28
2,3,0,1,2,28
2,3,0,1,2,28
2,3,0,1,2,28
2,3,0,1,2,28
2,3,0,1,2,28
2,3,0,1,2,28
2,3,0,1,2,28
2,3,0,1,2,28
2,3,0,1,2,28
2,3,0,1,2,28
2,3,0,1,2,28
2,3,0,1,2,28
2,3,0,1,2,28
2,3,0,1,2,28
2,3,0,1,2,28
2,3,0,1,2,28
2,3,0,1,2,28
2,3,0,1,2,28
2,3,0,1,2,28
2,3,0,1,2,28
2,3,0,1,2,28
2,3,0,1,2,28
2,3,0,1,2,28
2,3,0,1,2,28
2,3,0,1,2,28
2,3,0,1,2,28
1,3,0,1,2,28
1,3,0,1,2,28
1,3,0,1,2,28
1,3,0,1,2,28
1,3,0,1,2,28
1,3,0,1,2,28
1,3,0,1,2,28
1,3,0,1,2,28
1,3,0,1,2,28
1,3,0,1,2,28
1,3,0,1,2,28
1,3,0,1,2,28
1,3,0,1,2,28
1,3,0,1,2,28
1,3,0,1,2,28
1,3,0,1,2,28
1,3,0,1,2,28
1,3,0,1,2,28
1,3,0,1,2,28
1,3,0,1,2,28
1,3,0,1,2,28
1,3,0,1,2,28
1,3,0,1,2,28
1,3,0,1,2,28
1,3,0,1,2,28
1,3,0,1,2,28
1,3,0,1,2,28
1,3,0,1,2,28
1,3,0,1,2,28
1,3,0,1,2,28
1,3,0,1,2,28
1,3,0,1,2,28
1,3,0,1,2,28
1,3,0,1,2,28
1,3,0,1,2,28
1,3,0,1,2,28
1,3,0,1,2,28
1,3,0,1,2,28
0,0,0,0,0,29
0,0,0,0,1,29
0,0,0,1,1,29
0,0,0,1,1,29
0,0,1,1,1,29
0,0,1,1,1,29
0,1,1,1,1,29
0,1,1,1,2,29
1,1,1,1,2,29
1,2,1,1,2,29
2,2,1,1,2,29
2,3,1,1,2,29
2,3,1,1,2,29
2,3,1,2,2,29
2,3,1,2,2,29
2,3,1,2,2,29
2,3,1,2,2,29
2,4,1,2,2,29
2,4,1,2,2,29
2,4,1,2,2,29
2,4,1,2,2,29
2,4,1,2,2,29
2,4,2,2,2,29
2,4,2,2,3,29
2,4,2,2,3,29
2,4,2,2,3,29
2,4,2,2,3,29
2,4,2,2,3,29
2,4,2,2,3,29
2,4,2,2,3,29
2,5,2,2,2,29
2,5,2,2,2,29
2,5,2,2,2,29
2,5,2,2,2,29
2,5,2,2,2,29
2,5,2,2,2,29
3,5,2,2,2,29
3,5,2,2,2,29
3,5,2,2,2,29
3,5,2,2,2,29
3,5,2,2,2,29
3,5,2,2,2,29
3,5,2,2,3,29
4,5,2,2,2,29
4,5,2,2,2,29
4,5,2,2,2,29
4,5,2,2,2,29
4,5,2,2,3,29
4,5,2,2,3,29
4,5,2,2,3,29
4,5,2,2,3,29
4,5,2,2,3,29
4,5,2,2,3,29
4,4,2,2,4,29
4,4,2,2,4,29
4,4,2,2,4,29
4,4,2,2,4,29
5,4,2,2,4,29
5,4,2,2,5,29
5,4,2,2,5,29
5,4,3,2,5,29
5,4,3,2,5,29
5,4,3,2,5,29
5,4,4,2,5,29
5,4,4,2,5,29
5,4,4,2,5,29
5,3,4,2,6,29
5,3,4,2,6,29
5,3,4,2,6,29
6,3,4,2,6,29
6,3,4,2,6,29
6,3,5,2,6,29
6,3,5,2,6,29
6,3,5,2,6,29
6,3,5,2,6,29
6,3,5,2,7,29
6,3,5,2,7,29
6,3,5,2,7,29
6,3,6,2,7,29
6,3,6,2,7,29
6,3,6,2,7,29
6,3,6,2,7,29
6,3,7,2,6,29
6,3,7,2,6,29
6,3,7,2,6,29
6,3,7,2,6,29
7,3,7,2,6,29
7,3,7,2,6,29
7,3,7,2,6,29
7,3,7,2,6,29
7,3,7,2,7,29
7,3,7,2,7,29
7,3,7,2,7,29
7,3,7,2,7,29
7,3,7,2,7,29
7,3,7,2,8,29
7,3,7,2,9,29
7,3,7,2,9,29
7,3,7,2,9,29
7,3,7,2,9,29
0,0,0,0,0,30
0,0,0,0,1,30
0,0,1,0,1,30
0,0,1,0,1,30
1,0,1,0,1,30
1,0,1,0,1,30
1,0,1,0,2,30
1,0,1,1,2,30
1,0,1,1,2,30
2,0,1,1,2,30
2,0,1,1,2,30
2,0,1,1,2,30
2,1,1,1,2,30
2,1,1,1,2,30
2,1,1,1,2,30
2,1,1,1,2,30
2,1,1,1,2,30
0,0,0,0,0,31
0,0,0,0,0,31
0,0,0,0,0,31
0,0,0,1,0,31
0,0,0,1,0,31
0,0,0,1,0,31
1,0,0,1,0,31
1,0,0,1,0,31
2,0,0,1,0,31
2,0,0,1,0,31
2,0,0,1,0,31
2,1,0,1,0,31
2,1,0,1,0,31
2,1,0,1,1,31
2,1,1,1,1,31
2,1,1,1,1,31
3,1,1,1,1,31
3,1,1,2,1,31
3,1,1,2,1,31
3,1,1,2,1,31
3,1,1,2,1,31
3,1,1,2,2,31
4,1,1,2,2,31
4,1,1,2,3,31
3,1,1,2,4,31
3,1,1,2,4,31
3,0,2,2,4,31
3,0,1,2,5,31
3,0,1,2,6,31
3,1,1,2,6,31
3,1,1,2,6,31
3,1,1,2,7,31
3,1,1,2,7,31
3,1,1,2,7,31
3,1,1,2,6,31
3,1,1,2,6,31
3,1,1,2,6,31
3,1,1,2,6,31
0,0,0,0,0,32
0,0,0,1,0,32
1,0,0,1,0,32
1,0,0,1,0,32
1,0,1,1,0,32
1,0,1,1,0,32
1,0,1,1,0,32
1,0,1,1,0,32
2,0,1,1,0,32
3,0,1,1,0,32
3,0,1,1,0,32
3,0,1,1,1,32
3,0,1,1,1,32
3,0,1,1,2,32
3,0,1,1,2,32
3,0,1,1,2,32
3,0,1,1,2,32
3,0,1,1,2,32
3,0,1,1,2,32
3,0,1,1,2,32
0,0,0,0,0,33
1,0,0,0,0,33
2,0,0,0,0,33
2,0,0,1,0,33
2,0,0,1,0,33
3,0,0,1,0,33
3,0,0,1,1,33
3,0,0,1,2,33
3,0,0,1,2,33
3,0,0,1,3,33
3,0,0,1,3,33
3,0,0,1,3,33
3,0,0,1,3,33
3,1,0,1,3,33
3,1,0,1,3,33
0,0,0,0,0,34
0,0,0,1,0,34
0,1,0,1,0,34
0,1,0,1,0,34
1,1,0,1,0,34
1,1,1,0,0,34
1,1,1,0,0,34
1,1,1,0,0,34
0,1,1,0,1,34
0,1,1,1,1,34
0,1,1,1,1,34
0,1,1,1,2,34
0,1,1,1,2,34
1,1,1,1,2,34
2,1,1,1,2,34
2,1,1,1,2,34
2,1,1,1,3,34
2,1,1,1,3,34
2,1,1,1,3,34
2,1,1,1,3,34
2,1,1,1,3,34
2,1,1,1,3,34
2,1,1,1,3,34
3,1,1,1,3,34
3,1,1,1,3,34
3,1,1,1,3,34
3,2,1,1,3,34
3,2,1,1,3,34
3,2,1,1,3,34
3,2,1,1,3,34
3,2,1,1,3,34
3,2,1,1,3,34
3,2,1,1,3,34
3,2,2,1,3,34
3,2,2,1,3,34
3,2,2,1,3,34
3,2,2,1,3,34
3,2,2,1,3,34
3,3,2,1,3,34
3,3,2,1,3,34
3,3,2,1,3,34
3,3,2,1,3,34
3,3,2,1,3,34
3,3,2,1,3,34
3,3,2,1,3,34
3,3,3,1,3,34
3,3,3,1,3,34
3,3,3,1,3,34
3,3,3,1,3,34
3,2,3,1,3,34
3,3,3,1,3,34
3,3,3,2,3,34
3,3,3,2,3,34
3,3,3,2,3,34
3,4,3,2,3,34
4,4,3,2,3,34
4,4,3,2,3,34
4,4,3,2,4,34
4,4,3,2,5,34
4,4,3,2,5,34
4,4,3,2,5,34
4,4,3,2,6,34
4,4,3,2,6,34
4,4,3,2,6,34
4,4,3,2,6,34
4,4,3,2,6,34
4,4,3,2,6,34
4,4,3,2,6,34
4,5,3,2,6,34
4,5,3,2,6,34
4,5,3,2,6,34
4,5,3,2,6,34
4,5,3,2,6,34
4,5,3,2,6,34
4,5,3,2,6,34
4,5,3,2,6,34
4,5,3,1,7,34
4,4,4,1,7,34
4,4,4,1,7,34
4,4,4,1,7,34
4,4,4,1,7,34
4,4,4,1,7,34
4,4,4,1,7,34
4,4,4,1,7,34
4,4,4,1,7,34
4,4,4,1,7,34
4,4,4,1,7,34
4,4,4,1,7,34
4,4,4,1,7,34
4,4,4,1,7,34
4,4,4,1,7,34
4,4,4,1,7,34
4,4,4,1,7,34
4,4,4,1,7,34
4,4,4,1,7,34
4,4,4,1,7,34
4,4,4,1,7,34
4,4,4,1,7,34
4,4,4,1,7,34
4,4,4,1,7,34
0,0,0,0,0,35
0,0,0,1,0,35
0,0,0,1,0,35
0,0,0,1,1,35
1,0,0,1,1,35
1,0,0,1,2,35
1,0,0,1,2,35
1,0,0,1,2,35
1,0,0,1,2,35
1,0,1,1,2,35
1,0,1,1,2,35
1,0,1,1,3,35
1,0,1,1,3,35
1,0,1,1,3,35
1,0,1,1,3,35
1,0,1,1,3,35
1,0,1,1,3,35
