Food Produced,Food Eaten,Current Food,run_id
0.0,60.0,340,1
56.0,60.0,336,1
100.0,60.0,376,1
64.0,60.0,380,1
40.0,60.0,360,1
40.0,60.0,340,1
10.0,60.0,290,1
1.0,60.0,231,1
30.0,60.0,201,1
30.0,60.0,171,1
30.0,60.0,141,1
30.0,60.0,111,1
30.0,60.0,81,1
30.0,60.0,51,1
30.0,60.0,30,1
30.0,60.0,30,1
30.0,60.0,30,1
30.0,60.0,30,1
30.0,60.0,30,1
30.0,60.0,30,1
30.0,60.0,30,1
30.0,60.0,30,1
30.0,60.0,30,1
30.0,60.0,30,1
30.0,60.0,30,1
30.0,60.0,30,1
30.0,60.0,30,1
30.0,60.0,30,1
30.0,60.0,30,1
30.0,60.0,30,1
30.0,60.0,30,1
30.0,60.0,30,1
30.0,60.0,30,1
30.0,60.0,30,1
30.0,60.0,30,1
30.0,60.0,30,1
30.0,60.0,30,1
26.0,60.0,26,1
30.0,60.0,30,1
37.0,72.60000000000001,37,1
26.0,48.6,26,1
26.0,48.6,26,1
26.0,48.6,26,1
26.0,48.6,26,1
26.0,48.6,26,1
26.0,48.6,26,1
26.0,48.6,26,1
26.0,48.6,26,1
26.0,48.6,26,1
26.0,48.6,26,1
26.0,48.6,26,1
26.0,48.6,26,1
26.0,48.6,26,1
26.0,48.6,26,1
26.0,48.6,26,1
26.0,48.6,26,1
26.0,48.6,26,1
26.0,48.6,26,1
26.0,48.6,26,1
26.0,48.6,26,1
26.0,48.6,26,1
26.0,48.6,26,1
26.0,48.6,26,1
26.0,48.6,26,1
26.0,48.6,26,1
26.0,48.6,26,1
26.0,48.6,26,1
26.0,48.6,26,1
26.0,48.6,26,1
26.0,48.6,26,1
25.0,33.75,25,1
18.0,25.35,18,1
18.0,25.35,18,1
18.0,25.35,18,1
18.0,25.35,18,1
18.0,25.35,18,1
18.0,25.35,18,1
18.0,25.35,18,1
18.0,25.35,18,1
18.0,25.35,18,1
14.0,15.0,17,1
14.0,15.0,16,1
6.4,5.4,17,1
6.4,5.4,18,1
6.4,5.4,19,1
12.35,7.35,24,1
14.15,12.15,26,1
14.150000000000002,18.15,22,1
14.150000000000002,18.15,18,1
14.0,18.15,14,1
14.0,18.15,14,1
14.0,18.15,14,1
14.0,18.15,14,1
14.0,18.15,14,1
14.15,12.15,16,1
14.0,15.0,15,1
14.0,15.0,14,1
14.0,15.0,14,1
14.0,15.0,14,1
14.0,15.0,14,1
0.0,60.0,340,2
0.0,60.0,280,2
0.0,60.0,220,2
0.0,60.0,160,2
0.0,60.0,100,2
0.0,60.0,40,2
0.0,60.0,0,2
0.0,33.75,0,2
27.0,21.6,27,2
27.0,29.4,27,2
27.0,29.4,27,2
27.0,29.4,27,2
27.0,29.4,27,2
18.0,29.4,18,2
18.0,29.4,18,2
9.0,29.4,9,2
9.0,25.35,9,2
0.0,25.35,0,2
9.0,15.0,9,2
18.0,25.35,18,2
18.0,48.6,18,2
0.0,48.6,0,2
18.0,29.4,18,2
18.0,43.35,18,2
9.0,25.35,9,2
9.0,25.35,9,2
9.0,25.35,9,2
33.0,25.35,33,2
12.0,54.150000000000006,12,2
33.0,54.150000000000006,33,2
21.0,60.0,21,2
0.0,60.0,0,2
34.0,33.75,34,2
34.0,43.35,34,2
34.0,43.35,34,2
34.0,43.35,34,2
12.0,43.35,12,2
34.0,43.35,34,2
34.0,60.0,34,2
34.0,60.0,34,2
34.0,60.0,34,2
34.0,60.0,34,2
34.0,60.0,34,2
34.0,60.0,34,2
12.0,60.0,12,2
34.0,60.0,34,2
34.0,54.150000000000006,34,2
34.0,54.150000000000006,34,2
34.0,54.150000000000006,34,2
34.0,54.150000000000006,34,2
12.0,54.150000000000006,12,2
34.0,54.150000000000006,34,2
12.0,109.35,12,2
44.0,109.35,44,2
56.0,163.35000000000002,56,2
78.0,277.35,78,2
78.0,360.15000000000003,78,2
78.0,360.15000000000003,78,2
65.0,360.15000000000003,65,2
78.0,360.15000000000003,78,2
100.0,504.6,100,2
122.0,799.3500000000001,122,2
100.0,1033.35,100,2
125.0,1033.35,125,2
194.0,1500.0,194,2
177.0,2269.3500000000004,177,2
249.0,2269.3500000000004,249,2
177.0,2496.15,177,2
185.0,2496.15,185,2
233.0,2693.4,233,2
129.0,2693.4,129,2
185.0,2693.4,185,2
191.0,2815.3500000000004,191,2
90.0,3024.6000000000004,90,2
235.0,3024.6000000000004,235,2
194.0,3465.6000000000004,194,2
191.0,3465.6000000000004,191,2
194.0,3465.6000000000004,194,2
189.0,3840.0,189,2
187.0,3840.0,187,2
254.0,3840.0,254,2
82.0,2306.4,82,2
241.0,2306.4,241,2
155.0,2419.3500000000004,155,2
259.0,2419.3500000000004,259,2
259.0,2496.15,259,2
224.0,2496.15,224,2
230.0,2496.15,230,2
158.0,2613.6000000000004,158,2
244.0,2613.6000000000004,244,2
277.0,2940.0,277,2
241.0,2940.0,241,2
248.0,2940.0,248,2
244.0,2457.6000000000004,244,2
175.0,2457.6000000000004,175,2
186.0,2457.6000000000004,186,2
244.0,2613.6000000000004,244,2
246.0,2693.4,246,2
147.0,2940.0,147,2
299.0,2940.0,299,2
0.0,60.0,340,3
12.0,60.0,292,3
10.0,60.0,242,3
10.0,60.0,192,3
6.0,60.0,138,3
3.0,60.0,81,3
4.0,60.0,25,3
4.0,60.0,4,3
4.0,60.0,4,3
4.0,60.0,4,3
4.0,60.0,4,3
4.0,60.0,4,3
2.0,21.6,2,3
2.0,21.6,2,3
2.0,21.6,2,3
2.0,21.6,2,3
3.0,21.6,3,3
3.0,21.6,3,3
3.0,21.6,3,3
3.0,21.6,3,3
3.0,21.6,3,3
3.0,21.6,3,3
2.0,15.0,2,3
2.0,15.0,2,3
2.0,15.0,2,3
2.0,15.0,2,3
2.0,15.0,2,3
2.0,15.0,2,3
2.0,15.0,2,3
2.0,15.0,2,3
2.0,15.0,2,3
2.0,15.0,2,3
2.0,15.0,2,3
2.0,15.0,2,3
2.0,15.0,2,3
2.0,15.0,2,3
2.0,15.0,2,3
2.0,15.0,2,3
2.0,15.0,2,3
2.0,15.0,2,3
2.0,15.0,2,3
2.0,15.0,2,3
2.0,15.0,2,3
2.0,15.0,2,3
2.0,15.0,2,3
2.0,15.0,2,3
2.0,15.0,2,3
2.0,15.0,2,3
2.0,15.0,2,3
2.0,15.0,2,3
2.0,15.0,2,3
2.0,15.0,2,3
2.0,15.0,2,3
2.0,15.0,2,3
2.0,15.0,2,3
2.0,15.0,2,3
2.0,15.0,2,3
2.0,15.0,2,3
2.0,15.0,2,3
2.0,15.0,2,3
2.0,15.0,2,3
2.0,15.0,2,3
2.0,15.0,2,3
2.0,15.0,2,3
2.0,15.0,2,3
2.0,15.0,2,3
2.0,15.0,2,3
2.0,15.0,2,3
2.0,15.0,2,3
2.0,15.0,2,3
2.0,15.0,2,3
2.0,15.0,2,3
2.0,15.0,2,3
2.0,15.0,2,3
2.0,15.0,2,3
2.0,15.0,2,3
2.0,15.0,2,3
2.0,15.0,2,3
2.0,15.0,2,3
2.0,15.0,2,3
2.0,15.0,2,3
2.0,15.0,2,3
2.0,15.0,2,3
2.0,15.0,2,3
2.0,15.0,2,3
2.0,15.0,2,3
2.0,15.0,2,3
2.0,15.0,2,3
2.0,15.0,2,3
2.0,15.0,2,3
2.0,15.0,2,3
2.0,15.0,2,3
2.0,15.0,2,3
2.0,15.0,2,3
2.0,15.0,2,3
2.0,15.0,2,3
2.0,15.0,2,3
2.0,15.0,2,3
2.0,15.0,2,3
2.0,15.0,2,3
0.0,60.0,340,4
0.0,60.0,280,4
84.0,60.0,304,4
56.35000000000002,43.35,317,4
56.35000000000002,43.35,330,4
7.400000000000006,86.4,251,4
28.40000000000001,86.4,193,4
28.40000000000001,86.4,135,4
21.40000000000001,86.4,70,4
41.0,86.4,41,4
31.40000000000001,38.400000000000006,34,4
24.15,18.15,40,4
24.6,21.6,43,4
24.35,25.35,42,4
15.35,25.35,32,4
24.35,25.35,31,4
24.35,25.35,30,4
24.35,25.35,29,4
24.35,25.35,28,4
24.35,25.35,27,4
24.35,25.35,26,4
25.0,15.0,36,4
24.15,18.15,42,4
24.6,21.6,45,4
31.4,29.4,47,4
25.0,48.6,25,4
41.0,48.6,41,4
48.0,66.15,48,4
57.0,93.75,57,4
73.0,135.0,73,4
80.0,194.4,80,4
41.0,228.15000000000003,41,4
48.0,93.75,48,4
57.0,135.0,57,4
9.0,264.6,9,4
73.0,264.6,73,4
89.0,421.35,89,4
105.0,614.4000000000001,105,4
121.0,821.4000000000001,121,4
41.0,1033.35,41,4
121.0,1033.35,121,4
137.0,1382.4,137,4
154.0,1983.75,154,4
126.0,2269.3500000000004,126,4
129.0,2269.3500000000004,129,4
129.0,2457.6000000000004,129,4
27.0,1782.15,27,4
81.0,1591.35,81,4
164.0,1622.4,164,4
164.0,1685.4,164,4
108.0,693.6,108,4
90.0,693.6,90,4
140.0,693.6,140,4
168.0,1008.6,168,4
196.0,1382.4,196,4
196.0,1470.15,196,4
196.0,1470.15,196,4
196.0,1470.15,196,4
196.0,1470.15,196,4
168.0,1470.15,168,4
178.0,1470.15,178,4
168.0,1881.6,168,4
252.0,1881.6,252,4
252.0,2018.4,252,4
252.0,2018.4,252,4
252.0,2018.4,252,4
246.0,2018.4,246,4
252.0,2018.4,252,4
254.0,2088.6000000000004,254,4
300.0,2232.6000000000004,300,4
300.0,2269.3500000000004,300,4
300.0,2269.3500000000004,300,4
198.0,2269.3500000000004,198,4
307.0,2269.3500000000004,307,4
307.0,2343.75,307,4
307.0,2343.75,307,4
307.0,2343.75,307,4
252.0,2343.75,252,4
257.0,2343.75,257,4
301.0,2419.3500000000004,301,4
303.0,2535.0,303,4
307.0,2774.4,307,4
307.0,2898.15,307,4
257.0,2898.15,257,4
307.0,2898.15,307,4
307.0,2898.15,307,4
307.0,2898.15,307,4
307.0,2898.15,307,4
307.0,2898.15,307,4
252.0,2898.15,252,4
395.0,2898.15,395,4
397.0,3110.4,397,4
397.0,3285.6000000000004,397,4
397.0,3285.6000000000004,397,4
397.0,3285.6000000000004,397,4
397.0,3285.6000000000004,397,4
338.0,3285.6000000000004,338,4
411.0,3285.6000000000004,411,4
419.0,3420.1500000000005,419,4
411.0,3603.75,411,4
0.0,60.0,340,5
0.0,60.0,280,5
0.0,43.35,236,5
11.699999999999989,43.35,205,5
63.35,43.35,225,5
63.35,43.35,245,5
32.0,60.0,217,5
48.0,60.0,205,5
47.150000000000006,54.150000000000006,198,5
31.15000000000001,54.150000000000006,175,5
34.150000000000006,54.150000000000006,155,5
31.75,33.75,153,5
31.75,33.75,151,5
0.0,33.75,117,5
58.5,33.75,142,5
58.400000000000006,38.400000000000006,162,5
58.35,43.35,177,5
57.6,48.6,186,5
71.0,60.0,197,5
87.35000000000001,79.35000000000001,205,5
86.75,93.75,198,5
86.75,93.75,191,5
86.75,93.75,184,5
86.75,93.75,177,5
86.75,93.75,170,5
86.75,93.75,163,5
86.75,93.75,156,5
86.75,93.75,149,5
86.75,93.75,142,5
86.75,93.75,135,5
86.75,93.75,128,5
86.75,93.75,121,5
86.75,93.75,114,5
86.75,93.75,107,5
86.75,93.75,100,5
86.75,93.75,93,5
87.0,93.75,87,5
87.0,93.75,87,5
87.0,93.75,87,5
87.0,93.75,87,5
87.0,93.75,87,5
87.0,93.75,87,5
87.0,93.75,87,5
87.0,93.75,87,5
87.0,93.75,87,5
87.0,93.75,87,5
87.0,93.75,87,5
87.0,93.75,87,5
87.0,93.75,87,5
87.0,93.75,87,5
87.0,93.75,87,5
87.0,93.75,87,5
87.0,93.75,87,5
87.0,93.75,87,5
87.0,93.75,87,5
87.0,93.75,87,5
87.0,93.75,87,5
87.0,93.75,87,5
87.0,93.75,87,5
87.0,93.75,87,5
87.0,93.75,87,5
87.0,93.75,87,5
87.0,93.75,87,5
87.0,93.75,87,5
87.0,93.75,87,5
87.0,93.75,87,5
87.0,93.75,87,5
87.0,93.75,87,5
87.0,93.75,87,5
87.0,93.75,87,5
87.0,93.75,87,5
87.0,93.75,87,5
87.0,93.75,87,5
87.0,93.75,87,5
87.0,93.75,87,5
87.0,93.75,87,5
87.0,93.75,87,5
87.0,93.75,87,5
87.0,93.75,87,5
87.0,93.75,87,5
87.0,93.75,87,5
87.0,93.75,87,5
87.0,93.75,87,5
87.0,93.75,87,5
87.0,93.75,87,5
87.0,93.75,87,5
87.0,93.75,87,5
87.0,93.75,87,5
87.0,93.75,87,5
87.0,93.75,87,5
87.0,93.75,87,5
87.0,93.75,87,5
87.0,93.75,87,5
87.0,93.75,87,5
87.0,93.75,87,5
87.0,93.75,87,5
100.0,93.75,100,5
116.0,135.0,116,5
129.0,153.60000000000002,129,5
145.0,205.35,145,5
0.0,60.0,340,6
0.0,60.0,280,6
0.0,60.0,220,6
28.0,60.0,188,6
28.0,60.0,156,6
28.0,60.0,124,6
28.0,60.0,92,6
24.0,60.0,56,6
16.0,60.0,16,6
16.0,60.0,16,6
12.0,60.0,12,6
16.0,60.0,16,6
16.0,60.0,16,6
16.0,60.0,16,6
16.0,60.0,16,6
12.0,60.0,12,6
16.0,60.0,16,6
16.0,72.60000000000001,16,6
16.0,72.60000000000001,16,6
16.0,72.60000000000001,16,6
16.0,72.60000000000001,16,6
16.0,72.60000000000001,16,6
16.0,72.60000000000001,16,6
16.0,72.60000000000001,16,6
16.0,72.60000000000001,16,6
16.0,72.60000000000001,16,6
16.0,72.60000000000001,16,6
16.0,72.60000000000001,16,6
16.0,72.60000000000001,16,6
16.0,72.60000000000001,16,6
16.0,72.60000000000001,16,6
16.0,72.60000000000001,16,6
16.0,72.60000000000001,16,6
16.0,72.60000000000001,16,6
16.0,72.60000000000001,16,6
16.0,72.60000000000001,16,6
16.0,72.60000000000001,16,6
16.0,72.60000000000001,16,6
16.0,72.60000000000001,16,6
16.0,72.60000000000001,16,6
16.0,72.60000000000001,16,6
16.0,72.60000000000001,16,6
16.0,72.60000000000001,16,6
16.0,72.60000000000001,16,6
16.0,72.60000000000001,16,6
16.0,72.60000000000001,16,6
16.0,72.60000000000001,16,6
16.0,72.60000000000001,16,6
16.0,72.60000000000001,16,6
16.0,72.60000000000001,16,6
16.0,72.60000000000001,16,6
16.0,72.60000000000001,16,6
16.0,72.60000000000001,16,6
16.0,72.60000000000001,16,6
16.0,72.60000000000001,16,6
16.0,72.60000000000001,16,6
16.0,72.60000000000001,16,6
16.0,72.60000000000001,16,6
16.0,72.60000000000001,16,6
16.0,72.60000000000001,16,6
16.0,72.60000000000001,16,6
16.0,72.60000000000001,16,6
16.0,72.60000000000001,16,6
16.0,72.60000000000001,16,6
16.0,72.60000000000001,16,6
16.0,72.60000000000001,16,6
16.0,72.60000000000001,16,6
16.0,72.60000000000001,16,6
16.0,72.60000000000001,16,6
16.0,72.60000000000001,16,6
16.0,72.60000000000001,16,6
16.0,72.60000000000001,16,6
16.0,72.60000000000001,16,6
16.0,72.60000000000001,16,6
16.0,72.60000000000001,16,6
16.0,72.60000000000001,16,6
16.0,72.60000000000001,16,6
16.0,72.60000000000001,16,6
16.0,72.60000000000001,16,6
16.0,72.60000000000001,16,6
16.0,72.60000000000001,16,6
16.0,72.60000000000001,16,6
16.0,72.60000000000001,16,6
16.0,72.60000000000001,16,6
16.0,72.60000000000001,16,6
16.0,72.60000000000001,16,6
16.0,72.60000000000001,16,6
16.0,72.60000000000001,16,6
16.0,72.60000000000001,16,6
16.0,72.60000000000001,16,6
16.0,72.60000000000001,16,6
16.0,72.60000000000001,16,6
16.0,72.60000000000001,16,6
16.0,72.60000000000001,16,6
16.0,72.60000000000001,16,6
16.0,72.60000000000001,16,6
16.0,72.60000000000001,16,6
16.0,72.60000000000001,16,6
16.0,72.60000000000001,16,6
16.0,72.60000000000001,16,6
0.0,60.0,340,7
0.0,21.6,318,7
0.0,21.6,296,7
0.0,21.6,275,7
0.0,18.15,257,7
0.0,18.15,238,7
0.0,18.15,220,7
0.0,18.15,202,7
1.5500000000000682,18.15,186,7
2.1500000000000057,18.15,170,7
2.1500000000000057,18.15,154,7
2.1500000000000057,18.15,138,7
2.1500000000000057,18.15,122,7
2.1500000000000057,18.15,106,7
2.1500000000000057,18.15,90,7
2.1500000000000057,18.15,74,7
2.1500000000000057,18.15,58,7
2.1500000000000057,18.15,42,7
2.150000000000002,18.15,26,7
2.150000000000002,18.15,10,7
2.0,18.15,2,7
2.0,18.15,2,7
2.0,18.15,2,7
2.0,18.15,2,7
2.0,18.15,2,7
2.0,18.15,2,7
2.0,18.15,2,7
2.0,18.15,2,7
2.0,18.15,2,7
2.0,18.15,2,7
2.0,18.15,2,7
2.0,18.15,2,7
2.0,18.15,2,7
2.0,18.15,2,7
2.0,18.15,2,7
1.0,7.35,1,7
1.0,7.35,1,7
1.0,7.35,1,7
1.0,7.35,1,7
1.0,7.35,1,7
1.0,7.35,1,7
1.0,7.35,1,7
1.0,7.35,1,7
1.0,7.35,1,7
1.0,7.35,1,7
1.0,7.35,1,7
1.0,7.35,1,7
1.0,7.35,1,7
1.0,7.35,1,7
1.0,7.35,1,7
1.0,7.35,1,7
1.0,7.35,1,7
1.0,7.35,1,7
1.0,7.35,1,7
1.0,7.35,1,7
1.0,7.35,1,7
1.0,7.35,1,7
1.0,7.35,1,7
1.0,7.35,1,7
1.0,7.35,1,7
1.0,7.35,1,7
1.0,7.35,1,7
1.0,7.35,1,7
1.0,5.4,1,7
1.0,5.4,1,7
1.0,5.4,1,7
1.0,5.4,1,7
1.0,3.75,1,7
1.0,3.75,1,7
1.0,2.4000000000000004,1,7
1.0,2.4000000000000004,1,7
1.0,2.4000000000000004,1,7
1.0,2.4000000000000004,1,7
1.0,2.4000000000000004,1,7
1.0,2.4000000000000004,1,7
1.0,2.4000000000000004,1,7
1.0,2.4000000000000004,1,7
1.0,2.4000000000000004,1,7
1.0,2.4000000000000004,1,7
1.0,2.4000000000000004,1,7
1.0,2.4000000000000004,1,7
1.0,2.4000000000000004,1,7
1.0,2.4000000000000004,1,7
1.0,2.4000000000000004,1,7
1.0,2.4000000000000004,1,7
1.0,2.4000000000000004,1,7
1.0,2.4000000000000004,1,7
1.0,2.4000000000000004,1,7
1.0,2.4000000000000004,1,7
1.0,2.4000000000000004,1,7
1.0,2.4000000000000004,1,7
1.0,2.4000000000000004,1,7
1.0,2.4000000000000004,1,7
1.0,2.4000000000000004,1,7
1.0,2.4000000000000004,1,7
1.0,2.4000000000000004,1,7
1.0,1.35,1,7
1.0,1.35,1,7
1.0,1.35,1,7
1.0,1.35,1,7
0.0,60.0,340,8
0.0,60.0,280,8
0.0,60.0,220,8
0.0,60.0,160,8
0.0,60.0,100,8
0.0,60.0,40,8
0.0,60.0,0,8
0.0,33.75,0,8
0.0,21.6,0,8
0.0,12.15,0,8
0.0,7.35,0,8
0.0,5.4,0,8
0.0,3.75,0,8
0.0,2.4000000000000004,0,8
0.0,1.35,0,8
0.0,0.6000000000000001,0,8
0.0,0.15,0,8
0.0,60.0,340,9
0.0,60.0,280,9
0.0,60.0,220,9
0.0,60.0,160,9
0.0,60.0,100,9
0.0,60.0,40,9
0.0,60.0,0,9
3.0,33.75,3,9
3.0,33.75,3,9
3.0,33.75,3,9
3.0,33.75,3,9
3.0,33.75,3,9
3.0,33.75,3,9
3.0,33.75,3,9
3.0,33.75,3,9
3.0,33.75,3,9
3.0,33.75,3,9
3.0,33.75,3,9
3.0,33.75,3,9
3.0,33.75,3,9
3.0,33.75,3,9
3.0,33.75,3,9
3.0,33.75,3,9
3.0,33.75,3,9
3.0,33.75,3,9
3.0,33.75,3,9
3.0,33.75,3,9
3.0,33.75,3,9
3.0,33.75,3,9
3.0,33.75,3,9
3.0,33.75,3,9
3.0,33.75,3,9
3.0,33.75,3,9
3.0,33.75,3,9
3.0,33.75,3,9
3.0,33.75,3,9
3.0,33.75,3,9
3.0,33.75,3,9
3.0,33.75,3,9
3.0,33.75,3,9
3.0,33.75,3,9
3.0,33.75,3,9
3.0,33.75,3,9
3.0,33.75,3,9
3.0,33.75,3,9
3.0,33.75,3,9
3.0,33.75,3,9
3.0,33.75,3,9
3.0,33.75,3,9
3.0,33.75,3,9
3.0,33.75,3,9
3.0,33.75,3,9
3.0,33.75,3,9
3.0,33.75,3,9
3.0,33.75,3,9
3.0,33.75,3,9
3.0,33.75,3,9
3.0,33.75,3,9
3.0,33.75,3,9
3.0,33.75,3,9
3.0,33.75,3,9
3.0,33.75,3,9
3.0,33.75,3,9
3.0,33.75,3,9
3.0,33.75,3,9
3.0,33.75,3,9
3.0,33.75,3,9
3.0,33.75,3,9
3.0,33.75,3,9
3.0,33.75,3,9
3.0,33.75,3,9
3.0,33.75,3,9
3.0,33.75,3,9
3.0,33.75,3,9
3.0,33.75,3,9
3.0,33.75,3,9
3.0,33.75,3,9
4.0,33.75,4,9
4.0,43.35,4,9
4.0,43.35,4,9
4.0,43.35,4,9
4.0,43.35,4,9
4.0,43.35,4,9
4.0,43.35,4,9
4.0,43.35,4,9
4.0,43.35,4,9
4.0,43.35,4,9
4.0,43.35,4,9
4.0,43.35,4,9
4.0,43.35,4,9
4.0,43.35,4,9
4.0,43.35,4,9
4.0,43.35,4,9
4.0,43.35,4,9
4.0,43.35,4,9
4.0,43.35,4,9
4.0,43.35,4,9
4.0,43.35,4,9
4.0,43.35,4,9
4.0,43.35,4,9
0.0,60.0,340,10
0.0,60.0,280,10
0.0,60.0,220,10
0.0,60.0,160,10
0.0,60.0,100,10
0.0,60.0,40,10
0.0,60.0,0,10
8.0,33.75,8,10
16.0,38.400000000000006,16,10
20.0,66.15,20,10
20.0,93.75,20,10
20.0,93.75,20,10
20.0,93.75,20,10
24.0,93.75,24,10
8.0,135.0,8,10
20.0,135.0,20,10
28.0,252.15000000000003,28,10
32.0,390.15,32,10
64.0,614.4000000000001,64,10
116.0,960.0,116,10
124.0,1411.35,124,10
72.0,1500.0,72,10
104.0,1500.0,104,10
100.0,2053.3500000000004,100,10
72.0,2053.3500000000004,72,10
100.0,2053.3500000000004,100,10
100.0,2160.0,100,10
126.0,2160.0,126,10
126.0,2306.4,126,10
126.0,2306.4,126,10
126.0,2306.4,126,10
88.0,2306.4,88,10
126.0,2306.4,126,10
96.0,2018.4,96,10
126.0,2018.4,126,10
126.0,2232.6000000000004,126,10
126.0,2232.6000000000004,126,10
126.0,2232.6000000000004,126,10
126.0,2232.6000000000004,126,10
126.0,2232.6000000000004,126,10
120.0,2232.6000000000004,120,10
100.0,2232.6000000000004,100,10
126.0,2232.6000000000004,126,10
126.0,2381.4,126,10
126.0,2381.4,126,10
105.0,2381.4,105,10
126.0,2381.4,126,10
126.0,2535.0,126,10
105.0,2535.0,105,10
126.0,2535.0,126,10
105.0,2693.4,105,10
183.0,2693.4,183,10
183.0,2815.3500000000004,183,10
183.0,2815.3500000000004,183,10
154.0,2815.3500000000004,154,10
242.0,2815.3500000000004,242,10
243.0,3024.6000000000004,243,10
222.0,3330.15,222,10
156.0,3330.15,156,10
222.0,3330.15,222,10
222.0,3465.6000000000004,222,10
235.0,3465.6000000000004,235,10
222.0,3511.3500000000004,222,10
191.0,3511.3500000000004,191,10
289.0,3511.3500000000004,289,10
291.0,3650.400000000001,291,10
291.0,3792.15,291,10
161.0,3792.15,161,10
291.0,3792.15,291,10
292.0,3936.6,292,10
310.0,4034.400000000001,310,10
298.0,4233.6,298,10
298.0,4233.6,298,10
310.0,4233.6,310,10
299.0,4437.6,299,10
299.0,4437.6,299,10
299.0,4437.6,299,10
299.0,4437.6,299,10
299.0,4437.6,299,10
299.0,4437.6,299,10
299.0,4437.6,299,10
299.0,4437.6,299,10
299.0,4437.6,299,10
299.0,4437.6,299,10
132.0,4437.6,132,10
299.0,4437.6,299,10
299.0,4593.75,299,10
299.0,4593.75,299,10
299.0,4593.75,299,10
299.0,4593.75,299,10
299.0,4593.75,299,10
299.0,4593.75,299,10
299.0,4593.75,299,10
299.0,4593.75,299,10
299.0,4593.75,299,10
276.0,4593.75,276,10
263.0,4593.75,263,10
276.0,4593.75,276,10
278.0,4806.150000000001,278,10
278.0,4806.150000000001,278,10
0.0,60.0,340,11
0.0,60.0,280,11
0.0,60.0,220,11
0.0,60.0,160,11
0.0,60.0,100,11
0.0,60.0,40,11
35.0,60.0,35,11
65.0,60.0,65,11
26.0,60.0,31,11
15.0,60.0,15,11
108.0,60.0,108,11
123.35,79.35000000000001,152,11
132.75,93.75,191,11
138.4,101.4,228,11
138.35000000000002,109.35,257,11
163.15,144.15,276,11
123.35000000000002,79.35000000000001,320,11
154.15,126.15,348,11
155.0,135.0,368,11
169.35000000000002,163.35000000000002,374,11
185.75,183.75,376,11
200.6,216.6,360,11
200.6,216.6,344,11
200.6,216.6,328,11
200.6,216.6,312,11
200.6,216.6,296,11
200.6,216.6,280,11
200.6,216.6,264,11
200.6,216.6,248,11
163.60000000000002,216.6,195,11
170.0,216.6,170,11
170.0,216.6,170,11
170.0,216.6,170,11
170.0,216.6,170,11
170.0,216.6,170,11
170.0,216.6,170,11
170.0,216.6,170,11
114.4,101.4,183,11
114.4,101.4,196,11
114.4,101.4,209,11
114.4,101.4,222,11
114.4,101.4,235,11
114.4,101.4,248,11
114.4,101.4,261,11
114.4,101.4,274,11
114.4,101.4,287,11
114.4,101.4,300,11
114.4,101.4,313,11
114.4,101.4,326,11
114.4,101.4,339,11
114.4,101.4,352,11
114.4,101.4,365,11
114.39999999999998,101.4,378,11
114.39999999999998,101.4,391,11
114.39999999999998,101.4,404,11
114.39999999999998,101.4,417,11
114.39999999999998,101.4,430,11
114.39999999999998,101.4,443,11
114.39999999999998,101.4,456,11
76.35000000000002,43.35,489,11
76.35000000000002,43.35,522,11
76.35000000000002,43.35,555,11
76.35000000000002,43.35,588,11
76.35000000000002,43.35,621,11
76.35000000000002,43.35,654,11
76.35000000000002,43.35,687,11
76.35000000000002,43.35,720,11
76.35000000000002,43.35,753,11
76.35000000000002,43.35,786,11
76.35000000000002,43.35,819,11
76.35000000000002,43.35,852,11
76.35000000000002,43.35,885,11
76.35000000000002,43.35,918,11
76.35000000000002,43.35,951,11
76.35000000000002,43.35,984,11
76.35000000000002,43.35,1017,11
76.35000000000002,43.35,1050,11
76.35000000000002,43.35,1083,11
76.34999999999991,43.35,1116,11
76.34999999999991,43.35,1149,11
76.34999999999991,43.35,1182,11
76.34999999999991,43.35,1215,11
76.34999999999991,43.35,1248,11
76.34999999999991,43.35,1281,11
76.34999999999991,43.35,1314,11
76.34999999999991,43.35,1347,11
76.34999999999991,43.35,1380,11
76.34999999999991,43.35,1413,11
76.34999999999991,43.35,1446,11
76.34999999999991,43.35,1479,11
61.40000000000009,29.4,1511,11
61.40000000000009,29.4,1543,11
61.40000000000009,29.4,1575,11
52.59999999999991,21.6,1606,11
52.59999999999991,21.6,1637,11
52.59999999999991,21.6,1668,11
52.59999999999991,21.6,1699,11
52.59999999999991,21.6,1730,11
52.59999999999991,21.6,1761,11
52.59999999999991,21.6,1792,11
0.0,60.0,340,12
0.0,60.0,280,12
0.0,60.0,220,12
0.0,60.0,160,12
0.0,60.0,100,12
0.0,60.0,40,12
0.0,60.0,0,12
0.0,33.75,0,12
0.0,21.6,0,12
0.0,12.15,0,12
0.0,7.35,0,12
0.0,5.4,0,12
0.0,3.75,0,12
0.0,2.4000000000000004,0,12
0.0,1.35,0,12
0.0,0.6000000000000001,0,12
0.0,0.15,0,12
0.0,60.0,340,13
0.0,60.0,280,13
0.0,60.0,220,13
0.0,60.0,160,13
0.0,60.0,100,13
-0.25,33.75,66,13
-0.25,33.75,32,13
0.0,33.75,0,13
0.0,21.6,0,13
0.0,7.35,0,13
0.0,2.4000000000000004,0,13
0.0,1.35,0,13
0.0,0.6000000000000001,0,13
0.0,0.15,0,13
0.0,60.0,340,14
0.0,60.0,280,14
0.0,60.0,220,14
0.0,60.0,160,14
0.0,60.0,100,14
0.0,60.0,40,14
36.0,60.0,36,14
48.0,60.0,48,14
60.0,79.35000000000001,60,14
72.0,135.0,72,14
96.0,240.0,96,14
132.0,421.35,132,14
156.0,673.35,156,14
204.0,1083.75,204,14
224.0,1749.6,224,14
280.0,1915.35,280,14
285.0,2160.0,285,14
285.0,2535.0,285,14
312.0,2535.0,312,14
312.0,2898.15,312,14
324.0,2898.15,324,14
225.0,2018.4,225,14
231.0,2018.4,231,14
237.0,2381.4,237,14
295.0,2574.15,295,14
295.0,2815.3500000000004,295,14
243.0,2815.3500000000004,243,14
240.0,2653.3500000000004,240,14
160.0,2653.3500000000004,160,14
240.0,2653.3500000000004,240,14
243.0,2815.3500000000004,243,14
345.0,3067.3500000000004,345,14
354.0,3241.3500000000004,354,14
354.0,3465.6000000000004,354,14
298.0,3465.6000000000004,298,14
298.0,3465.6000000000004,298,14
298.0,3465.6000000000004,298,14
326.0,3465.6000000000004,326,14
328.0,3650.400000000001,328,14
330.0,3792.15,330,14
330.0,3840.0,330,14
328.0,3840.0,328,14
300.0,3840.0,300,14
300.0,3840.0,300,14
300.0,3840.0,300,14
300.0,3840.0,300,14
300.0,3840.0,300,14
300.0,3840.0,300,14
300.0,3840.0,300,14
319.0,3840.0,319,14
316.0,3936.6,316,14
298.0,2269.3500000000004,298,14
298.0,2269.3500000000004,298,14
168.0,1530.15,168,14
90.0,653.4000000000001,90,14
90.0,653.4000000000001,90,14
90.0,653.4000000000001,90,14
90.0,653.4000000000001,90,14
78.0,653.4000000000001,78,14
71.0,360.15000000000003,71,14
71.0,360.15000000000003,71,14
71.0,360.15000000000003,71,14
71.0,360.15000000000003,71,14
71.0,360.15000000000003,71,14
71.0,360.15000000000003,71,14
71.0,360.15000000000003,71,14
71.0,360.15000000000003,71,14
71.0,360.15000000000003,71,14
71.0,360.15000000000003,71,14
71.0,360.15000000000003,71,14
71.0,360.15000000000003,71,14
71.0,360.15000000000003,71,14
71.0,360.15000000000003,71,14
71.0,360.15000000000003,71,14
71.0,360.15000000000003,71,14
71.0,360.15000000000003,71,14
71.0,360.15000000000003,71,14
71.0,360.15000000000003,71,14
71.0,360.15000000000003,71,14
71.0,360.15000000000003,71,14
71.0,360.15000000000003,71,14
72.0,360.15000000000003,72,14
78.0,453.75,78,14
90.0,576.6,90,14
103.0,735.0,103,14
108.0,889.3499999999999,108,14
126.0,1215.0,126,14
168.0,1560.6,168,14
168.0,1653.75,168,14
168.0,1653.75,168,14
168.0,1653.75,168,14
132.0,1653.75,132,14
168.0,1653.75,168,14
175.0,1848.15,175,14
175.0,2053.3500000000004,175,14
175.0,2053.3500000000004,175,14
175.0,2053.3500000000004,175,14
175.0,2053.3500000000004,175,14
175.0,2053.3500000000004,175,14
168.0,2053.3500000000004,168,14
0.0,60.0,340,15
0.0,60.0,280,15
28.0,60.0,248,15
106.0,60.0,294,15
68.0,60.0,302,15
102.35000000000002,79.35000000000001,325,15
68.14999999999998,54.150000000000006,339,15
55.39999999999998,38.400000000000006,356,15
68.14999999999998,54.150000000000006,370,15
38.35000000000002,79.35000000000001,329,15
91.35000000000002,79.35000000000001,341,15
26.350000000000023,109.35,258,15
30.350000000000023,109.35,179,15
90.35,109.35,160,15
42.6,48.6,154,15
59.6,48.6,165,15
60.150000000000006,54.150000000000006,171,15
60.150000000000006,54.150000000000006,177,15
60.0,60.0,177,15
60.0,60.0,177,15
60.0,60.0,177,15
43.0,60.0,160,15
60.0,60.0,160,15
60.0,60.0,160,15
60.0,60.0,160,15
43.0,60.0,143,15
60.0,60.0,143,15
60.0,60.0,143,15
60.0,60.0,143,15
60.0,60.0,143,15
43.0,60.0,126,15
60.0,60.0,126,15
60.0,60.0,126,15
60.0,60.0,126,15
60.0,60.0,126,15
60.0,60.0,126,15
60.0,60.0,126,15
60.0,60.0,126,15
13.349999999999994,25.35,114,15
34.349999999999994,25.35,123,15
42.75,33.75,132,15
43.35,43.35,132,15
43.35,43.35,132,15
43.35,43.35,132,15
43.35,43.35,132,15
43.35,43.35,132,15
43.35,43.35,132,15
43.35,43.35,132,15
43.35,43.35,132,15
43.35,43.35,132,15
34.349999999999994,25.35,141,15
42.75,33.75,150,15
30.40000000000001,38.400000000000006,142,15
43.400000000000006,38.400000000000006,147,15
60.0,60.0,147,15
60.0,60.0,147,15
60.0,60.0,147,15
43.35,43.35,147,15
43.35,43.35,147,15
43.35,43.35,147,15
43.35,43.35,147,15
43.35,43.35,147,15
43.35,43.35,147,15
34.349999999999994,25.35,156,15
42.75,33.75,165,15
47.150000000000006,54.150000000000006,158,15
30.15000000000001,54.150000000000006,134,15
43.150000000000006,54.150000000000006,123,15
43.150000000000006,54.150000000000006,112,15
43.150000000000006,54.150000000000006,101,15
43.150000000000006,54.150000000000006,90,15
43.35,43.35,90,15
43.35,43.35,90,15
43.35,43.35,90,15
43.35,43.35,90,15
43.35,43.35,90,15
43.35,43.35,90,15
29.599999999999994,21.6,98,15
30.40000000000001,29.4,99,15
33.75,33.75,99,15
33.75,33.75,99,15
3.75,33.75,69,15
29.75,33.75,65,15
29.75,33.75,61,15
29.75,33.75,57,15
29.75,33.75,53,15
29.75,33.75,49,15
29.75,33.75,45,15
29.75,33.75,41,15
29.75,33.75,37,15
29.75,33.75,33,15
30.0,33.75,30,15
30.0,33.75,30,15
30.0,33.75,30,15
30.0,33.75,30,15
30.0,33.75,30,15
30.0,33.75,30,15
30.0,33.75,30,15
30.0,33.75,30,15
30.0,33.75,30,15
0.0,60.0,340,16
0.0,60.0,280,16
0.0,60.0,220,16
0.0,60.0,160,16
0.0,60.0,100,16
0.0,60.0,40,16
0.0,60.0,0,16
0.0,33.75,0,16
0.0,21.6,0,16
0.0,12.15,0,16
3.0,7.35,3,16
3.0,12.15,3,16
3.0,12.15,3,16
3.0,12.15,3,16
3.0,12.15,3,16
0.0,12.15,0,16
3.0,7.35,3,16
3.0,7.35,3,16
3.0,7.35,3,16
3.0,7.35,3,16
3.0,5.4,3,16
3.0,5.4,3,16
3.0,5.4,3,16
3.0,5.4,3,16
3.0,5.4,3,16
3.0,5.4,3,16
3.0,5.4,3,16
3.0,5.4,3,16
3.0,5.4,3,16
3.0,5.4,3,16
3.0,5.4,3,16
3.0,5.4,3,16
3.0,5.4,3,16
3.0,5.4,3,16
3.0,5.4,3,16
3.0,5.4,3,16
3.0,5.4,3,16
3.0,5.4,3,16
3.0,5.4,3,16
3.0,5.4,3,16
3.0,5.4,3,16
3.0,5.4,3,16
3.0,5.4,3,16
3.0,5.4,3,16
3.0,5.4,3,16
3.0,5.4,3,16
3.0,5.4,3,16
3.0,5.4,3,16
3.0,5.4,3,16
3.0,5.4,3,16
3.0,5.4,3,16
3.0,5.4,3,16
3.0,5.4,3,16
3.0,5.4,3,16
3.0,5.4,3,16
3.0,5.4,3,16
3.0,5.4,3,16
3.0,5.4,3,16
3.0,5.4,3,16
3.0,5.4,3,16
3.0,5.4,3,16
3.0,5.4,3,16
3.0,5.4,3,16
3.0,5.4,3,16
3.0,5.4,3,16
3.0,5.4,3,16
3.0,5.4,3,16
3.0,5.4,3,16
3.0,5.4,3,16
3.0,5.4,3,16
3.0,5.4,3,16
3.0,5.4,3,16
3.0,5.4,3,16
3.0,5.4,3,16
3.0,5.4,3,16
3.0,5.4,3,16
3.0,5.4,3,16
3.0,5.4,3,16
3.0,5.4,3,16
3.0,5.4,3,16
3.0,5.4,3,16
3.0,5.4,3,16
3.0,5.4,3,16
3.0,5.4,3,16
3.0,5.4,3,16
3.0,5.4,3,16
3.0,5.4,3,16
3.0,5.4,3,16
3.0,5.4,3,16
3.0,5.4,3,16
3.0,5.4,3,16
3.0,5.4,3,16
3.0,5.4,3,16
3.0,5.4,3,16
3.0,5.4,3,16
3.0,5.4,3,16
3.0,5.4,3,16
3.0,5.4,3,16
3.0,5.4,3,16
3.0,5.4,3,16
0.0,60.0,340,17
0.0,60.0,280,17
0.0,60.0,220,17
0.0,60.0,160,17
0.0,60.0,100,17
0.0,25.35,74,17
0.0,25.35,49,17
0.0,25.35,23,17
0.0,25.35,0,17
0.0,15.0,0,17
0.0,9.6,0,17
0.0,5.4,0,17
0.0,3.75,0,17
0.0,2.4000000000000004,0,17
0.0,1.35,0,17
0.0,0.6000000000000001,0,17
0.0,0.15,0,17
0.0,60.0,340,18
0.0,60.0,280,18
0.0,60.0,220,18
0.0,60.0,160,18
42.0,60.0,142,18
28.0,60.0,110,18
78.0,60.0,128,18
78.0,60.0,146,18
60.60000000000001,72.60000000000001,134,18
60.60000000000001,72.60000000000001,122,18
60.60000000000001,72.60000000000001,110,18
60.60000000000001,72.60000000000001,98,18
60.60000000000001,72.60000000000001,86,18
60.60000000000001,72.60000000000001,74,18
60.60000000000001,72.60000000000001,62,18
61.0,72.60000000000001,61,18
61.0,72.60000000000001,61,18
61.0,72.60000000000001,61,18
61.0,72.60000000000001,61,18
61.0,72.60000000000001,61,18
61.0,72.60000000000001,61,18
61.0,72.60000000000001,61,18
61.0,72.60000000000001,61,18
61.0,72.60000000000001,61,18
61.0,72.60000000000001,61,18
61.0,72.60000000000001,61,18
61.0,72.60000000000001,61,18
78.0,72.60000000000001,78,18
78.0,79.35000000000001,78,18
78.0,79.35000000000001,78,18
78.0,79.35000000000001,78,18
78.0,79.35000000000001,78,18
78.0,79.35000000000001,78,18
78.0,79.35000000000001,78,18
78.0,79.35000000000001,78,18
78.0,79.35000000000001,78,18
78.0,79.35000000000001,78,18
78.0,79.35000000000001,78,18
78.0,79.35000000000001,78,18
78.0,79.35000000000001,78,18
78.0,79.35000000000001,78,18
78.0,79.35000000000001,78,18
78.0,79.35000000000001,78,18
78.0,79.35000000000001,78,18
78.0,79.35000000000001,78,18
78.0,79.35000000000001,78,18
78.0,79.35000000000001,78,18
78.0,79.35000000000001,78,18
78.0,79.35000000000001,78,18
78.0,79.35000000000001,78,18
78.0,79.35000000000001,78,18
78.0,79.35000000000001,78,18
78.0,79.35000000000001,78,18
78.0,79.35000000000001,78,18
78.0,79.35000000000001,78,18
78.0,79.35000000000001,78,18
78.0,79.35000000000001,78,18
78.0,79.35000000000001,78,18
78.0,79.35000000000001,78,18
78.0,79.35000000000001,78,18
78.0,79.35000000000001,78,18
78.0,79.35000000000001,78,18
78.0,79.35000000000001,78,18
78.0,79.35000000000001,78,18
78.0,79.35000000000001,78,18
78.0,79.35000000000001,78,18
78.0,79.35000000000001,78,18
78.0,79.35000000000001,78,18
78.0,79.35000000000001,78,18
78.0,79.35000000000001,78,18
78.0,79.35000000000001,78,18
78.0,79.35000000000001,78,18
78.0,79.35000000000001,78,18
78.0,79.35000000000001,78,18
78.0,79.35000000000001,78,18
78.0,79.35000000000001,78,18
78.0,79.35000000000001,78,18
78.0,79.35000000000001,78,18
78.0,79.35000000000001,78,18
78.0,79.35000000000001,78,18
78.0,79.35000000000001,78,18
78.0,79.35000000000001,78,18
78.0,79.35000000000001,78,18
78.0,79.35000000000001,78,18
78.0,79.35000000000001,78,18
78.0,79.35000000000001,78,18
78.0,79.35000000000001,78,18
78.0,79.35000000000001,78,18
78.0,79.35000000000001,78,18
78.0,79.35000000000001,78,18
78.0,79.35000000000001,78,18
78.0,79.35000000000001,78,18
78.0,79.35000000000001,78,18
78.0,79.35000000000001,78,18
78.0,79.35000000000001,78,18
78.0,79.35000000000001,78,18
78.0,79.35000000000001,78,18
78.0,79.35000000000001,78,18
78.0,79.35000000000001,78,18
78.0,79.35000000000001,78,18
0.0,60.0,340,19
0.0,60.0,280,19
0.0,60.0,220,19
0.0,60.0,160,19
0.0,60.0,100,19
0.0,60.0,40,19
20.0,60.0,20,19
8.0,60.0,8,19
20.0,54.150000000000006,20,19
8.0,54.150000000000006,8,19
68.0,54.150000000000006,68,19
68.15,54.150000000000006,82,19
13.150000000000006,54.150000000000006,41,19
69.0,54.150000000000006,69,19
82.15,54.150000000000006,97,19
88.0,60.0,125,19
88.0,60.0,153,19
68.60000000000001,72.60000000000001,149,19
58.60000000000001,72.60000000000001,135,19
58.60000000000001,72.60000000000001,121,19
45.60000000000001,72.60000000000001,94,19
37.60000000000001,72.60000000000001,59,19
32.0,60.0,32,19
38.0,60.0,38,19
32.0,86.4,32,19
19.0,86.4,19,19
38.0,86.4,38,19
38.0,93.75,38,19
38.0,93.75,38,19
38.0,93.75,38,19
38.0,93.75,38,19
38.0,93.75,38,19
38.0,93.75,38,19
38.0,93.75,38,19
19.0,93.75,19,19
38.0,93.75,38,19
38.0,117.6,38,19
38.0,117.6,38,19
38.0,117.6,38,19
38.0,117.6,38,19
19.0,117.6,19,19
38.0,117.6,38,19
38.0,135.0,38,19
38.0,72.60000000000001,38,19
0.0,72.60000000000001,0,19
19.0,21.6,19,19
19.0,29.4,19,19
19.0,29.4,19,19
19.0,29.4,19,19
19.0,29.4,19,19
19.0,29.4,19,19
19.0,29.4,19,19
19.0,29.4,19,19
19.0,29.4,19,19
19.0,29.4,19,19
19.0,29.4,19,19
19.0,29.4,19,19
19.0,29.4,19,19
19.0,29.4,19,19
19.0,29.4,19,19
19.0,29.4,19,19
19.0,29.4,19,19
0.0,29.4,0,19
23.0,18.15,23,19
23.15,18.15,28,19
22.6,21.6,29,19
23.0,33.75,23,19
23.0,33.75,23,19
23.0,33.75,23,19
0.0,33.75,0,19
23.0,21.6,23,19
23.0,25.35,23,19
23.0,25.35,23,19
23.0,25.35,23,19
23.0,25.35,23,19
23.0,25.35,23,19
23.0,25.35,23,19
23.0,25.35,23,19
23.0,25.35,23,19
23.0,25.35,23,19
23.0,25.35,23,19
23.0,25.35,23,19
0.0,25.35,0,19
23.0,15.0,23,19
22.6,21.6,24,19
23.0,25.35,23,19
23.0,25.35,23,19
23.0,25.35,23,19
23.0,25.35,23,19
23.0,25.35,23,19
23.0,25.35,23,19
23.0,25.35,23,19
23.0,25.35,23,19
23.0,25.35,23,19
23.0,25.35,23,19
23.0,25.35,23,19
23.0,25.35,23,19
23.0,25.35,23,19
23.0,25.35,23,19
23.0,25.35,23,19
0.0,60.0,340,20
0.0,60.0,280,20
0.0,60.0,220,20
0.0,60.0,160,20
0.0,60.0,100,20
8.0,60.0,48,20
12.0,60.0,12,20
12.0,60.0,12,20
12.0,60.0,12,20
8.0,60.0,8,20
12.0,60.0,12,20
12.0,79.35000000000001,12,20
0.0,79.35000000000001,0,20
8.0,48.6,8,20
12.0,72.60000000000001,12,20
12.0,93.75,12,20
0.0,93.75,0,20
8.0,54.150000000000006,8,20
4.0,66.15,4,20
20.0,66.15,20,20
26.0,101.4,26,20
20.0,72.60000000000001,20,20
16.0,72.60000000000001,16,20
20.0,72.60000000000001,20,20
10.0,33.75,10,20
10.0,33.75,10,20
10.0,33.75,10,20
10.0,33.75,10,20
10.0,18.15,10,20
10.0,18.15,10,20
10.0,18.15,10,20
0.0,18.15,0,20
6.0,12.15,6,20
10.0,15.0,10,20
10.0,21.6,10,20
10.0,21.6,10,20
10.0,21.6,10,20
10.0,21.6,10,20
10.0,21.6,10,20
10.0,21.6,10,20
10.0,18.15,10,20
10.0,18.15,10,20
10.0,18.15,10,20
10.0,18.15,10,20
10.0,18.15,10,20
6.0,12.15,6,20
6.0,12.15,6,20
0.0,12.15,0,20
0.0,7.35,0,20
0.0,5.4,0,20
0.0,3.75,0,20
0.0,2.4000000000000004,0,20
0.0,1.35,0,20
0.0,0.6000000000000001,0,20
0.0,0.15,0,20
0.0,60.0,340,21
0.0,60.0,280,21
0.0,29.4,250,21
69.80000000000001,29.4,291,21
40.39999999999998,29.4,302,21
113.35000000000002,43.35,372,21
103.14999999999998,66.15,409,21
84.39999999999998,101.4,392,21
27.399999999999977,101.4,318,21
75.4,101.4,292,21
65.4,101.4,256,21
56.400000000000006,101.4,211,21
56.150000000000006,66.15,201,21
56.150000000000006,66.15,191,21
46.150000000000006,66.15,171,21
37.150000000000006,66.15,142,21
37.150000000000006,66.15,113,21
27.15000000000001,66.15,74,21
37.150000000000006,66.15,45,21
38.0,66.15,38,21
28.0,48.6,28,21
9.0,48.6,9,21
19.0,48.6,19,21
38.0,54.150000000000006,38,21
0.0,72.60000000000001,0,21
28.0,43.35,28,21
0.0,33.75,0,21
19.0,21.6,19,21
19.0,25.35,19,21
19.0,25.35,19,21
19.0,15.0,23,21
0.0,33.75,0,21
19.0,21.6,19,21
19.0,29.4,19,21
0.0,29.4,0,21
19.0,18.15,19,21
29.0,25.35,29,21
28.35,25.35,32,21
28.4,29.4,31,21
28.4,29.4,30,21
28.4,29.4,29,21
29.0,29.4,29,21
18.15,18.15,29,21
18.15,18.15,29,21
28.15,18.15,39,21
28.6,21.6,46,21
0.0,33.75,12,21
29.0,21.6,29,21
28.6,21.6,36,21
28.4,29.4,35,21
28.4,29.4,34,21
28.4,29.4,33,21
28.4,29.4,32,21
28.4,29.4,31,21
28.4,29.4,30,21
28.4,29.4,29,21
29.0,29.4,29,21
29.0,29.4,29,21
0.0,29.4,0,21
19.0,18.15,19,21
29.0,21.6,29,21
29.0,33.75,29,21
29.0,33.75,29,21
29.0,33.75,29,21
29.0,33.75,29,21
29.0,33.75,29,21
20.0,33.75,20,21
20.0,33.75,20,21
0.0,33.75,0,21
4.0,9.6,4,21
4.0,9.6,4,21
4.0,9.6,4,21
4.0,9.6,4,21
4.0,9.6,4,21
4.0,9.6,4,21
4.0,9.6,4,21
4.0,9.6,4,21
4.0,9.6,4,21
4.0,9.6,4,21
4.0,9.6,4,21
4.0,9.6,4,21
4.0,9.6,4,21
4.0,9.6,4,21
4.0,9.6,4,21
4.0,9.6,4,21
4.0,9.6,4,21
4.0,9.6,4,21
4.0,9.6,4,21
4.0,9.6,4,21
4.0,9.6,4,21
4.0,9.6,4,21
4.0,9.6,4,21
4.0,9.6,4,21
4.0,9.6,4,21
4.0,9.6,4,21
4.0,9.6,4,21
4.0,9.6,4,21
4.0,9.6,4,21
4.0,9.6,4,21
4.0,9.6,4,21
0.0,60.0,340,22
0.0,60.0,280,22
0.0,54.150000000000006,225,22
0.0,54.150000000000006,171,22
0.0,38.400000000000006,133,22
0.0,21.6,111,22
0.0,21.6,90,22
0.0,21.6,68,22
0.0,21.6,46,22
0.0,21.6,25,22
0.0,21.6,3,22
0.0,21.6,0,22
0.0,12.15,0,22
0.0,7.35,0,22
0.0,5.4,0,22
0.0,3.75,0,22
0.0,2.4000000000000004,0,22
0.0,1.35,0,22
0.0,0.6000000000000001,0,22
0.0,0.15,0,22
0.0,60.0,340,23
0.0,60.0,280,23
0.0,60.0,220,23
0.0,60.0,160,23
24.0,60.0,124,23
20.0,60.0,84,23
20.0,60.0,44,23
20.0,60.0,20,23
20.0,60.0,20,23
12.0,60.0,12,23
16.0,60.0,16,23
11.0,60.0,11,23
11.0,60.0,11,23
11.0,60.0,11,23
11.0,60.0,11,23
11.0,60.0,11,23
6.0,60.0,6,23
16.0,60.0,16,23
11.0,101.4,11,23
52.0,101.4,52,23
34.0,173.4,34,23
92.0,173.4,92,23
92.0,240.0,92,23
48.0,240.0,48,23
92.0,240.0,92,23
61.0,375.0,61,23
162.0,375.0,162,23
124.0,487.35,124,23
144.0,487.35,144,23
181.0,633.75,181,23
199.0,777.5999999999999,199,23
111.0,984.15,111,23
218.0,984.15,218,23
236.0,1440.6,236,23
343.0,1915.35,343,23
162.0,2160.0,162,23
312.0,2160.0,312,23
312.0,2306.4,312,23
315.0,2306.4,315,23
125.0,2574.15,125,23
317.0,2574.15,317,23
320.0,2733.75,320,23
245.0,3024.6000000000004,245,23
323.0,3024.6000000000004,323,23
322.0,3285.6000000000004,322,23
320.0,3285.6000000000004,320,23
100.0,3285.6000000000004,100,23
262.0,3285.6000000000004,262,23
262.0,3375.0,262,23
260.0,3375.0,260,23
260.0,3375.0,260,23
255.0,3375.0,255,23
245.0,3375.0,245,23
327.0,3375.0,327,23
200.0,3511.3500000000004,200,23
327.0,3511.3500000000004,327,23
330.0,3603.75,330,23
329.0,3603.75,329,23
114.0,3603.75,114,23
330.0,3603.75,330,23
260.0,3697.35,260,23
329.0,3697.35,329,23
330.0,3697.35,330,23
77.0,3697.35,77,23
225.0,3697.35,225,23
37.0,2774.4,37,23
305.0,2774.4,305,23
308.0,2898.15,308,23
308.0,2940.0,308,23
194.0,2940.0,194,23
302.0,2940.0,302,23
231.0,1440.6,231,23
231.0,1440.6,231,23
216.0,1440.6,216,23
200.0,1440.6,200,23
99.0,1440.6,99,23
230.0,1440.6,230,23
273.0,1717.35,273,23
216.0,1848.15,216,23
273.0,1848.15,273,23
273.0,1949.4,273,23
216.0,1949.4,216,23
128.0,1949.4,128,23
329.0,1949.4,329,23
334.0,2053.3500000000004,334,23
334.0,2160.0,334,23
334.0,2160.0,334,23
98.0,2160.0,98,23
207.0,1033.35,207,23
236.0,1242.15,236,23
99.0,1622.4,99,23
219.0,1058.4,219,23
239.0,1297.35,239,23
255.0,1500.0,255,23
336.0,1881.6,336,23
340.0,2018.4,340,23
112.0,2053.3500000000004,112,23
398.0,2053.3500000000004,398,23
291.0,2124.15,291,23
398.0,2124.15,398,23
0.0,60.0,340,24
0.0,60.0,280,24
125.75,33.75,372,24
134.75,33.75,473,24
98.35000000000002,79.35000000000001,492,24
80.39999999999998,173.4,399,24
62.400000000000006,173.4,288,24
110.4,173.4,225,24
101.35,109.35,217,24
57.35000000000001,109.35,165,24
80.6,48.6,197,24
68.0,60.0,205,24
68.15,66.15,207,24
90.35,79.35000000000001,218,24
115.15,126.15,207,24
115.15,126.15,196,24
115.15,126.15,185,24
45.150000000000006,126.15,104,24
126.0,126.15,126,24
148.0,173.4,148,24
148.0,173.4,148,24
126.0,173.4,126,24
139.0,173.4,139,24
120.0,135.0,124,24
120.0,135.0,120,24
120.0,135.0,120,24
120.0,135.0,120,24
107.6,117.6,110,24
108.0,117.6,108,24
28.0,117.6,28,24
99.0,117.6,99,24
99.0,135.0,99,24
80.0,135.0,80,24
99.0,135.0,99,24
120.0,194.4,120,24
99.0,240.0,99,24
126.0,240.0,126,24
148.0,317.40000000000003,148,24
126.0,240.0,126,24
126.0,240.0,126,24
126.0,240.0,126,24
126.0,240.0,126,24
126.0,240.0,126,24
126.0,240.0,126,24
46.0,240.0,46,24
162.0,240.0,162,24
187.0,317.40000000000003,187,24
214.0,421.35,214,24
83.0,595.35,83,24
239.0,595.35,239,24
266.0,821.4000000000001,266,24
312.0,1058.4,312,24
364.0,1440.6,364,24
286.0,1749.6,286,24
280.0,1749.6,280,24
280.0,1749.6,280,24
280.0,1749.6,280,24
259.0,1749.6,259,24
280.0,1749.6,280,24
280.0,1881.6,280,24
280.0,1881.6,280,24
299.0,1881.6,299,24
274.0,2457.6000000000004,274,24
360.0,2457.6000000000004,360,24
280.0,2535.0,280,24
317.0,2535.0,317,24
364.0,2733.75,364,24
215.0,1135.35,215,24
194.0,1135.35,194,24
237.0,1135.35,237,24
238.0,1653.75,238,24
181.0,673.35,181,24
181.0,673.35,181,24
181.0,673.35,181,24
181.0,673.35,181,24
181.0,673.35,181,24
22.0,673.35,22,24
172.0,673.35,172,24
215.0,1109.4,215,24
237.0,1440.6,237,24
311.0,2053.3500000000004,311,24
312.0,2232.6000000000004,312,24
172.0,2419.3500000000004,172,24
312.0,2419.3500000000004,312,24
312.0,2613.6000000000004,312,24
317.0,2613.6000000000004,317,24
321.0,2815.3500000000004,321,24
194.0,2196.15,194,24
181.0,2196.15,181,24
255.0,2196.15,255,24
255.0,2269.3500000000004,255,24
255.0,2269.3500000000004,255,24
224.0,2269.3500000000004,224,24
210.0,2269.3500000000004,210,24
185.0,1353.75,185,24
111.0,522.1500000000001,111,24
111.0,522.1500000000001,111,24
111.0,522.1500000000001,111,24
111.0,522.1500000000001,111,24
111.0,522.1500000000001,111,24
0.0,60.0,340,25
0.0,60.0,280,25
70.0,60.0,290,25
70.0,60.0,300,25
49.0,60.0,289,25
28.0,60.0,257,25
14.0,60.0,211,25
68.0,60.0,219,25
68.0,60.0,227,25
68.0,60.0,235,25
68.0,60.0,243,25
68.0,60.0,251,25
68.0,60.0,259,25
68.0,60.0,267,25
68.0,60.0,275,25
68.0,60.0,283,25
51.0,60.0,274,25
51.0,60.0,265,25
51.0,60.0,256,25
51.0,60.0,247,25
51.0,60.0,238,25
51.0,60.0,229,25
51.0,60.0,220,25
51.0,60.0,211,25
51.0,60.0,202,25
51.0,60.0,193,25
51.0,60.0,184,25
51.0,60.0,175,25
50.35,43.35,182,25
50.35,43.35,189,25
50.35,43.35,196,25
50.35,43.35,203,25
50.35,43.35,210,25
50.35,43.35,217,25
50.35,43.35,224,25
50.35,43.35,231,25
50.400000000000006,38.400000000000006,243,25
50.400000000000006,38.400000000000006,255,25
50.400000000000006,38.400000000000006,267,25
50.400000000000006,38.400000000000006,279,25
50.400000000000006,38.400000000000006,291,25
50.400000000000006,38.400000000000006,303,25
50.39999999999998,38.400000000000006,315,25
50.39999999999998,38.400000000000006,327,25
50.39999999999998,38.400000000000006,339,25
50.39999999999998,38.400000000000006,351,25
50.39999999999998,38.400000000000006,363,25
50.39999999999998,38.400000000000006,375,25
50.39999999999998,38.400000000000006,387,25
50.39999999999998,38.400000000000006,399,25
50.39999999999998,38.400000000000006,411,25
50.39999999999998,38.400000000000006,423,25
50.39999999999998,38.400000000000006,435,25
50.39999999999998,38.400000000000006,447,25
50.39999999999998,38.400000000000006,459,25
50.39999999999998,38.400000000000006,471,25
50.39999999999998,38.400000000000006,483,25
50.39999999999998,38.400000000000006,495,25
50.39999999999998,38.400000000000006,507,25
50.39999999999998,38.400000000000006,519,25
33.60000000000002,21.6,531,25
33.60000000000002,21.6,543,25
33.60000000000002,21.6,555,25
33.60000000000002,21.6,567,25
34.0,15.0,586,25
34.0,15.0,605,25
34.0,15.0,624,25
34.0,15.0,643,25
16.600000000000023,9.6,650,25
16.600000000000023,9.6,657,25
16.600000000000023,9.6,664,25
16.600000000000023,9.6,671,25
16.399999999999977,5.4,682,25
16.399999999999977,5.4,693,25
16.399999999999977,5.4,704,25
16.399999999999977,5.4,715,25
16.399999999999977,5.4,726,25
16.399999999999977,5.4,737,25
16.399999999999977,5.4,748,25
16.399999999999977,5.4,759,25
16.399999999999977,5.4,770,25
16.399999999999977,5.4,781,25
16.399999999999977,5.4,792,25
16.399999999999977,5.4,803,25
16.399999999999977,5.4,814,25
16.399999999999977,5.4,825,25
16.399999999999977,5.4,836,25
16.399999999999977,5.4,847,25
16.399999999999977,5.4,858,25
16.399999999999977,5.4,869,25
16.399999999999977,5.4,880,25
16.399999999999977,5.4,891,25
16.399999999999977,5.4,902,25
16.399999999999977,5.4,913,25
16.399999999999977,2.4000000000000004,927,25
16.399999999999977,2.4000000000000004,941,25
16.399999999999977,2.4000000000000004,955,25
16.399999999999977,2.4000000000000004,969,25
16.399999999999977,2.4000000000000004,983,25
16.399999999999977,2.4000000000000004,997,25
0.0,60.0,340,26
0.0,60.0,280,26
0.0,60.0,220,26
0.0,60.0,160,26
0.0,60.0,100,26
0.0,60.0,40,26
0.0,60.0,0,26
0.0,33.75,0,26
0.0,21.6,0,26
0.0,12.15,0,26
12.0,7.35,12,26
11.35,7.35,16,26
23.6,9.6,30,26
11.15,12.15,29,26
23.15,12.15,40,26
23.15,12.15,51,26
36.0,15.0,72,26
17.150000000000006,18.15,71,26
35.150000000000006,18.15,88,26
35.400000000000006,29.4,94,26
35.75,33.75,96,26
41.400000000000006,38.400000000000006,99,26
54.0,60.0,93,26
54.0,60.0,87,26
54.0,60.0,81,26
54.0,60.0,75,26
54.0,60.0,69,26
54.0,60.0,63,26
54.0,60.0,57,26
54.0,60.0,54,26
54.0,60.0,54,26
54.0,60.0,54,26
54.0,60.0,54,26
54.0,60.0,54,26
54.0,60.0,54,26
54.0,60.0,54,26
54.0,60.0,54,26
54.0,60.0,54,26
54.0,60.0,54,26
54.0,60.0,54,26
54.0,60.0,54,26
54.0,60.0,54,26
54.0,60.0,54,26
54.0,60.0,54,26
54.0,60.0,54,26
54.0,60.0,54,26
54.0,60.0,54,26
54.0,60.0,54,26
54.0,60.0,54,26
54.0,60.0,54,26
54.0,60.0,54,26
54.0,60.0,54,26
54.0,60.0,54,26
24.0,60.0,24,26
24.0,60.0,24,26
24.0,60.0,24,26
24.0,60.0,24,26
24.0,60.0,24,26
24.0,60.0,24,26
24.0,60.0,24,26
24.0,60.0,24,26
24.0,60.0,24,26
24.0,60.0,24,26
24.0,60.0,24,26
24.0,60.0,24,26
24.0,60.0,24,26
24.0,60.0,24,26
24.0,60.0,24,26
24.0,60.0,24,26
24.0,60.0,24,26
24.0,60.0,24,26
24.0,60.0,24,26
24.0,60.0,24,26
24.0,60.0,24,26
24.0,60.0,24,26
24.0,60.0,24,26
24.0,60.0,24,26
24.0,60.0,24,26
24.0,60.0,24,26
24.0,60.0,24,26
24.0,60.0,24,26
24.0,60.0,24,26
24.0,60.0,24,26
24.0,60.0,24,26
24.0,60.0,24,26
24.0,60.0,24,26
24.0,60.0,24,26
24.0,60.0,24,26
24.0,60.0,24,26
24.0,60.0,24,26
24.0,60.0,24,26
24.0,60.0,24,26
24.0,60.0,24,26
24.0,60.0,24,26
24.0,60.0,24,26
24.0,60.0,24,26
24.0,60.0,24,26
24.0,60.0,24,26
24.0,60.0,24,26
24.0,60.0,24,26
0.0,60.0,340,27
0.0,60.0,280,27
63.35,43.35,300,27
49.35000000000002,25.35,324,27
62.60000000000002,48.6,338,27
41.60000000000002,72.60000000000001,307,27
6.600000000000023,72.60000000000001,241,27
13.600000000000025,72.60000000000001,182,27
27.60000000000001,72.60000000000001,137,27
21.40000000000001,38.400000000000006,120,27
21.40000000000001,38.400000000000006,103,27
21.40000000000001,38.400000000000006,86,27
21.40000000000001,38.400000000000006,69,27
21.40000000000001,38.400000000000006,52,27
21.40000000000001,38.400000000000006,35,27
21.0,38.400000000000006,21,27
21.0,38.400000000000006,21,27
21.0,38.400000000000006,21,27
14.150000000000002,18.15,17,27
14.0,18.15,14,27
14.0,18.15,14,27
14.0,18.15,14,27
14.0,18.15,14,27
14.0,18.15,14,27
14.0,18.15,14,27
14.0,18.15,14,27
14.0,18.15,14,27
14.0,18.15,14,27
14.0,15.0,14,27
14.0,15.0,14,27
14.0,15.0,14,27
14.0,15.0,14,27
14.0,15.0,14,27
14.0,15.0,14,27
14.0,15.0,14,27
14.0,15.0,14,27
14.0,15.0,14,27
14.15,12.15,16,27
14.0,15.0,15,27
14.0,15.0,14,27
14.0,15.0,14,27
14.0,15.0,14,27
7.35,7.35,14,27
7.35,7.35,14,27
7.35,7.35,14,27
7.35,7.35,14,27
7.35,7.35,14,27
7.35,7.35,14,27
7.35,7.35,14,27
7.4,5.4,16,27
13.6,9.6,20,27
13.6,9.6,24,27
13.6,9.6,28,27
14.15,12.15,30,27
14.15,12.15,32,27
14.15,12.15,34,27
14.15,12.15,36,27
14.15,12.15,38,27
14.15,12.15,40,27
14.0,15.0,39,27
14.0,15.0,38,27
14.0,15.0,37,27
14.0,15.0,36,27
14.0,15.0,35,27
14.0,15.0,34,27
14.0,15.0,33,27
14.0,15.0,32,27
14.0,15.0,31,27
14.0,15.0,30,27
14.0,15.0,29,27
14.0,15.0,28,27
14.0,15.0,27,27
14.0,15.0,26,27
14.0,15.0,25,27
14.0,15.0,24,27
14.0,15.0,23,27
14.0,15.0,22,27
14.0,15.0,21,27
14.0,15.0,20,27
14.0,15.0,19,27
14.0,15.0,18,27
14.0,15.0,17,27
14.0,15.0,16,27
14.0,15.0,15,27
14.0,15.0,14,27
14.0,15.0,14,27
14.0,15.0,14,27
14.0,15.0,14,27
14.0,15.0,14,27
14.0,15.0,14,27
7.4,5.4,16,27
14.35,7.35,23,27
14.35,7.35,30,27
14.35,7.35,37,27
14.35,7.35,44,27
14.15,12.15,46,27
14.0,15.0,45,27
14.0,15.0,44,27
14.0,15.0,43,27
14.0,15.0,42,27
0.0,60.0,340,28
0.0,60.0,280,28
0.0,60.0,220,28
0.0,60.0,160,28
60.0,60.0,160,28
54.0,60.0,154,28
60.0,60.0,154,28
30.0,60.0,124,28
48.0,60.0,112,28
48.0,60.0,100,28
64.0,60.0,104,28
73.60000000000001,72.60000000000001,105,28
90.0,109.35,90,28
84.0,109.35,84,28
140.0,109.35,140,28
161.15,126.15,175,28
168.0,194.4,168,28
168.0,194.4,168,28
168.0,194.4,168,28
168.0,194.4,168,28
168.0,194.4,168,28
168.0,194.4,168,28
168.0,194.4,168,28
168.0,194.4,168,28
168.0,194.4,168,28
133.4,101.4,200,28
180.0,205.35,180,28
180.0,205.35,180,28
180.0,205.35,180,28
180.0,205.35,180,28
180.0,205.35,180,28
180.0,205.35,180,28
180.0,205.35,180,28
167.35000000000002,163.35000000000002,184,28
180.0,205.35,180,28
180.0,205.35,180,28
180.0,205.35,180,28
180.0,205.35,180,28
180.0,205.35,180,28
180.0,205.35,180,28
111.35,79.35000000000001,212,28
139.35000000000002,109.35,242,28
167.4,173.4,236,28
167.4,173.4,230,28
167.4,173.4,224,28
167.4,173.4,218,28
167.4,173.4,212,28
167.4,173.4,206,28
167.4,173.4,200,28
167.4,173.4,194,28
167.4,173.4,188,28
167.4,173.4,182,28
167.4,173.4,176,28
167.4,173.4,170,28
111.15,66.15,215,28
133.4,101.4,247,28
140.0,135.0,252,28
179.35000000000002,205.35,226,28
179.35000000000002,205.35,200,28
180.0,205.35,180,28
180.0,205.35,180,28
180.0,205.35,180,28
180.0,205.35,180,28
180.0,205.35,180,28
180.0,205.35,180,28
180.0,205.35,180,28
180.0,205.35,180,28
180.0,205.35,180,28
180.0,205.35,180,28
180.0,205.35,180,28
180.0,205.35,180,28
139.35000000000002,109.35,210,28
139.15,126.15,223,28
161.60000000000002,153.60000000000002,231,28
167.39999999999998,194.4,204,28
139.35000000000002,109.35,234,28
139.15,126.15,247,28
111.35000000000002,79.35000000000001,279,28
111.35000000000002,79.35000000000001,311,28
111.4,86.4,336,28
123.75,93.75,366,28
139.35000000000002,109.35,396,28
111.39999999999998,86.4,421,28
123.75,93.75,451,28
139.35000000000002,109.35,481,28
139.60000000000002,117.6,503,28
167.35000000000002,163.35000000000002,507,28
167.35000000000002,163.35000000000002,511,28
196.0,240.0,467,28
196.0,240.0,423,28
196.0,240.0,379,28
196.0,240.0,335,28
196.0,240.0,291,28
196.0,240.0,247,28
196.0,240.0,203,28
196.0,240.0,196,28
196.0,240.0,196,28
196.0,240.0,196,28
196.0,240.0,196,28
196.0,240.0,196,28
0.0,60.0,340,29
0.0,60.0,280,29
0.0,60.0,220,29
0.0,60.0,160,29
0.0,60.0,100,29
0.0,60.0,40,29
48.0,60.0,48,29
48.0,60.0,48,29
36.0,60.0,36,29
36.0,60.0,36,29
16.0,60.0,16,29
51.0,60.0,51,29
1.0,79.35000000000001,1,29
51.0,79.35000000000001,51,29
51.0,86.4,51,29
51.0,86.4,51,29
5.0,86.4,5,29
45.0,86.4,45,29
60.0,126.15,60,29
77.0,173.4,77,29
80.0,205.35,80,29
40.0,252.15000000000003,40,29
65.0,252.15000000000003,65,29
60.0,153.60000000000002,60,29
60.0,153.60000000000002,60,29
60.0,153.60000000000002,60,29
60.0,153.60000000000002,60,29
60.0,153.60000000000002,60,29
60.0,153.60000000000002,60,29
17.0,153.60000000000002,17,29
68.0,153.60000000000002,68,29
73.0,205.35,73,29
24.0,252.15000000000003,24,29
89.0,252.15000000000003,89,29
96.0,331.35,96,29
92.0,390.15,92,29
96.0,290.40000000000003,96,29
113.0,421.35,113,29
77.0,240.0,77,29
77.0,240.0,77,29
53.0,109.35,53,29
48.0,109.35,48,29
25.0,109.35,25,29
53.0,109.35,53,29
65.0,135.0,65,29
72.0,194.4,72,29
48.0,109.35,48,29
48.0,109.35,48,29
48.0,109.35,48,29
48.0,109.35,48,29
48.0,109.35,48,29
48.0,109.35,48,29
17.0,109.35,17,29
24.0,109.35,24,29
32.0,183.75,32,29
41.0,264.6,41,29
29.0,317.40000000000003,29,29
36.0,317.40000000000003,36,29
53.0,558.1500000000001,53,29
29.0,843.75,29,29
61.0,843.75,61,29
72.0,1109.4,72,29
36.0,1622.4,36,29
85.0,1622.4,85,29
91.0,1749.6,91,29
73.0,1881.6,73,29
77.0,1881.6,77,29
77.0,2053.3500000000004,77,29
70.0,2053.3500000000004,70,29
77.0,2053.3500000000004,77,29
26.0,2196.15,26,29
77.0,2196.15,77,29
56.0,1749.6,56,29
66.0,1470.15,66,29
56.0,2124.15,56,29
77.0,2124.15,77,29
77.0,2269.3500000000004,77,29
11.0,2269.3500000000004,11,29
56.0,2269.3500000000004,56,29
77.0,2457.6000000000004,77,29
80.0,2693.4,80,29
11.0,2898.15,11,29
80.0,2898.15,80,29
80.0,3024.6000000000004,80,29
80.0,3024.6000000000004,80,29
56.0,3024.6000000000004,56,29
80.0,3024.6000000000004,80,29
80.0,3603.75,80,29
81.0,3603.75,81,29
80.0,3792.15,80,29
56.0,2232.6000000000004,56,29
56.0,2232.6000000000004,56,29
56.0,2232.6000000000004,56,29
56.0,2232.6000000000004,56,29
56.0,2232.6000000000004,56,29
53.0,2232.6000000000004,53,29
56.0,2232.6000000000004,56,29
56.0,2343.75,56,29
56.0,2343.75,56,29
56.0,2343.75,56,29
0.0,60.0,340,30
0.0,60.0,280,30
0.0,60.0,220,30
0.0,60.0,160,30
0.0,60.0,100,30
0.0,60.0,40,30
0.0,60.0,0,30
0.0,33.75,0,30
0.0,21.6,0,30
0.0,12.15,0,30
0.0,7.35,0,30
0.0,5.4,0,30
0.0,3.75,0,30
0.0,2.4000000000000004,0,30
0.0,1.35,0,30
0.0,0.6000000000000001,0,30
0.0,0.15,0,30
0.0,60.0,340,31
0.0,60.0,280,31
0.0,60.0,220,31
0.0,21.6,198,31
0.0,21.6,176,31
0.0,21.6,155,31
0.0,9.6,145,31
0.0,9.6,136,31
0.0,9.6,126,31
0.0,9.6,116,31
0.0,9.6,107,31
52.39999999999995,9.6,150,31
77.6,21.6,206,31
64.75,93.75,177,31
77.75,93.75,161,31
51.75,93.75,119,31
12.75,93.75,38,31
65.0,93.75,65,31
91.0,194.4,91,31
130.0,390.15,130,31
156.0,576.6,156,31
156.0,1135.35,156,31
169.0,1135.35,169,31
192.0,2306.4,192,31
195.0,2496.15,195,31
0.0,2693.4,0,31
0.0,821.4000000000001,0,31
0.0,470.4,0,31
0.0,173.4,0,31
0.0,66.15,0,31
0.0,38.400000000000006,0,31
0.0,9.6,0,31
0.0,5.4,0,31
0.0,3.75,0,31
0.0,2.4000000000000004,0,31
0.0,1.35,0,31
0.0,0.6000000000000001,0,31
0.0,0.15,0,31
0.0,60.0,340,32
0.0,60.0,280,32
0.0,60.0,220,32
0.0,60.0,160,32
0.0,21.6,138,32
0.0,21.6,116,32
0.0,21.6,95,32
0.0,21.6,73,32
0.0,21.6,52,32
0.0,21.6,30,32
0.0,21.6,8,32
0.0,21.6,0,32
0.0,12.15,0,32
0.0,7.35,0,32
0.0,5.4,0,32
0.0,3.75,0,32
0.0,2.4000000000000004,0,32
0.0,1.35,0,32
0.0,0.6000000000000001,0,32
0.0,0.15,0,32
0.0,60.0,340,33
0.0,60.0,280,33
0.0,60.0,220,33
0.0,60.0,160,33
0.0,48.6,111,33
0.0,48.6,62,33
0.0,21.6,41,33
0.0,21.6,19,33
0.0,21.6,0,33
0.0,12.15,0,33
0.0,3.75,0,33
0.0,2.4000000000000004,0,33
0.0,1.35,0,33
0.0,0.6000000000000001,0,33
0.0,0.15,0,33
0.0,60.0,340,34
0.0,60.0,280,34
7.400000000000006,29.4,258,34
7.400000000000006,29.4,236,34
3.4000000000000057,29.4,210,34
7.400000000000006,29.4,188,34
7.400000000000006,29.4,166,34
5.400000000000006,29.4,142,34
2.4000000000000057,29.4,115,34
4.400000000000006,29.4,90,34
3.4000000000000057,29.4,64,34
3.4000000000000057,29.4,38,34
3.400000000000002,29.4,12,34
2.0,29.4,2,34
3.0,29.4,3,34
3.0,48.6,3,34
3.0,38.400000000000006,3,34
3.0,38.400000000000006,3,34
2.0,38.400000000000006,2,34
3.0,38.400000000000006,3,34
3.0,38.400000000000006,3,34
3.0,38.400000000000006,3,34
1.0,25.35,1,34
2.0,25.35,2,34
3.0,48.6,3,34
2.0,54.150000000000006,2,34
14.0,29.4,14,34
15.0,48.6,15,34
21.0,66.15,21,34
22.0,93.75,22,34
22.0,93.75,22,34
22.0,93.75,22,34
1.0,93.75,1,34
21.0,93.75,21,34
22.0,109.35,22,34
22.0,117.6,22,34
22.0,117.6,22,34
14.0,117.6,14,34
48.0,117.6,48,34
49.0,144.15,49,34
64.0,205.35,64,34
74.0,290.40000000000003,74,34
97.0,487.35,97,34
112.0,614.4000000000001,112,34
58.0,777.5999999999999,58,34
112.0,777.5999999999999,112,34
138.0,1188.15,138,34
154.0,1717.35,154,34
77.0,1915.35,77,34
72.0,1915.35,72,34
73.0,1915.35,73,34
100.0,2496.15,100,34
100.0,2613.6000000000004,100,34
84.0,2613.6000000000004,84,34
98.0,2613.6000000000004,98,34
107.0,2693.4,107,34
107.0,2940.0,107,34
100.0,2733.75,100,34
63.0,1470.15,63,34
63.0,1470.15,63,34
56.0,1470.15,56,34
47.0,1058.4,47,34
47.0,1058.4,47,34
47.0,1058.4,47,34
47.0,1058.4,47,34
47.0,1058.4,47,34
47.0,1058.4,47,34
36.0,1058.4,36,34
100.0,1058.4,100,34
117.0,1470.15,117,34
147.0,1848.15,147,34
147.0,1848.15,147,34
147.0,1848.15,147,34
147.0,1848.15,147,34
147.0,1848.15,147,34
83.0,1058.4,83,34
27.0,1058.4,27,34
61.0,558.1500000000001,61,34
78.0,756.1500000000001,78,34
95.0,1058.4,95,34
127.0,1530.15,127,34
127.0,1622.4,127,34
127.0,1622.4,127,34
127.0,1622.4,127,34
127.0,1622.4,127,34
95.0,1083.75,95,34
95.0,1083.75,95,34
95.0,1083.75,95,34
95.0,1083.75,95,34
95.0,1083.75,95,34
95.0,1083.75,95,34
95.0,1083.75,95,34
95.0,1083.75,95,34
95.0,1083.75,95,34
95.0,1083.75,95,34
95.0,1083.75,95,34
95.0,1083.75,95,34
95.0,1083.75,95,34
95.0,1083.75,95,34
95.0,1083.75,95,34
0.0,60.0,340,35
0.0,60.0,280,35
0.0,60.0,220,35
0.0,60.0,160,35
0.0,60.0,100,35
0.0,60.0,40,35
0.0,60.0,0,35
0.0,33.75,0,35
0.0,21.6,0,35
0.0,12.149999999999999,0,35
0.0,7.3500000000000005,0,35
0.0,5.4,0,35
0.0,3.75,0,35
0.0,2.4000000000000004,0,35
0.0,1.35,0,35
0.0,0.6000000000000001,0,35
0.0,0.15000000000000002,0,35
