population,babies,run_id
20,0,1
20,0,1
20,0,1
20,0,1
20,0,1
20,0,1
20,0,1
20,0,1
20,0,1
20,0,1
20,0,1
20,0,1
20,0,1
20,0,1
20,0,1
20,0,1
20,0,1
20,0,1
20,0,1
20,0,1
20,0,1
20,0,1
20,0,1
20,0,1
20,0,1
20,0,1
20,0,1
20,0,1
20,0,1
20,0,1
20,0,1
20,0,1
20,0,1
20,0,1
20,0,1
20,0,1
20,0,1
20,0,1
22,2,1
18,3,1
18,5,1
18,0,1
18,0,1
18,1,1
18,2,1
18,1,1
18,4,1
18,1,1
18,0,1
18,1,1
18,1,1
18,2,1
18,2,1
18,0,1
18,0,1
18,2,1
18,2,1
18,1,1
18,2,1
18,2,1
18,1,1
18,2,1
18,4,1
18,1,1
18,1,1
18,2,1
18,5,1
18,1,1
18,2,1
15,3,1
13,1,1
13,2,1
13,2,1
13,1,1
13,1,1
13,2,1
13,1,1
13,2,1
13,3,1
10,2,1
10,0,1
6,2,1
6,0,1
6,0,1
7,1,1
9,2,1
11,2,1
11,3,1
11,1,1
11,2,1
11,2,1
11,1,1
11,2,1
9,1,1
10,1,1
10,2,1
10,0,1
10,1,1
10,0,1
10,1,1
20,0,2
20,0,2
20,0,2
20,0,2
20,0,2
20,6,2
15,2,2
12,1,2
14,2,2
14,2,2
14,0,2
14,2,2
14,3,2
14,0,2
14,0,2
13,0,2
13,0,2
10,2,2
13,3,2
18,5,2
18,6,2
14,0,2
17,3,2
13,6,2
13,7,2
13,2,2
13,1,2
19,6,2
19,2,2
20,1,2
20,2,2
15,0,2
17,2,2
17,3,2
17,1,2
17,3,2
17,0,2
20,3,2
20,2,2
20,3,2
20,2,2
20,4,2
20,7,2
20,4,2
20,0,2
19,4,2
19,2,2
19,8,2
19,5,2
19,7,2
19,0,2
27,8,2
27,0,2
33,6,2
43,10,2
49,6,2
49,14,2
49,9,2
49,9,2
58,9,2
73,15,2
83,10,2
83,11,2
100,17,2
123,23,2
123,6,2
129,6,2
129,22,2
134,5,2
134,7,2
134,16,2
137,3,2
142,5,2
142,16,2
152,10,2
152,5,2
152,5,2
160,8,2
160,3,2
160,7,2
124,6,2
124,12,2
127,3,2
127,13,2
129,2,2
129,6,2
129,1,2
132,3,2
132,20,2
140,8,2
140,0,2
140,4,2
128,4,2
128,4,2
128,6,2
132,4,2
134,2,2
140,6,2
140,25,2
143,3,2
20,0,3
20,0,3
20,0,3
20,0,3
20,0,3
20,0,3
20,0,3
20,0,3
20,0,3
20,0,3
20,0,3
12,0,3
12,0,3
12,0,3
12,0,3
12,0,3
12,0,3
12,0,3
12,0,3
12,1,3
12,2,3
10,1,3
10,1,3
10,1,3
10,1,3
10,2,3
10,2,3
10,0,3
10,1,3
10,0,3
10,1,3
10,1,3
10,1,3
10,1,3
10,0,3
10,0,3
10,2,3
10,0,3
10,3,3
10,3,3
10,1,3
10,2,3
10,0,3
10,0,3
10,0,3
10,1,3
10,1,3
10,1,3
10,0,3
10,1,3
10,0,3
10,2,3
10,1,3
10,2,3
10,2,3
10,0,3
10,3,3
10,1,3
10,0,3
10,2,3
10,0,3
10,4,3
10,4,3
10,2,3
10,0,3
10,1,3
10,1,3
10,0,3
10,2,3
10,1,3
10,0,3
10,0,3
10,3,3
10,4,3
10,0,3
10,0,3
10,1,3
10,2,3
10,2,3
10,1,3
10,1,3
10,1,3
10,1,3
10,0,3
10,2,3
10,2,3
10,1,3
10,1,3
10,0,3
10,0,3
10,2,3
10,1,3
10,2,3
10,1,3
10,0,3
10,2,3
10,0,3
10,2,3
10,0,3
10,1,3
20,0,4
20,0,4
17,0,4
17,0,4
24,7,4
24,1,4
24,1,4
24,1,4
24,4,4
16,5,4
11,1,4
12,1,4
13,1,4
13,1,4
13,2,4
13,6,4
13,2,4
13,4,4
13,3,4
13,2,4
10,6,4
11,1,4
12,1,4
14,2,4
18,4,4
18,1,4
21,3,4
25,4,4
30,5,4
36,6,4
39,3,4
25,5,4
30,5,4
42,12,4
42,1,4
53,11,4
64,11,4
74,10,4
83,9,4
83,7,4
96,13,4
115,19,4
123,8,4
123,5,4
128,5,4
109,5,4
103,4,4
104,22,4
106,2,4
68,2,4
68,16,4
68,8,4
82,14,4
96,14,4
99,15,4
99,16,4
99,16,4
99,14,4
99,16,4
99,13,4
112,13,4
112,14,4
116,4,4
116,1,4
116,2,4
116,2,4
116,3,4
118,2,4
122,4,4
123,1,4
123,5,4
123,4,4
123,10,4
125,2,4
125,4,4
125,5,4
125,5,4
125,3,4
127,2,4
130,3,4
136,6,4
139,3,4
139,2,4
139,8,4
139,0,4
139,2,4
139,1,4
139,1,4
139,1,4
139,3,4
144,5,4
148,4,4
148,2,4
148,3,4
148,7,4
148,3,4
148,7,4
151,3,4
155,4,4
155,1,4
20,0,5
17,0,5
17,0,5
17,0,5
17,0,5
20,3,5
20,2,5
19,1,5
19,3,5
19,2,5
15,1,5
15,2,5
15,2,5
15,1,5
16,1,5
17,1,5
18,1,5
20,2,5
23,3,5
25,2,5
25,4,5
25,2,5
25,0,5
25,2,5
25,0,5
25,2,5
25,1,5
25,1,5
25,1,5
25,2,5
25,3,5
25,0,5
25,1,5
25,1,5
25,1,5
25,5,5
25,3,5
25,4,5
25,1,5
25,3,5
25,1,5
25,2,5
25,2,5
25,3,5
25,3,5
25,0,5
25,2,5
25,4,5
25,1,5
25,2,5
25,1,5
25,2,5
25,1,5
25,5,5
25,2,5
25,2,5
25,3,5
25,2,5
25,1,5
25,2,5
25,4,5
25,1,5
25,1,5
25,3,5
25,2,5
25,1,5
25,4,5
25,1,5
25,2,5
25,2,5
25,2,5
25,1,5
25,2,5
25,2,5
25,0,5
25,3,5
25,2,5
25,5,5
25,1,5
25,3,5
25,1,5
25,1,5
25,2,5
25,1,5
25,2,5
25,1,5
25,4,5
25,0,5
25,1,5
25,1,5
25,1,5
25,1,5
25,3,5
25,1,5
25,2,5
25,1,5
30,5,5
32,2,5
37,5,5
42,5,5
20,0,6
20,0,6
20,0,6
20,0,6
20,0,6
20,0,6
20,0,6
20,0,6
20,0,6
20,0,6
20,0,6
20,0,6
20,0,6
20,0,6
20,0,6
20,0,6
22,2,6
22,0,6
22,1,6
22,4,6
22,5,6
22,1,6
22,4,6
22,0,6
22,5,6
22,2,6
22,3,6
22,2,6
22,3,6
22,2,6
22,2,6
22,3,6
22,3,6
22,0,6
22,1,6
22,1,6
22,0,6
22,7,6
22,2,6
22,3,6
22,3,6
22,3,6
22,3,6
22,3,6
22,3,6
22,2,6
22,3,6
22,3,6
22,1,6
22,4,6
22,2,6
22,4,6
22,0,6
22,2,6
22,2,6
22,3,6
22,3,6
22,2,6
22,3,6
22,3,6
22,2,6
22,3,6
22,1,6
22,2,6
22,2,6
22,3,6
22,3,6
22,2,6
22,2,6
22,2,6
22,5,6
22,3,6
22,2,6
22,1,6
22,2,6
22,3,6
22,5,6
22,3,6
22,3,6
22,0,6
22,3,6
22,4,6
22,3,6
22,0,6
22,4,6
22,2,6
22,3,6
22,4,6
22,5,6
22,2,6
22,3,6
22,3,6
22,1,6
22,4,6
22,2,6
22,1,6
22,0,6
22,2,6
22,2,6
22,3,6
12,0,7
12,0,7
12,6,7
11,13,7
11,5,7
11,0,7
11,4,7
11,4,7
11,1,7
11,5,7
11,2,7
11,3,7
11,2,7
11,4,7
11,4,7
11,2,7
11,3,7
11,2,7
11,0,7
11,2,7
11,3,7
11,4,7
11,2,7
11,5,7
11,2,7
11,6,7
11,4,7
11,5,7
11,4,7
11,7,7
11,2,7
11,5,7
11,3,7
11,4,7
7,3,7
7,1,7
7,0,7
7,3,7
7,2,7
7,2,7
7,2,7
7,2,7
7,1,7
7,1,7
7,0,7
7,3,7
7,2,7
7,1,7
7,0,7
7,1,7
7,1,7
7,2,7
7,1,7
7,0,7
7,3,7
7,3,7
7,2,7
7,0,7
7,3,7
7,2,7
7,2,7
7,0,7
6,4,7
6,2,7
6,1,7
6,1,7
5,2,7
5,1,7
4,2,7
4,0,7
4,0,7
4,2,7
4,2,7
4,0,7
4,4,7
4,1,7
4,1,7
4,1,7
4,2,7
4,1,7
4,2,7
4,1,7
4,0,7
4,2,7
4,3,7
4,0,7
4,2,7
4,2,7
4,1,7
4,2,7
4,3,7
4,1,7
4,0,7
4,2,7
4,0,7
3,1,7
3,1,7
3,2,7
3,1,7
3,4,7
20,0,8
20,0,8
20,12,8
20,15,8
20,12,8
20,4,8
15,4,8
12,1,8
9,3,8
7,2,8
6,1,8
5,2,8
4,1,8
3,0,8
2,0,8
1,0,8
0,0,8
20,0,9
20,0,9
20,0,9
20,0,9
20,0,9
20,0,9
15,0,9
15,0,9
15,0,9
15,0,9
15,2,9
15,1,9
15,3,9
15,3,9
15,1,9
15,1,9
15,2,9
15,3,9
15,2,9
15,2,9
15,1,9
15,2,9
15,2,9
15,0,9
15,0,9
15,0,9
15,4,9
15,1,9
15,4,9
15,2,9
15,0,9
15,2,9
15,1,9
15,3,9
15,1,9
15,2,9
15,3,9
15,2,9
15,1,9
15,0,9
15,1,9
15,1,9
15,0,9
15,3,9
15,2,9
15,0,9
15,2,9
15,0,9
15,1,9
15,0,9
15,1,9
15,2,9
15,2,9
15,3,9
15,3,9
15,1,9
15,1,9
15,1,9
15,4,9
15,1,9
15,0,9
15,5,9
15,1,9
15,3,9
15,2,9
15,2,9
15,1,9
15,2,9
15,0,9
15,0,9
15,1,9
15,1,9
15,3,9
15,1,9
15,1,9
15,1,9
15,4,9
17,2,9
17,0,9
17,0,9
17,0,9
17,0,9
17,0,9
17,2,9
17,1,9
17,2,9
17,0,9
17,2,9
17,2,9
17,1,9
17,2,9
17,3,9
17,2,9
17,3,9
17,1,9
17,3,9
17,2,9
17,3,9
17,0,9
17,1,9
20,0,10
20,0,10
20,0,10
20,0,10
20,0,10
20,5,10
15,8,10
16,1,10
21,5,10
25,4,10
25,10,10
25,5,10
25,10,10
30,5,10
30,5,10
41,11,10
51,10,10
64,13,10
80,16,10
97,17,10
100,23,10
100,11,10
117,17,10
117,12,10
117,14,10
120,3,10
120,4,10
124,4,10
124,4,10
124,6,10
124,4,10
124,9,10
116,5,10
116,14,10
122,6,10
122,7,10
122,4,10
122,3,10
122,6,10
122,3,10
122,3,10
122,4,10
126,4,10
126,4,10
126,3,10
126,3,10
130,4,10
130,6,10
130,3,10
134,4,10
134,7,10
137,3,10
137,2,10
137,5,10
137,3,10
142,5,10
149,7,10
149,2,10
149,11,10
152,3,10
152,2,10
153,1,10
153,3,10
153,3,10
156,3,10
159,3,10
159,4,10
159,5,10
162,3,10
164,2,10
168,4,10
168,5,10
168,4,10
172,4,10
172,4,10
172,5,10
172,4,10
172,2,10
172,3,10
172,3,10
172,6,10
172,3,10
172,1,10
172,3,10
172,15,10
175,3,10
175,1,10
175,4,10
175,2,10
175,6,10
175,1,10
175,4,10
175,3,10
175,1,10
175,3,10
175,2,10
175,2,10
179,4,10
179,0,10
179,2,10
20,0,11
20,0,11
20,0,11
20,0,11
20,0,11
20,0,11
20,0,11
20,0,11
20,1,11
20,0,11
23,3,11
25,2,11
26,1,11
27,1,11
31,4,11
23,2,11
29,6,11
30,1,11
33,3,11
35,2,11
38,3,11
38,2,11
38,2,11
38,4,11
38,3,11
38,5,11
38,7,11
38,4,11
38,2,11
38,0,11
38,0,11
38,0,11
38,0,11
38,0,11
38,0,11
38,0,11
26,0,11
26,0,11
26,0,11
26,0,11
26,0,11
26,0,11
26,0,11
26,0,11
26,0,11
26,0,11
26,0,11
26,0,11
26,0,11
26,0,11
26,0,11
26,0,11
26,0,11
26,0,11
26,0,11
26,0,11
26,0,11
26,0,11
17,0,11
17,0,11
17,0,11
17,0,11
17,0,11
17,0,11
17,0,11
17,0,11
17,0,11
17,0,11
17,0,11
17,0,11
17,0,11
17,0,11
17,0,11
17,0,11
17,0,11
17,0,11
17,0,11
17,0,11
17,0,11
17,0,11
17,0,11
17,0,11
17,0,11
17,0,11
17,0,11
17,0,11
17,0,11
17,0,11
17,0,11
14,0,11
14,0,11
14,0,11
12,0,11
12,0,11
12,0,11
12,0,11
12,0,11
12,0,11
12,0,11
12,0,11
20,0,12
20,0,12
20,3,12
20,6,12
20,1,12
20,6,12
15,9,12
12,7,12
9,3,12
7,5,12
6,2,12
5,2,12
4,1,12
3,1,12
2,1,12
1,0,12
0,2,12
20,0,13
20,0,13
20,0,13
20,0,13
15,0,13
15,0,13
15,0,13
12,0,13
7,0,13
4,1,13
3,1,13
2,0,13
1,0,13
0,0,13
20,0,14
20,0,14
20,0,14
20,0,14
20,0,14
20,1,14
20,2,14
23,3,14
30,7,14
40,10,14
53,13,14
67,14,14
85,18,14
108,23,14
113,5,14
120,7,14
130,10,14
130,6,14
139,9,14
139,5,14
116,7,14
116,8,14
126,10,14
131,5,14
137,6,14
137,4,14
133,8,14
133,3,14
133,15,14
137,4,14
143,6,14
147,4,14
152,5,14
152,4,14
152,12,14
152,7,14
152,8,14
156,4,14
159,3,14
160,1,14
160,2,14
160,1,14
160,6,14
160,4,14
160,4,14
160,5,14
160,2,14
160,6,14
160,3,14
162,2,14
123,2,14
123,3,14
101,1,14
66,3,14
66,8,14
66,9,14
66,9,14
66,9,14
49,10,14
49,9,14
49,8,14
49,8,14
49,6,14
49,5,14
49,6,14
49,8,14
49,5,14
49,10,14
49,10,14
49,10,14
49,5,14
49,4,14
49,8,14
49,6,14
49,7,14
49,9,14
49,12,14
49,2,14
49,5,14
49,7,14
49,8,14
55,6,14
62,7,14
70,8,14
77,7,14
90,13,14
102,12,14
105,3,14
105,2,14
105,7,14
105,4,14
105,16,14
111,6,14
117,6,14
117,4,14
117,8,14
117,5,14
117,3,14
117,6,14
117,3,14
20,0,15
20,0,15
20,0,15
20,0,15
23,3,15
19,4,15
16,2,15
19,3,15
23,4,15
23,1,15
27,4,15
27,0,15
27,0,15
18,2,15
18,2,15
19,1,15
19,0,15
20,1,15
20,1,15
20,1,15
20,3,15
20,1,15
20,4,15
20,4,15
20,3,15
20,3,15
20,1,15
20,1,15
20,0,15
20,5,15
20,3,15
20,2,15
20,5,15
20,3,15
20,2,15
20,3,15
20,4,15
13,3,15
13,0,15
15,2,15
17,2,15
17,1,15
17,1,15
17,3,15
17,2,15
17,5,15
17,6,15
17,3,15
17,4,15
13,3,15
15,2,15
16,1,15
16,2,15
20,4,15
20,2,15
20,3,15
17,6,15
17,2,15
17,5,15
17,4,15
17,4,15
17,7,15
13,4,15
15,2,15
19,4,15
19,2,15
19,2,15
19,6,15
19,1,15
19,4,15
17,3,15
17,4,15
17,1,15
17,2,15
17,1,15
17,1,15
12,1,15
14,2,15
15,1,15
15,1,15
15,0,15
15,0,15
15,0,15
15,1,15
15,2,15
15,1,15
15,2,15
15,3,15
15,1,15
15,2,15
15,5,15
15,2,15
15,3,15
15,2,15
15,2,15
15,3,15
15,0,15
15,1,15
15,1,15
15,1,15
20,0,16
20,0,16
20,0,16
20,0,16
20,5,16
20,5,16
15,13,16
12,8,16
9,4,16
7,3,16
9,2,16
9,1,16
9,2,16
9,2,16
9,2,16
7,0,16
7,0,16
7,1,16
7,0,16
6,1,16
6,2,16
6,1,16
6,0,16
6,1,16
6,1,16
6,1,16
6,0,16
6,0,16
6,1,16
6,0,16
6,0,16
6,0,16
6,0,16
6,1,16
6,0,16
6,0,16
6,0,16
6,0,16
6,0,16
6,1,16
6,1,16
6,0,16
6,0,16
6,0,16
6,0,16
6,1,16
6,0,16
6,1,16
6,0,16
6,0,16
6,1,16
6,1,16
6,2,16
6,1,16
6,1,16
6,0,16
6,0,16
6,2,16
6,1,16
6,0,16
6,2,16
6,1,16
6,0,16
6,1,16
6,1,16
6,0,16
6,2,16
6,0,16
6,2,16
6,2,16
6,3,16
6,0,16
6,1,16
6,2,16
6,0,16
6,1,16
6,2,16
6,0,16
6,1,16
6,2,16
6,0,16
6,3,16
6,3,16
6,2,16
6,1,16
6,2,16
6,1,16
6,1,16
6,1,16
6,1,16
6,2,16
6,2,16
6,0,16
6,1,16
6,0,16
6,1,16
6,1,16
6,0,16
6,0,16
6,3,16
20,0,17
20,0,17
20,0,17
20,11,17
13,5,17
13,2,17
13,7,17
13,1,17
10,4,17
8,2,17
6,4,17
5,5,17
4,4,17
3,2,17
2,1,17
1,1,17
0,0,17
20,0,18
20,0,18
20,0,18
20,0,18
20,0,18
20,0,18
20,0,18
22,2,18
22,1,18
22,2,18
22,2,18
22,2,18
22,1,18
22,2,18
22,3,18
22,2,18
22,4,18
22,1,18
22,1,18
22,4,18
22,2,18
22,3,18
22,5,18
22,1,18
22,1,18
22,1,18
22,1,18
23,1,18
23,5,18
23,3,18
23,5,18
23,0,18
23,2,18
23,4,18
23,4,18
23,3,18
23,3,18
23,1,18
23,3,18
23,3,18
23,1,18
23,4,18
23,0,18
23,4,18
23,4,18
23,4,18
23,1,18
23,4,18
23,3,18
23,3,18
23,1,18
23,4,18
23,4,18
23,6,18
23,2,18
23,5,18
23,0,18
23,3,18
23,2,18
23,0,18
23,4,18
23,0,18
23,3,18
23,4,18
23,4,18
23,1,18
23,3,18
23,3,18
23,2,18
23,2,18
23,5,18
23,2,18
23,2,18
23,3,18
23,2,18
23,4,18
23,2,18
23,2,18
23,3,18
23,2,18
23,4,18
23,2,18
23,1,18
23,3,18
23,3,18
23,1,18
23,2,18
23,5,18
23,1,18
23,0,18
23,4,18
23,3,18
23,3,18
23,2,18
23,5,18
23,3,18
23,3,18
23,2,18
23,2,18
23,0,18
20,0,19
20,0,19
20,0,19
20,0,19
20,0,19
20,0,19
20,0,19
19,0,19
19,0,19
19,0,19
19,0,19
19,0,19
19,0,19
19,0,19
20,1,19
20,0,19
22,2,19
22,2,19
22,1,19
22,2,19
22,1,19
20,1,19
20,0,19
24,4,19
24,3,19
24,1,19
25,1,19
25,3,19
25,3,19
25,3,19
25,2,19
25,1,19
25,3,19
25,4,19
25,0,19
28,3,19
28,2,19
28,3,19
28,4,19
28,3,19
28,1,19
30,2,19
22,3,19
22,5,19
12,0,19
14,2,19
14,0,19
14,2,19
14,2,19
14,1,19
14,2,19
14,4,19
14,2,19
14,0,19
14,2,19
14,0,19
14,1,19
14,3,19
14,1,19
14,1,19
14,0,19
14,2,19
11,0,19
11,0,19
12,1,19
15,3,19
15,4,19
15,4,19
15,2,19
12,0,19
13,1,19
13,2,19
13,0,19
13,0,19
13,0,19
13,4,19
13,3,19
13,1,19
13,1,19
13,2,19
13,1,19
13,1,19
10,0,19
12,2,19
13,1,19
13,0,19
13,2,19
13,0,19
13,3,19
13,1,19
13,2,19
13,0,19
13,0,19
13,1,19
13,1,19
13,1,19
13,2,19
13,1,19
13,2,19
13,2,19
20,0,20
20,0,20
20,0,20
20,0,20
20,0,20
20,0,20
20,0,20
20,0,20
20,1,20
20,2,20
23,3,20
23,6,20
18,1,20
22,4,20
25,3,20
25,8,20
19,0,20
21,2,20
21,2,20
26,5,20
22,5,20
22,4,20
22,2,20
15,2,20
15,1,20
15,1,20
15,0,20
11,3,20
11,2,20
11,2,20
11,1,20
9,0,20
10,1,20
12,2,20
12,1,20
12,2,20
12,3,20
12,2,20
12,2,20
11,3,20
11,1,20
11,3,20
11,2,20
11,3,20
9,5,20
9,3,20
9,2,20
7,0,20
6,0,20
5,2,20
4,1,20
3,1,20
2,0,20
1,0,20
0,0,20
20,0,21
14,0,21
14,0,21
14,0,21
17,3,21
21,4,21
26,5,21
26,5,21
26,0,21
26,2,21
26,2,21
21,1,21
21,2,21
21,3,21
21,3,21
21,1,21
21,5,21
21,1,21
21,1,21
18,2,21
18,3,21
18,0,21
19,1,21
22,3,21
17,0,21
15,3,21
12,0,21
13,1,21
13,4,21
10,0,21
15,5,21
12,0,21
14,2,21
14,1,21
11,0,21
13,2,21
13,0,21
14,1,21
14,4,21
14,2,21
14,3,21
11,2,21
11,1,21
11,3,21
12,1,21
15,3,21
12,0,21
12,0,21
14,2,21
14,4,21
14,3,21
14,3,21
14,4,21
14,5,21
14,2,21
14,2,21
14,2,21
14,2,21
11,0,21
12,1,21
15,3,21
15,2,21
15,3,21
15,4,21
15,4,21
15,3,21
15,3,21
15,0,21
8,0,21
8,0,21
8,2,21
8,2,21
8,0,21
8,2,21
8,2,21
8,0,21
8,2,21
8,1,21
8,1,21
8,0,21
8,2,21
8,0,21
8,0,21
8,1,21
8,2,21
8,2,21
8,2,21
8,0,21
8,2,21
8,0,21
8,2,21
8,1,21
8,1,21
8,1,21
8,1,21
8,0,21
8,2,21
8,0,21
8,1,21
8,1,21
20,0,22
19,0,22
19,1,22
16,5,22
12,4,22
12,4,22
12,3,22
12,1,22
12,0,22
12,1,22
12,0,22
9,1,22
7,1,22
6,0,22
5,1,22
4,1,22
3,1,22
2,0,22
1,0,22
0,0,22
20,0,23
20,0,23
20,0,23
20,0,23
20,0,23
20,0,23
20,0,23
20,0,23
20,0,23
20,0,23
20,0,23
20,0,23
20,0,23
20,0,23
20,1,23
20,3,23
20,4,23
26,6,23
26,3,23
34,8,23
34,5,23
40,6,23
40,9,23
40,3,23
50,10,23
50,6,23
57,7,23
57,8,23
65,8,23
72,7,23
81,9,23
81,4,23
98,17,23
113,15,23
120,7,23
120,5,23
124,4,23
124,5,23
131,7,23
131,12,23
135,4,23
142,7,23
142,4,23
148,6,23
148,3,23
148,4,23
148,4,23
150,2,23
150,3,23
150,1,23
150,3,23
150,4,23
150,2,23
153,3,23
153,8,23
155,2,23
155,0,23
155,2,23
155,4,23
157,2,23
157,2,23
157,0,23
157,0,23
157,6,23
136,1,23
136,1,23
139,3,23
140,1,23
140,4,23
140,5,23
98,0,23
98,6,23
98,4,23
98,5,23
98,10,23
98,3,23
107,9,23
111,4,23
111,6,23
114,3,23
114,3,23
114,9,23
114,3,23
117,3,23
120,3,23
120,2,23
120,1,23
83,7,23
91,8,23
104,13,23
84,5,23
93,9,23
100,7,23
112,12,23
116,4,23
117,1,23
117,5,23
119,2,23
119,11,23
122,3,23
20,0,24
15,0,24
15,0,24
23,8,24
34,11,24
34,5,24
34,5,24
27,4,24
27,2,24
18,1,24
20,2,24
21,1,24
23,2,24
29,6,24
29,11,24
29,7,24
29,8,24
29,2,24
34,5,24
34,7,24
34,6,24
34,3,24
30,4,24
30,4,24
30,3,24
30,1,24
28,4,24
28,6,24
28,3,24
28,1,24
30,2,24
30,5,24
30,3,24
36,6,24
40,4,24
40,3,24
46,6,24
40,9,24
40,6,24
40,5,24
40,5,24
40,8,24
40,5,24
40,5,24
40,2,24
46,6,24
53,7,24
63,10,24
63,6,24
74,11,24
84,10,24
98,14,24
108,10,24
108,20,24
108,5,24
108,4,24
108,3,24
108,22,24
112,4,24
112,3,24
112,5,24
128,16,24
128,6,24
130,2,24
130,18,24
135,5,24
87,8,24
87,14,24
87,16,24
105,20,24
67,2,24
67,17,24
67,7,24
67,13,24
67,10,24
67,16,24
67,1,24
86,19,24
98,12,24
117,19,24
122,5,24
127,5,24
127,11,24
132,5,24
132,4,24
137,5,24
121,3,24
121,12,24
121,7,24
123,2,24
123,3,24
123,2,24
123,5,24
95,3,24
59,16,24
59,7,24
59,9,24
59,7,24
59,10,24
59,11,24
20,0,25
20,0,25
20,0,25
20,0,25
20,0,25
20,0,25
20,0,25
20,0,25
20,0,25
20,0,25
20,0,25
20,0,25
20,0,25
20,0,25
20,0,25
20,0,25
20,0,25
20,0,25
20,0,25
20,0,25
20,0,25
20,0,25
20,0,25
20,0,25
20,0,25
20,0,25
20,0,25
17,0,25
17,0,25
17,0,25
17,0,25
17,0,25
17,0,25
17,0,25
17,0,25
16,0,25
16,0,25
16,0,25
16,0,25
16,0,25
16,0,25
16,0,25
16,0,25
16,0,25
16,0,25
16,0,25
16,0,25
16,0,25
16,0,25
16,0,25
16,0,25
16,0,25
16,0,25
16,0,25
16,0,25
16,0,25
16,0,25
16,0,25
16,0,25
12,0,25
12,0,25
12,0,25
12,0,25
10,0,25
10,0,25
10,0,25
10,0,25
8,0,25
8,0,25
8,0,25
8,0,25
6,0,25
6,0,25
6,0,25
6,0,25
6,0,25
6,0,25
6,0,25
6,0,25
6,0,25
6,0,25
6,0,25
6,0,25
6,0,25
6,0,25
6,0,25
6,0,25
6,0,25
6,0,25
6,0,25
6,0,25
6,0,25
6,0,25
4,0,25
4,0,25
4,0,25
4,0,25
4,0,25
4,0,25
4,0,25
20,0,26
20,0,26
20,0,26
20,0,26
20,0,26
20,0,26
15,0,26
12,1,26
9,1,26
7,1,26
7,0,26
8,1,26
9,1,26
9,0,26
9,0,26
10,1,26
11,1,26
11,0,26
14,3,26
15,1,26
16,1,26
20,4,26
20,2,26
20,4,26
20,3,26
20,4,26
20,6,26
20,4,26
20,1,26
20,1,26
20,2,26
20,6,26
20,3,26
20,3,26
20,3,26
20,4,26
20,2,26
20,3,26
20,2,26
20,2,26
20,2,26
20,5,26
20,4,26
20,2,26
20,4,26
20,4,26
20,1,26
20,3,26
20,4,26
20,2,26
20,4,26
20,3,26
20,3,26
20,3,26
20,4,26
20,5,26
20,6,26
20,4,26
20,3,26
20,7,26
20,6,26
20,2,26
20,4,26
20,2,26
20,3,26
20,4,26
20,3,26
20,3,26
20,4,26
20,5,26
20,6,26
20,5,26
20,5,26
20,5,26
20,3,26
20,3,26
20,4,26
20,4,26
20,7,26
20,4,26
20,1,26
20,7,26
20,3,26
20,7,26
20,7,26
20,4,26
20,5,26
20,5,26
20,5,26
20,5,26
20,2,26
20,6,26
20,1,26
20,2,26
20,6,26
20,2,26
20,1,26
20,2,26
20,1,26
20,1,26
20,0,27
17,1,27
13,4,27
18,5,27
22,4,27
22,5,27
22,0,27
22,1,27
16,2,27
16,1,27
16,1,27
16,1,27
16,1,27
16,1,27
16,1,27
16,2,27
16,2,27
11,0,27
11,1,27
11,1,27
11,0,27
11,0,27
11,1,27
11,0,27
11,1,27
11,0,27
11,1,27
10,1,27
10,0,27
10,0,27
10,0,27
10,2,27
10,1,27
10,0,27
10,0,27
10,1,27
9,1,27
10,1,27
10,0,27
10,2,27
10,1,27
7,2,27
7,0,27
7,0,27
7,1,27
7,2,27
7,0,27
7,2,27
6,0,27
8,2,27
8,0,27
8,0,27
9,1,27
9,0,27
9,0,27
9,0,27
9,0,27
9,0,27
10,1,27
10,1,27
10,0,27
10,0,27
10,1,27
10,0,27
10,0,27
10,0,27
10,0,27
10,1,27
10,1,27
10,1,27
10,1,27
10,0,27
10,0,27
10,1,27
10,0,27
10,0,27
10,2,27
10,0,27
10,1,27
10,2,27
10,1,27
10,1,27
10,0,27
10,0,27
10,1,27
10,0,27
10,0,27
10,1,27
10,0,27
6,0,27
7,1,27
7,0,27
7,0,27
7,0,27
9,2,27
10,1,27
10,0,27
10,0,27
10,1,27
10,1,27
20,0,28
20,0,28
20,0,28
20,0,28
20,0,28
20,0,28
20,3,28
20,3,28
20,2,28
20,1,28
22,2,28
27,5,28
27,4,28
27,3,28
29,2,28
36,7,28
36,7,28
36,5,28
36,7,28
36,9,28
36,8,28
36,7,28
36,6,28
36,5,28
26,10,28
37,11,28
37,6,28
37,14,28
37,7,28
37,4,28
37,12,28
37,9,28
33,9,28
37,4,28
37,9,28
37,6,28
37,8,28
37,8,28
37,5,28
23,7,28
27,4,28
34,7,28
34,7,28
34,11,28
34,7,28
34,8,28
34,7,28
34,6,28
34,7,28
34,8,28
34,9,28
34,4,28
34,10,28
21,12,28
26,5,28
30,4,28
37,7,28
37,13,28
37,9,28
37,8,28
37,10,28
37,5,28
37,9,28
37,3,28
37,5,28
37,2,28
37,4,28
37,8,28
37,4,28
37,4,28
27,5,28
29,2,28
32,3,28
36,4,28
27,3,28
29,2,28
23,3,28
23,0,28
24,1,28
25,1,28
27,2,28
24,5,28
25,1,28
27,2,28
28,1,28
33,5,28
33,0,28
40,7,28
40,4,28
40,3,28
40,3,28
40,5,28
40,6,28
40,4,28
40,2,28
40,4,28
40,6,28
40,2,28
40,5,28
40,6,28
20,0,29
20,0,29
20,0,29
20,0,29
20,0,29
20,0,29
20,0,29
20,0,29
20,1,29
20,0,29
20,0,29
23,3,29
23,0,29
24,1,29
24,4,29
24,3,29
24,0,29
29,5,29
34,5,29
37,3,29
41,4,29
41,0,29
32,3,29
32,2,29
32,3,29
32,3,29
32,3,29
32,3,29
32,3,29
32,0,29
37,5,29
41,4,29
41,3,29
47,6,29
51,4,29
44,2,29
53,9,29
40,7,29
40,8,29
27,4,29
27,1,29
27,1,29
27,1,29
30,3,29
36,6,29
27,9,29
27,6,29
27,1,29
27,6,29
27,4,29
27,8,29
27,5,29
27,4,29
35,8,29
42,7,29
46,4,29
46,5,29
61,15,29
75,20,29
75,4,29
86,11,29
104,18,29
104,11,29
108,4,29
112,4,29
112,8,29
117,5,29
117,5,29
117,20,29
121,4,29
121,6,29
108,5,29
99,2,29
119,20,29
119,5,29
123,4,29
123,6,29
123,2,29
128,5,29
134,6,29
139,5,29
139,2,29
142,3,29
142,4,29
142,1,29
142,1,29
155,13,29
155,5,29
159,4,29
122,6,29
122,7,29
122,4,29
122,8,29
122,4,29
122,3,29
122,5,29
125,3,29
125,5,29
125,3,29
125,7,29
20,0,30
20,0,30
20,0,30
20,0,30
20,3,30
20,7,30
15,2,30
12,1,30
9,3,30
7,3,30
6,1,30
5,1,30
4,2,30
3,1,30
2,1,30
1,0,30
0,0,30
20,0,31
20,0,31
12,0,31
12,0,31
12,0,31
8,0,31
8,5,31
8,3,31
8,13,31
8,10,31
8,5,31
12,4,31
25,13,31
25,9,31
25,7,31
25,3,31
25,2,31
36,11,31
51,15,31
62,11,31
87,25,31
87,23,31
124,37,31
129,5,31
134,5,31
74,7,31
56,12,31
34,9,31
21,8,31
16,5,31
8,2,31
6,1,31
5,0,31
4,1,31
3,0,31
2,0,31
1,0,31
0,1,31
20,0,32
20,0,32
20,13,32
12,10,32
12,5,32
12,6,32
12,5,32
12,3,32
12,1,32
12,13,32
12,9,32
9,6,32
7,6,32
6,1,32
5,2,32
4,3,32
3,0,32
2,1,32
1,1,32
0,1,32
20,0,33
20,0,33
20,1,33
18,26,33
18,13,33
12,37,33
12,13,33
12,11,33
9,5,33
5,5,33
4,2,33
3,2,33
2,2,33
1,1,33
0,0,33
20,0,34
14,0,34
14,0,34
14,0,34
14,3,34
14,5,34
14,6,34
14,0,34
14,0,34
14,0,34
14,0,34
14,0,34
14,0,34
14,1,34
18,4,34
16,2,34
16,1,34
16,3,34
16,1,34
16,1,34
16,2,34
13,2,34
13,1,34
18,5,34
19,1,34
14,6,34
18,4,34
21,3,34
25,4,34
25,7,34
25,4,34
25,3,34
25,1,34
27,2,34
28,2,34
28,9,34
28,3,34
28,5,34
31,3,34
37,6,34
44,7,34
57,13,34
64,7,34
72,13,34
72,7,34
89,17,34
107,18,34
113,6,34
113,9,34
113,2,34
129,16,34
132,3,34
132,3,34
132,2,34
134,2,34
140,6,34
135,1,34
99,5,34
99,16,34
99,20,34
84,19,34
84,23,34
84,10,34
84,10,34
84,13,34
84,15,34
84,10,34
84,10,34
99,15,34
111,12,34
111,0,34
111,5,34
111,4,34
111,1,34
84,3,34
84,12,34
61,1,34
71,10,34
84,13,34
101,17,34
104,3,34
104,5,34
104,4,34
104,1,34
85,1,34
85,10,34
85,7,34
85,9,34
85,13,34
85,11,34
85,14,34
85,10,34
85,17,34
85,12,34
85,15,34
85,12,34
85,14,34
85,14,34
85,14,34
85,13,34
20,0,35
20,0,35
20,0,35
20,0,35
20,5,35
20,7,35
15,6,35
12,5,35
9,1,35
7,1,35
6,1,35
5,1,35
4,0,35
3,0,35
2,0,35
1,0,35
0,0,35
