Time,run_id
0.1000728384154291,1
0.1971799409280585,1
0.292259717900147,1
0.3874235304638175,1
0.4819515671500617,1
0.5761197363381805,1
0.6697611029480102,1
0.7622867518012688,1
0.8547133875180465,1
0.8920429328055387,1
0.9292772371181774,1
0.9664180807657554,1
1.0034671787199925,1
1.0404261841467162,1
1.0772966916879427,1
1.16908024051561,1
1.2607783171764808,1
1.2973923582457696,1
1.3889237528053024,1
1.4253738447604762,1
1.461743935008918,1
1.4980352834725188,1
1.53424911100344,1
1.570386601173707,1
1.6614489019571517,1
1.6974371273116704,1
1.7883523586690837,1
1.879195646339236,1
1.914968010834429,1
1.950670444119748,1
2.0413039107944053,1
2.076869349208784,1
2.112367672521502,1
2.2027997697004698,1
2.2381665064716008,1
2.273468726218552,1
2.3087072508366164,1
2.3988828815436465,1
3.18421321446854,1
4.3226625646284695,1
4.350776695348966,1
4.378802849613773,1
4.406742543616044,1
4.489597246684777,1
4.517368386202204,1
4.545057334639775,1
4.572665418200838,1
4.600193922110545,1
4.627644098066437,1
4.655017149337279,1
4.737314250954139,1
4.764536539726603,1
4.791685116179931,1
4.818761049472439,1
4.845765382685411,1
4.872699129097807,1
4.954563262575018,1
5.036358746402609,1
5.063086512201178,1
5.089747463055598,1
5.116342478134381,1
5.142872416116941,1
5.169338113330948,1
5.195740385614979,1
5.277080028020489,1
5.303357812278616,1
5.384574497752535,1
5.465730818622458,1
5.49182749603008,1
5.517865233757245,1
5.540635655336725,1
5.560779415704953,1
5.580903981514918,1
5.601009427272427,1
5.67609581973468,1
5.696163243316757,1
5.771211757027256,1
5.79124144341861,1
5.81125236924802,1
5.88624460127269,1
5.901215591170537,1
5.916113587730276,1
5.975919144862044,1
6.035724701993811,1
6.043627599888193,1
6.804616789036142,1
7.514409701042521,1
7.531019800045239,1
7.602594562508809,1
7.619134238623726,1
7.635639070235836,1
7.652109299489009,1
7.668545164801824,1
7.73994689498161,1
7.754478235431659,1
7.823942687996375,1
7.838341128715026,1
7.852674423419582,1
7.866943408437717,1
7.881148899608004,1
0.1000728384154291,2
0.1966799409280585,2
0.236259717900147,2
0.3294010845099767,2
0.4214267333632353,2
0.4575407744325241,2
0.5339046620159563,2
0.6046025805502352,2
1.3221381359129367,2
1.346358138728064,2
1.4254152585148034,2
1.5045045350073991,2
1.5836261768221078,2
1.6626832966088472,2
1.6868702970772205,2
1.7658954687743602,2
1.8435296617775376,2
1.9126214213996349,2
3.091066283765357,2
4.732148451390785,2
4.818792668762725,2
4.892702115359825,2
6.022288335147422,2
6.108612013640922,2
6.189775747838539,2
6.271392462435287,2
6.352966261687797,2
8.179383469405693,2
8.26873802918486,2
8.3588581212192,2
8.44878363389067,2
8.523619679394287,2
9.30294766801886,2
9.334271343085092,2
9.420742096039575,2
9.452010200950426,2
9.53776691261224,2
10.67097244563989,2
10.76093627664737,2
10.796300319614929,2
10.832099420609993,2
10.923375067892591,2
10.960177519950191,2
10.997568888249916,2
11.088996832850498,2
12.516272252085727,2
12.552912691268247,2
12.590086972001115,2
12.627858975562376,2
12.721309991213602,2
12.814409980210584,2
14.939910659226696,2
15.039458313617033,2
16.880521813067716,2
19.238774338397302,2
21.090461769732755,2
21.20982629213028,2
21.28738609853677,2
21.41994590464525,2
23.697941967877668,2
26.546008297833723,2
28.99089736643724,2
29.12973553839616,2
32.113448882452374,2
35.34893835395349,2
35.48921141462963,2
37.43353463346985,2
37.5732736362947,2
39.32273030949711,2
41.41561529129852,2
41.552619071649,2
42.786979948107245,2
44.47923006270776,2
44.61285528092717,2
46.99546927888977,2
47.07444163838999,2
47.20806903353278,2
49.42219654091003,2
49.557107263546754,2
49.69147397188424,2
51.56314824554507,2
51.68571681562249,2
52.85209984365289,2
52.974459812374754,2
53.73500363561694,2
53.80215062233989,2
53.92405979368274,2
55.09012596342151,2
55.212174155147714,2
57.36476087267423,2
57.437906048520894,2
57.56586891250488,2
59.025920172292295,2
59.09270975466401,2
59.21447200800807,2
60.6684214594546,2
61.48481221224696,2
63.35087586539197,2
63.47976314126424,2
64.7079432672447,2
0.1000728384154291,3
0.1971799409280585,3
0.292259717900147,3
0.3859010845099767,3
0.4794189880568545,3
0.572816403845837,3
0.6114577704556666,3
0.650355603537434,3
0.6895237727255529,3
0.7839777339828714,3
0.8237348183492721,3
0.8638145953213606,3
0.9478019348126314,3
0.9773160768821912,3
1.0074191341300331,3
1.0381898483409977,3
1.1243311024127305,3
1.210872570022831,3
1.2974140376329315,3
1.326390561881651,3
1.3558436364412203,3
1.385823515477766,3
1.467729141238321,3
1.495051670122136,3
1.577829058516015,3
1.6611068651556864,3
1.6899408001929417,3
1.719400550472726,3
1.7495758023589745,3
1.7805863276600733,3
1.8126002021610632,3
1.845870650607337,3
1.9358234622061148,3
1.9733304001867664,3
2.01633039792179,3
2.0593303956568136,3
2.102330393391837,3
2.1453303911268606,3
2.243330396014441,3
2.3413304009020224,3
2.384330398637046,3
2.4273303963720694,3
2.470330394107093,3
2.5133303918421164,3
2.55633038957714,3
2.599330387312164,3
2.642330385047187,3
2.6853303827822104,3
2.728330380517234,3
2.7713303782522574,3
2.814330375987281,3
2.8573303737223044,3
2.900330371457328,3
2.943330369192352,3
2.986330366927375,3
3.0293303646623984,3
3.072330362397422,3
3.1703303672850027,3
3.2133303650200262,3
3.2563303627550497,3
3.299330360490073,3
3.3423303582250967,3
3.38533035596012,3
3.483330360847701,3
3.5263303585827246,3
3.6243303634703055,3
3.7223303683578863,3
3.820330373245467,3
3.918330378133048,3
3.961330375868072,3
4.004330373603095,3
4.047330371338118,3
4.090330369073142,3
4.133330366808165,3
4.176330364543189,3
4.219330362278212,3
4.262330360013236,3
4.3603303649008165,3
4.458330369788397,3
4.501330367523421,3
4.544330365258444,3
4.642330370146025,3
4.740330375033606,3
4.78333037276863,3
4.826330370503653,3
4.869330368238677,3
4.9673303731262575,3
5.010330370861281,3
5.0533303685963045,3
5.096330366331328,3
5.194330371218909,3
5.29233037610649,3
5.335330373841513,3
5.378330371576537,3
5.42133036931156,3
5.464330367046584,3
5.507330364781607,3
5.550330362516631,3
5.593330360251654,3
5.636330357986678,3
0.1000728384154291,4
0.1966799409280585,4
0.291759717900147,4
0.3820631368597923,4
2.424767374089336,4
2.5205532755331,4
2.615842902186387,4
2.710681094606314,4
2.805307987979792,4
2.899732150881297,4
2.926418416945941,4
2.947791079803116,4
2.97065184898556,4
2.993579285963184,4
3.0713742624956435,4
3.095860031245953,4
3.1204124677914447,4
3.1450324736523694,4
3.1697209727007216,4
3.1944789167481726,4
3.219307285546071,4
3.295618255435235,4
3.318625154717571,4
4.037775578721172,4
5.5099641706782645,4
5.595478462799198,4
6.728361773117191,4
8.207290815933353,4
9.857789444549686,4
11.693899201973087,4
12.83818595372022,4
12.938253643735058,4
14.642648103459484,4
17.228614452107557,4
17.32882198206962,4
19.775787199659952,4
22.28597255878424,4
24.703600111853184,4
26.963237881358307,4
27.07975952595069,4
29.70918105246305,4
32.72180123500716,4
34.870538609497835,4
34.99443091421931,4
36.72838384371727,4
36.79762254738775,4
36.9176631486636,4
40.13152966180464,4
40.888545879567765,4
40.95213800604169,4
41.001710574428486,4
41.10610085288708,4
43.85768782158919,4
46.61262078022228,4
49.38461193537992,4
49.44598273482977,4
49.56221929802943,4
49.62343933228842,4
49.68464289206793,4
49.8007810914396,4
52.429596729708265,4
52.54840866215421,4
53.99920184533941,4
54.11867941338758,4
54.183135817383,4
54.24757114653161,4
54.36681057433484,4
55.12454820193987,4
56.57612678070025,4
56.64153846117045,4
56.70689592721103,4
56.82719976036292,4
56.9474027739684,4
57.70605120328704,4
57.77149167523383,4
57.83687210026957,4
57.90219319097141,4
58.02245564320234,4
58.78121444770765,4
59.94594085557163,4
61.80477631667664,4
63.02595629693798,4
63.09352847484825,4
63.21604264229075,4
63.28356124825996,4
63.35108429669947,4
63.418611791559904,4
63.54114373679892,4
63.60868013638121,4
63.73109764000467,4
65.46360430640124,4
66.9184281463984,4
66.98681079580165,4
67.05505080478683,4
67.17815212999716,4
67.30111851448389,4
67.42385364388237,4
68.5904633155029,4
70.04511896000521,4
70.16829700205186,4
0.1000728384154291,5
0.2081928663930287,5
0.3197153124619424,5
0.4213405508224569,5
0.520538250104063,5
1.7194794263667543,5
1.8187404434598464,5
1.9181975641187043,5
2.011594764226279,5
2.1042764552768083,5
2.142869758689008,5
2.2337021336789937,5
2.271431948327622,5
2.3610313043828817,5
2.3972820893760534,5
2.435075874709687,5
2.47497655757626,5
3.2158504911320964,5
4.422063048714405,5
5.170210021999552,5
5.230113960989813,5
5.295510961423415,5
5.360907961857016,5
5.4813049622906185,5
5.54670196272422,5
5.6120989631578215,5
5.677495963591423,5
5.742892964025025,5
5.808289964458626,5
5.873686964892228,5
5.939083965325829,5
6.059480965759431,5
6.124877966193033,5
6.245274966626635,5
6.3106719670602365,5
6.376068967493838,5
6.44146596792744,5
6.561862968361042,5
6.682259968794644,5
6.747656969228245,5
6.813053969661847,5
6.878450970095448,5
6.94384797052905,5
7.064244970962652,5
7.1296419713962536,5
7.195038971829855,5
7.260435972263457,5
7.325832972697058,5
7.44622997313066,5
7.511626973564262,5
7.577023973997863,5
7.642420974431465,5
7.707817974865066,5
7.773214975298668,5
7.89361197573227,5
7.959008976165871,5
8.024405976599473,5
8.089802977033075,5
8.155199977466678,5
8.22059697790028,5
8.340993978333882,5
8.461390978767485,5
8.526787979201087,5
8.59218497963469,5
8.657581980068292,5
8.722978980501894,5
8.788375980935497,5
8.853772981369099,5
8.919169981802701,5
8.984566982236304,5
9.049963982669906,5
9.170360983103508,5
9.23575798353711,5
9.301154983970711,5
9.366551984404316,5
9.431948984837918,5
9.49734598527152,5
9.562742985705125,5
9.628139986138724,5
9.693536986572328,5
9.75893398700593,5
9.824330987439533,5
9.889727987873137,5
9.955124988306736,5
10.02052198874034,5
10.140918989173942,5
10.206315989607544,5
10.271712990041149,5
10.33710999047475,5
10.402506990908352,5
10.467903991341954,5
10.588300991775556,5
10.65369799220916,5
10.77409499264276,5
10.894491993076365,5
11.014888993509963,5
12.748682968680049,5
13.51258764815599,5
15.19593564679344,5
16.882036023747435,5
0.1000728384154291,6
0.2081928663930287,6
0.3232443661762277,6
0.3837958659594268,6
0.4993473657426259,6
0.5598988655258249,6
0.675450365309024,6
0.7875361291894234,6
0.9030876289726224,6
1.0186391287558214,6
1.1341906285390204,6
1.1947421283222197,6
1.2552936281054186,6
1.3158451278886176,6
1.3763966276718167,6
1.4919481274550157,6
2.302716442056071,6
2.3653375760971813,6
2.427958710138292,6
2.490579844179402,6
2.553200978220512,6
2.6158221122616223,6
2.678443246302733,6
2.741064380343843,6
2.803685514384953,6
2.866306648426064,6
2.9289277824671736,6
2.991548916508284,6
3.109170050549394,6
3.1717911845905045,6
3.289412318631615,6
3.352033452672725,6
3.414654586713836,6
3.4772757207549456,6
3.539896854796056,6
3.6575179888371663,6
3.720139122878277,6
3.837760256919387,6
3.900381390960497,6
3.963002525001608,6
4.025623659042718,6
4.143244793083828,6
4.2608659271249385,6
4.378487061166049,6
4.496108195207159,6
4.55872932924827,6
4.621350463289381,6
4.683971597330491,6
4.746592731371602,6
4.809213865412713,6
4.871834999453824,6
4.934456133494934,6
4.997077267536045,6
5.114698401577155,6
5.177319535618266,6
5.239940669659377,6
5.302561803700487,6
5.420182937741598,6
5.4828040717827085,6
5.545425205823819,6
5.60804633986493,6
5.72566747390604,6
5.843288607947151,6
5.905909741988261,6
5.968530876029372,6
6.031152010070483,6
6.148773144111593,6
6.211394278152704,6
6.274015412193815,6
6.336636546234925,6
6.454257680276036,6
6.516878814317146,6
6.579499948358257,6
6.642121082399368,6
6.759742216440478,6
6.822363350481589,6
6.939984484522699,6
7.00260561856381,6
7.065226752604921,6
7.127847886646031,6
7.190469020687142,6
7.253090154728253,6
7.315711288769363,6
7.378332422810474,6
7.440953556851585,6
7.503574690892695,6
7.566195824933806,6
7.628816958974917,6
7.6914380930160275,6
7.754059227057138,6
7.816680361098249,6
7.934301495139359,6
7.99692262918047,6
8.05954376322158,6
8.12216489726269,6
8.184786031303801,6
8.247407165344912,6
8.310028299386023,6
8.427649433427133,6
8.545270567468243,6
0.1000728384154291,7
0.1867032212038117,7
0.2687413331885415,7
0.3510736313481408,7
0.3770120453853684,7
0.4572349575181084,7
0.5372939196248132,7
0.6174341899175722,7
0.6981571030635911,7
0.723964051606186,7
0.8048564729113656,7
0.8308358502407152,7
0.8569037255663949,7
0.8830616933126527,7
0.909311407508381,7
0.9356545817871172,7
0.9620929968376236,7
0.9886285041291792,7
1.015263022186287,7
1.041998555215128,7
1.068837185652979,7
1.0957810816187936,7
1.122832508089073,7
1.1499938306231576,7
1.1772675153632242,7
1.20465614766074,7
1.232162432076462,7
1.2597892072815973,7
1.2875394460578042,7
1.3154162739236432,7
1.3434229765851575,7
1.371563022287615,7
1.399840061815508,7
1.428257954569586,7
1.456820787193306,7
1.4759239491839486,7
1.4948862560857612,7
1.513711569162138,7
1.532403541060217,7
1.5509656344373304,7
1.5694011387248117,7
1.5877131813038663,7
1.605904734956153,7
1.6239786364902336,7
1.6419375904668647,7
1.6597841803748683,7
1.732520868333109,7
1.750150031672843,7
1.8226739235986549,7
1.840094724001416,7
1.857414511295088,7
1.8746352859605628,7
1.9467589624990305,7
2.018787398265727,7
2.035722379835375,7
2.0525656168181974,7
2.124318753631838,7
2.1959833924491483,7
2.267561075540312,7
2.284053289594181,7
2.3004614685494977,7
2.371786994190939,7
2.388031224982865,7
2.456053118484147,7
2.4690750094894844,7
2.4820969004948217,7
2.495118791500159,7
2.5043879219163734,7
2.513739698829182,7
2.518288329040684,7
2.522755656654068,7
2.527142982726969,7
2.5314515668731707,7
2.535682630056568,7
2.5398373559881526,7
2.5439168925229985,7
2.5479223535229045,7
2.55185482025338,7
2.55571534371195,7
2.5595049436968345,7
2.563224612532236,7
2.621875314770319,7
2.625457988848962,7
2.683973545005597,7
2.687422877905943,7
2.690806850355171,7
2.6941263056658733,7
2.752382063802384,7
2.7555749300234544,7
2.7587056837808865,7
2.761775087129377,7
2.7647838834971714,7
2.767732799083047,7
2.7706225423906523,7
2.828453803697653,7
2.8312272625342536,7
2.8827092768922973,7
2.87902734198799,7
2.9301866642498005,7
2.926192127663694,7
0.1000728384154291,8
0.1966799409280585,8
0.236259717900147,8
0.2744010845099767,8
0.3664267333632353,8
0.403979184794783,8
0.4824423416060165,8
0.5551850943368629,8
0.5703323472765044,8
0.5831294887241677,8
0.5968463931706504,8
0.6623409603264884,8
0.6692212786067978,8
0.6714947375942723,8
0.6678217163783268,8
0.6555290136960105,8
-0.3715682114931985,8
0.1000728384154291,9
0.1966799409280585,9
0.2930430926198407,9
0.3891736442334484,9
0.4857807467460778,9
0.5299419773775372,9
0.6178187904259396,9
0.6601338770147318,9
0.7040412322591167,9
0.7502986056497303,9
0.8596031686025143,9
0.9101577309625626,9
0.9607122933226108,9
1.0112668556826592,9
1.1168214214699743,9
1.1673759838300228,9
1.2179305461900711,9
1.2684851085501194,9
1.3190396709101675,9
1.369594233270216,9
1.4201487956302643,9
1.4707033579903126,9
1.521257920350361,9
1.5718124827104092,9
1.6223670450704577,9
1.6729216074305058,9
1.723476169790554,9
1.7740307321506024,9
1.8245852945106509,9
1.875139856870699,9
1.9256944192307472,9
1.9762489815907955,9
2.026803543950844,9
2.077358106310892,9
2.12791266867094,9
2.233467234458256,9
2.284021796818304,9
2.334576359178352,9
2.3851309215384005,9
2.4356854838984487,9
2.486240046258497,9
2.5917946120458124,9
2.6423491744058607,9
2.747903740193176,9
2.7984583025532244,9
2.8490128649132727,9
2.899567427273321,9
2.950121989633369,9
3.000676551993417,9
3.106231117780733,9
3.156785680140781,9
3.207340242500829,9
3.257894804860878,9
3.308449367220926,9
3.3590039295809744,9
3.4645584953682897,9
3.515113057728338,9
3.620667623515653,9
3.726222189302969,9
3.776776751663017,9
3.827331314023066,9
3.8778858763831137,9
3.928440438743162,9
3.97899500110321,9
4.0295495634632585,9
4.080104125823307,9
4.130658688183355,9
4.181213250543403,9
4.231767812903452,9
4.2823223752635,9
4.332876937623548,9
4.438431503410864,9
4.488986065770912,9
4.53954062813096,9
4.590095190491009,9
4.695649756278324,9
4.746204318638372,9
5.547123970623541,9
5.654896417792368,9
5.766918863861282,9
5.823941309930195,9
5.880963755999108,9
5.992986202068022,9
6.045758645809582,9
6.098531089551142,9
6.151303533292702,9
6.204075977034262,9
6.256848420775822,9
6.309620864517382,9
6.362393308258942,9
6.415165752000502,9
6.467938195742062,9
6.520710639483622,9
6.573483083225182,9
6.626255526966742,9
6.679027970708302,9
6.731800414449862,9
6.784572858191422,9
6.837345301932982,9
6.890117745674542,9
0.1000728384154291,10
0.1966799409280585,10
0.2942489029039251,10
0.3411051160390479,10
0.456156615822247,10
0.571208115605446,10
0.6697802207747423,10
0.7695274240652048,10
2.486019838539692,10
3.9345862753072702,10
4.0518582797924,10
4.16913028427753,10
4.27357753732595,10
5.9891940019408185,10
6.092482205418678,10
8.54453193762693,10
10.90493952849302,10
13.591238783163195,10
16.488384466226695,10
19.44888209946364,10
22.715910540301817,10
22.84222913076706,10
25.80525036008256,10
25.935180700441883,10
26.06400359434512,10
27.291575613176487,10
27.42006989122442,10
28.880353126788272,10
29.00903262421364,10
29.138524716286504,10
29.26951439100986,10
29.40001310560232,10
31.14202376414024,10
31.272621799535163,10
33.19840484488016,10
33.2808941568999,10
33.43571214843364,10
33.59053013996738,10
33.74534813150112,10
33.84516612303486,10
33.9999841145686,10
34.15480210610234,10
35.641614994478104,10
35.74213352173398,10
35.84265204898986,10
35.99817057624574,10
37.540662104980974,10
37.64185927259632,10
37.79805644021165,10
39.28620604124978,10
39.44306128116803,10
40.64400959819396,10
40.74634562655178,10
40.9036816549096,10
41.061017683267416,10
42.77357001292067,10
44.8786394753966,10
45.03779878881721,10
45.18012162308789,10
46.370501344365934,10
46.53009352376317,10
46.68982809530405,10
46.79456266684493,10
46.95429723838581,10
48.158065756971645,10
49.362247901855774,10
49.5228177580718,10
49.66267194065586,10
50.84704472371193,10
51.62648917644144,10
53.15498888662048,10
53.24356641990814,10
53.334041401304326,10
54.87018765152065,10
55.03246407386603,10
55.13974049621141,10
55.24701691855679,10
55.35429334090217,10
55.461569763247546,10
55.568846185592925,10
55.676122607938304,10
55.78339903028368,10
55.89067545262906,10
56.05295187497444,10
56.19377600011408,10
57.380480076189365,10
57.52959172761817,10
57.63724363005248,10
57.7448955324868,10
57.85254743492111,10
57.96019933735542,10
58.06785123978973,10
58.175503142224045,10
58.28315504465836,10
58.39080694709267,10
58.55345884952698,10
58.70638120121602,10
60.2008182138849,10
60.308960865433896,10
60.41710351698289,10
0.1000728384154291,11
0.1966799409280585,11
0.236259717900147,11
0.3294010845099767,11
0.423210108082929,11
0.5175459342341704,11
0.6117840346321629,11
0.7054882951530268,11
0.7983767974704596,11
0.890291358160097,11
2.028388630801061,11
2.7622965433688225,11
2.8034588115832886,11
2.844997272421735,11
4.275394933978888,11
5.068577238236576,11
6.902221069705991,11
6.944452382354568,11
8.087045679385788,11
8.825092854008169,11
9.970020374491272,11
10.015990641948832,11
10.061638216800704,11
10.161982668543493,11
10.207041328217082,11
10.25182965178432,11
10.29636150887962,11
10.340649415154074,11
10.384704721350351,11
10.48366993501912,11
10.527546650802387,11
10.626336407872095,11
10.670040692775007,11
10.71366094208634,11
10.757198544887917,11
10.80065484508513,11
10.844031143575616,11
10.879117570891404,11
10.914155121962668,11
10.94914426994538,11
10.984085478922315,11
11.018979204161566,11
11.053825892365303,11
11.1436259819093,11
11.233379903073562,11
11.323088078264556,11
11.35775092222936,11
11.392368842262126,11
11.426942238403177,11
11.461471503631088,11
11.49595702404803,11
11.530399179058708,11
11.564798341543106,11
11.65415487802339,11
11.688469148825115,11
11.72274150823308,11
11.756972304641948,11
11.84616188070194,11
11.880310573459743,11
11.905192493165236,11
11.930034187392303,11
11.954835977177716,11
11.979598178474443,11
12.004321102271469,11
12.02900505470986,11
12.053650337195254,11
12.07825724650688,11
12.102826074903282,11
12.127357110224814,11
12.206850635993089,11
12.231306931507438,11
12.310726271938558,11
12.33510892841936,11
12.359455168133204,11
12.383765254399584,11
12.408039446757329,11
12.487278001045452,11
12.511481169481703,11
12.53564920073892,11
12.559782340019227,11
12.583880829126214,11
12.607944906535083,11
12.631974807460924,11
12.655970763925096,11
12.734933004819846,11
12.758861755971171,11
12.782757240200048,11
12.806619677381985,11
12.830449284505065,11
12.90924627572645,11
12.928814235642545,11
12.94836924218352,11
13.022911328820664,11
13.039086758502153,11
13.110242945055337,11
13.126379962255964,11
13.197497883316258,11
13.213596780891333,11
13.22967672708554,11
13.2457377934587,11
0.1000728384154291,12
0.1966799409280585,12
0.291259717900147,12
0.3294010845099767,12
0.4214267333632353,12
0.5125407744325241,12
0.5314046610272964,12
0.5485746730245193,12
0.5609013410411319,12
0.6256154449782809,12
0.6361145982644996,12
0.6433914122297903,12
0.6467779837674936,12
0.7004161998755773,12
0.7478498332328638,12
0.7316312994934162,12
-0.2995410952590862,12
0.1000728384154291,13
0.1966799409280585,13
0.236259717900147,13
0.3294010845099767,13
0.4220659002207848,13
0.4533161656409846,13
0.4844042546824186,13
0.5057928376482925,13
0.57718362392634,13
0.5896129236906752,13
0.5905910590780884,13
0.5855722576497108,13
0.5720481546713024,13
-0.4011774388955921,13
0.1000728384154291,14
0.2081928663930287,14
0.3232443661762277,14
0.4382958659594268,14
0.5533473657426259,14
0.668398865525825,14
0.7839503653090241,14
1.9432740576308007,14
4.009790218595767,14
6.387978311156211,14
9.034641462097788,14
11.760502531848088,14
14.742845236029968,14
17.975510639733464,14
19.683102474341737,14
21.728471685699432,14
24.132253946308825,14
24.288451113924165,14
26.636394959467488,14
26.776875763457767,14
28.80620134024957,14
28.93710249875357,14
31.37293438252223,14
33.06235252914404,14
34.93573235309796,14
35.07259665864467,14
35.16139243599698,14
35.26308501804533,14
35.41004804934841,14
36.89867843882613,14
38.79370470992743,14
40.32469887106445,14
42.07554103209716,14
42.2143387960776,14
42.2979827017647,14
42.38147734263606,14
42.51982704582305,14
44.04424404062434,14
45.280252540567325,14
45.41736604534365,14
45.49905193925278,14
45.63480577545168,14
45.71573263929647,14
45.79683873380012,14
45.878130723319984,14
45.95961578702049,14
46.04130168092962,14
46.12319681038843,14
46.26031031516475,14
47.0905798233295,14
47.17221790180435,14
47.24799222194403,14
47.32388606968797,14
47.45119148224149,14
47.51484693806124,14
47.57917005084412,14
47.69926391702613,14
47.82026939099211,14
47.94127486495809,14
47.99805813132362,14
48.0566559195383,14
48.11813052593307,14
48.18712552486495,14
48.26305199264125,14
48.33897846041755,14
48.41490492819385,14
48.49083139597015,14
48.566757863746446,14
48.64268433152274,14
48.7736108064516,14
48.8495372742279,14
48.9254637420042,14
49.001390209780496,14
49.0773166775568,14
49.15324314533309,14
49.22916961310939,14
49.36009608803825,14
49.4910225629671,14
49.5669490307434,14
49.6428754985197,14
49.718801966296,14
51.64349626599388,14
53.6745259995241,14
55.841722443204645,14
57.877457128518586,14
60.53561861145209,14
63.11645526982818,14
64.31162702344979,14
64.40818648840329,14
64.50128021745398,14
64.59234662096414,14
64.74390608591763,14
66.68843170408502,14
68.57910046640038,14
68.67800975948768,14
68.77691905257498,14
68.87582834566228,14
68.97473763874959,14
69.1286469318369,14
69.2825562249242,14
0.1000728384154291,15
0.1966799409280585,15
0.291759717900147,15
0.3854010845099767,15
1.5795739140490257,15
3.0638755416000034,15
3.849296014644367,15
4.977996032573444,15
6.458027718996334,15
6.551207088972292,15
8.033832165916063,15
8.129586903179488,15
8.224825211312329,15
8.264857540662977,15
8.346452551718446,15
8.373971623193118,15
8.456468907009455,15
8.489808318240046,15
8.578104625755417,15
8.666358197967895,15
8.754569397045419,15
8.84273857906896,15
8.928366097663226,15
8.958952290047588,15
8.989497500513377,15
9.074941697572054,15
9.10546654187578,15
9.136073353741946,15
9.221639017616097,15
9.252163861919822,15
9.33758809887308,15
9.368032294367136,15
9.398496531922998,15
9.483980887611091,15
9.514485447709143,15
9.545010292012872,15
9.57555550247866,15
9.606121161062898,15
9.683126182336988,15
10.401801259298503,15
11.123088867445173,15
11.151312329847991,15
11.179620181251943,15
11.2080138726576,15
11.236494901631657,15
11.265064821620168,15
11.293725241948549,15
11.322477831546845,15
11.351324320812406,15
11.3802665071978,15
12.099853177596511,15
12.182684508193912,15
12.265345503617706,15
13.68393414192337,15
13.716327388812484,15
13.748821650673332,15
13.781419009943187,15
13.810923011083784,15
13.840619872365776,15
13.870517333079755,15
13.955623780418817,15
13.985948330764357,15
14.071500933770718,15
14.792716599111142,15
16.211981630925717,15
16.24512776643473,15
16.332928939764084,15
16.36611091629106,15
16.39970511109072,15
16.43374858707625,15
16.468285738532128,15
16.5559159135862,15
16.588912746910633,15
16.622305269394698,15
16.65612750411469,15
16.690419881646218,15
16.725231244270386,15
17.449463798706116,15
17.482573441271366,15
17.51627200007874,15
17.60563821256596,15
17.694033651654305,15
17.72839986816484,15
17.76397189408976,15
17.80113618731934,15
17.84065050170261,15
17.93974627092916,15
18.04780083433229,15
18.10085539803344,15
18.153909961734595,15
18.206964525435748,15
18.31501908883888,15
18.36807365254003,15
18.421128216241183,15
18.47418277994233,15
18.52723734364349,15
18.58029190734464,15
18.6333464710458,15
18.741401034448923,15
18.79445559815008,15
0.1000728384154291,16
0.1966799409280585,16
0.291259717900147,16
0.3844010845099767,16
0.4764267333632352,16
0.567540774432524,16
0.6414046681798538,16
0.7140835917867263,16
0.7272920173905333,16
0.7931503293416937,16
1.5586408612630804,16
1.6308789191148718,16
1.6483297751597603,16
1.6660028913370808,16
1.6839086071900566,16
1.7501760752252775,16
1.762954569732352,16
1.7759388539321264,16
1.7891377642131885,16
1.8025609267256697,16
1.8130448445058904,16
1.8788288518167573,16
1.8899321168042265,16
1.901376423736616,16
1.913186746960088,16
1.925392012422486,16
1.9930261106542784,16
2.0061293042577346,16
2.019750201453968,16
2.033948663001462,16
2.048800225680276,16
2.064403199901386,16
2.080890826260253,16
2.1534540125481327,16
2.172389380013152,16
2.1932221961520155,16
2.2171502088509043,16
2.30580777426581,16
2.3944653396807154,16
2.428122901668354,16
2.4617804636559923,16
2.550438029070898,16
2.5840955910585364,16
2.672753156473442,16
2.7614107218883475,16
2.795068283875986,16
2.8287258458636244,16
2.862383407851263,16
2.8960409698389014,16
2.92969853182654,16
2.9633560938141783,16
3.052013659229084,16
3.0856712212167223,16
3.174328786631628,16
3.2079863486192663,16
3.241643910606905,16
3.275301472594544,16
3.363959038009449,16
3.397616599997088,16
3.431274161984726,16
3.4649317239723643,16
3.4985892859600027,16
3.532246847947641,16
3.56590440993528,16
3.599561971922918,16
3.688219537337824,16
3.721877099325462,16
3.7555346613131007,16
3.789192223300739,16
3.8228497852883776,16
3.856507347276016,16
3.890164909263655,16
3.923822471251293,16
3.957480033238932,16
3.99113759522657,16
4.024795157214209,16
4.113452722629114,16
4.20211028804402,16
4.2357678500316585,16
4.269425412019297,16
4.303082974006935,16
4.336740535994574,16
4.370398097982212,16
4.459055663397118,16
4.492713225384756,16
4.526370787372395,16
4.560028349360033,16
4.593685911347672,16
4.62734347333531,16
4.661001035322949,16
4.694658597310587,16
4.728316159298226,16
4.761973721285864,16
4.795631283273503,16
4.829288845261141,16
4.917946410676047,16
4.951603972663685,16
4.985261534651324,16
5.018919096638962,16
5.0525766586266005,16
0.1000728384154291,17
0.1416799409280584,17
0.236259717900147,17
0.3294010845099767,17
0.4214267333632353,17
0.5002369558101538,17
0.5240031325852517,17
0.5477256396448258,17
0.5618624318053964,17
0.6294043738057855,17
0.6935181695630792,17
0.7026556267997268,17
0.7078777191823367,17
0.7083391500532645,17
0.7026786440879125,17
0.6883787363663334,17
-0.3408878594741207,17
0.1000728384154291,18
0.2151243381986281,18
0.3301758379818272,18
0.4452273377650263,18
0.5573131016454257,18
0.6631350506833482,18
0.7662620172176073,18
1.5628642650983815,18
1.666945148133981,18
1.7845662821750914,18
1.8471874162162016,18
1.964808550257312,18
2.0824296842984222,18
2.1450508183395325,18
2.2076719523806427,18
2.270293086421753,18
2.3329142204628632,18
2.395535354503973,18
2.458156488545084,18
2.575777622586194,18
2.6383987566273044,18
2.701019890668414,18
2.763641024709525,18
2.826262158750635,18
2.8888832927917454,18
2.951504426832856,18
3.014125560873966,18
3.1327119526748457,18
3.251298344475725,18
3.314884736276605,18
3.433471128077485,18
3.4970575198783647,18
3.5606439116792443,18
3.624230303480124,18
3.742816695281004,18
3.806403087081884,18
3.869989478882763,18
3.933575870683643,18
3.9971622624845216,18
4.115748654285402,18
4.1793350460862815,18
4.242921437887161,18
4.306507829688041,18
4.3700942214889205,18
4.4336806132898,18
4.49726700509068,18
4.560853396891559,18
4.624439788692439,18
4.688026180493319,18
4.751612572294198,18
4.815198964095078,18
4.9337853558959575,18
5.052371747696837,18
5.1159581394977165,18
5.179544531298596,18
5.243130923099476,18
5.306717314900356,18
5.370303706701235,18
5.433890098502115,18
5.552476490302994,18
5.6710628821038735,18
5.734649273904753,18
5.798235665705633,18
5.8618220575065125,18
5.925408449307392,18
5.988994841108272,18
6.052581232909152,18
6.116167624710031,18
6.234754016510911,18
6.35334040831179,18
6.471926800112669,18
6.535513191913549,18
6.599099583714429,18
6.662685975515308,18
6.726272367316188,18
6.789858759117068,18
6.853445150917947,18
6.917031542718827,18
6.980617934519707,18
7.044204326320586,18
7.107790718121466,18
7.226377109922345,18
7.289963501723225,18
7.353549893524105,18
7.417136285324984,18
7.535722677125864,18
7.599309068926743,18
7.662895460727623,18
7.726481852528503,18
7.790068244329382,18
7.853654636130262,18
7.917241027931142,18
7.980827419732021,18
8.0444138115329,18
8.108000203333779,18
8.171586595134658,18
8.235172986935536,18
8.298759378736415,18
8.362345770537294,18
8.425932162338173,18
0.1000728384154291,19
0.1966799409280585,19
0.291259717900147,19
0.3844010845099767,19
0.4764267333632352,19
0.567540774432524,19
0.6033840621026766,19
0.6935596928097065,19
0.7820604438281442,19
0.870056788722313,19
0.902594982002252,19
0.9347135030247656,19
1.0214448653466148,19
1.107816904862316,19
1.1399675416004296,19
1.171788025430928,19
1.9535156275820813,19
2.041904567747903,19
2.1301933615043467,19
2.215633974833757,19
2.300978296859533,19
2.3862684159114664,19
2.4705453603103464,19
3.944878288967878,19
4.032958337528974,19
4.121038386090071,19
4.15526649491337,19
4.1898973001673525,19
4.224966095252306,19
4.260514961047441,19
4.351221324367792,19
4.387344592674047,19
4.423922718925745,19
4.461001263423235,19
4.552975641055376,19
5.69131730632332,19
5.731755477799446,19
5.828019892288715,19
5.870274660600693,19
5.968765628947288,19
6.06636535884288,19
6.804585037244827,19
6.851225843144924,19
6.893207640810282,19
6.974128351969988,19
7.754063831134111,19
7.78656035797146,19
7.819882282479078,19
7.854193338616163,19
7.889738695187837,19
7.926926569505007,19
7.9665768271818465,19
8.011285090310842,19
8.062924826009542,19
8.169564561410219,19
8.276204296810896,19
8.327844032509596,19
8.434483767910272,19
8.486123503608972,19
8.59276323900965,19
8.699402974410326,19
8.751042710109026,19
8.837242813272745,19
8.876964309675962,19
8.925423373891384,19
10.077090253545316,19
10.130144817246467,19
10.18319938094762,19
10.29125394435075,19
10.380307284606964,19
10.4249280592933,19
10.475041893734009,19
10.580155727876694,19
10.685269562019378,19
10.735383396460088,19
10.785497230900797,19
10.835611065341505,19
10.885724899782211,19
10.93583873422292,19
11.040952568365604,19
11.091066402806312,19
11.14118023724702,19
11.22473871470836,19
11.956197736276655,19
11.99853521348384,19
12.048919880254536,19
12.1543045504525,19
12.204689217223198,19
12.31007388742116,19
12.360458554191858,19
12.465843224389822,19
12.516227891160518,19
12.566612557931215,19
12.616997224701912,19
12.722381894899875,19
12.772766561670572,19
12.878151231868536,19
12.9835359020665,19
13.033920568837196,19
13.084305235607893,19
0.1000728384154291,20
0.2151243381986281,20
0.3301758379818272,20
0.4452273377650263,20
0.5602788375482254,20
0.6758303373314245,20
0.7913818371146235,20
0.8519333368978226,20
0.9674848366810216,20
1.0830363364642206,20
2.2973600955432003,20
2.358071486813361,20
2.445137414497668,20
3.879313382667834,20
5.03123894648009,20
5.093510947537953,20
5.1799977266913,20
5.917152210486466,20
6.015460699213082,20
7.671606748712594,20
9.33114334882551,20
9.374724000108774,20
9.47211259545141,20
10.20960038842016,20
10.245368930858906,20
10.28170411602908,20
10.318678467882211,20
10.356385837656791,20
10.443128618759449,20
10.475157185805376,20
10.507488875997598,20
10.586272648883398,20
10.615716704515156,20
11.397600778726275,20
11.431337648419078,20
11.46507451811188,20
11.498811387804682,20
11.532548257497483,20
11.566285127190287,20
11.60002199688309,20
11.687223107901747,20
11.719710008588963,20
11.807500028399163,20
11.840612744328912,20
11.874070425865586,20
11.90454307512694,20
11.93660798983031,20
12.013383451265629,20
12.037630486649809,20
12.060051926759416,20
12.07918655255192,20
12.092970095922585,20
12.10059003613272,20
12.153485392102386,20
11.135977481373931,20
0.1000728384154291,21
0.1416799409280584,21
0.229041422479149,21
0.3157502857371803,21
1.5001013723536964,21
2.9800310989596097,21
4.687447877041463,21
4.784928593484472,21
4.881504891217359,21
4.977601369008938,21
5.018632910822883,21
5.11441282721739,21
5.147838854962399,21
5.236175322705319,21
5.324337357455304,21
5.412414410883,21
5.445750882649233,21
5.533999373936465,21
5.622609471702387,21
5.656609376692583,21
5.688059726530125,21
5.774510079794934,21
5.86200948970895,21
6.997513973885586,21
7.07429599928241,21
8.207651497596313,21
8.281174437874366,21
8.307417535954524,21
8.334121210300733,21
8.416332235359956,21
10.056367864632415,21
10.131470544063855,21
10.853779716217328,21
10.883677521520664,21
10.958067441159296,21
11.679689192944576,21
11.708690529489328,21
11.739827515357543,21
11.771813997798969,21
11.859824450486707,21
11.894124051356126,21
11.93016518446188,21
11.963852034681846,21
12.003802699768354,21
12.107511764192392,21
13.259491210603525,21
13.356372153186609,21
13.40508121418338,21
14.205159785026122,21
14.312091180854846,21
14.364022584432174,21
14.415953988009502,21
14.46788539158683,21
14.519816795164155,21
14.62674819099288,21
14.733679586821603,21
14.785610990398933,21
14.83754239397626,21
14.924034157568029,21
14.972743218564798,21
16.179722612523843,21
16.233089675926973,21
16.286456739330102,21
16.339823802733232,21
16.39319086613636,21
16.44655792953949,21
16.554924992644597,21
16.608292056047727,21
16.697657896005918,21
16.737812394076396,21
16.777966892146875,21
16.818121390217353,21
16.85827588828783,21
16.89843038635831,21
16.93858488442879,21
16.978739382499267,21
17.018893880569745,21
17.059048378640224,21
17.099202876710702,21
17.13935737478118,21
17.234511876278926,21
17.274666374349405,21
17.314820872419883,21
17.35497537049036,21
17.39512986856084,21
17.43528436663132,21
17.475438864701797,21
17.570593366199542,21
17.665747867697288,21
17.705902365767766,21
17.801056867265512,21
17.84121136533599,21
17.88136586340647,21
17.921520361476947,21
18.016674862974693,21
18.05682936104517,21
18.09698385911565,21
18.137138357186128,21
18.23229285868388,21
18.32744736018162,21
0.1000728384154291,22
0.1966799409280585,22
0.2854799316416548,22
0.3756343037973212,22
0.4633959070931243,22
0.546300380040245,22
0.57680422860785,22
0.6616689120571183,22
0.7465335955063866,22
0.7796679106692838,22
0.8256269735436009,22
0.9170436081628368,22
0.9526101318339872,22
0.9889900353889036,22
1.0221475963632631,22
1.0514710978756714,22
1.0760740977863836,22
1.09455516051157,22
1.1043566609884667,22
0.0992316152120995,22
0.1000728384154291,23
0.1966799409280585,23
0.291259717900147,23
0.3844010845099767,23
0.4769267333632352,23
0.5692084313956467,23
0.6612575293498837,23
0.6980843684912665,23
0.7896984095605554,23
0.8809897580241564,23
0.9719779833786752,23
1.062893214736088,23
1.0990687279032814,23
1.190518819858455,23
1.2820093978647922,23
1.3162929464583133,23
1.405491029143784,23
3.2925216306452487,23
3.387343478620503,23
5.5664623503093456,23
5.665583555818055,23
7.559559528947327,23
7.661644433856461,23
7.7632351119522784,23
10.11657239985511,23
10.22175244730756,23
12.220050853908512,23
12.32690690946624,23
14.520525981246458,23
16.527926363084912,23
18.84426873053652,23
18.96237037944384,23
21.86259766830875,23
24.69529957371818,23
26.71170371703396,23
26.8362430979329,23
28.29235485467089,23
28.416730461986543,23
30.48808343136996,23
30.61273638905914,23
32.06917231450464,23
34.08612958599327,23
34.211677852657864,23
36.12966651587488,23
36.25564635071363,23
36.38157242159351,23
36.50688882422647,23
37.3255153728553,23
37.45085821367073,23
37.521117580093296,23
37.591294842864805,23
37.71626995044317,23
37.84105075954614,23
39.00972563370549,23
39.13451813933637,23
39.89758989580949,23
40.02238631623163,23
40.09203231705916,23
40.21623304001344,23
41.03374826811594,23
41.15797809243723,23
41.22707341210109,23
41.35105875925804,23
41.474636610732766,23
41.59816506990266,23
41.71807420596296,23
42.93704054016767,23
43.00251294457649,23
43.06794548544841,23
43.18822992943652,23
43.30840005162356,23
43.36580359350115,23
43.47818574497178,23
43.59051481738768,23
43.70278353745707,23
43.81491589713304,23
46.126175645677705,23
47.57227937050344,23
47.68704350777027,23
48.8459666163491,23
48.96123783209237,23
49.07645022362775,23
49.19151851297044,23
50.35072540547355,23
51.51047033285168,23
51.57158425371112,23
51.63267952653028,23
51.7485898045104,23
53.87838678632192,23
56.50113902642613,23
56.61379172109902,23
58.86157824301064,23
60.86425040787249,23
63.40835843212861,23
64.90955633627074,23
65.02460818555745,23
65.13949826212706,23
65.89283667682909,23
66.00795197026278,23
67.16715125638714,23
0.1000728384154291,24
0.1966799409280585,24
0.2859478379546802,24
2.462733295225149,24
4.966986840243674,24
5.074917579113341,24
5.183803594166823,24
5.292559731788288,24
5.3963101117655885,24
5.498719171809916,24
6.232472931920239,24
6.328696209437407,24
7.1162414136000045,24
9.007356959826506,24
9.051972753799712,24
9.096862587577856,24
9.142042356974638,24
9.241091507918394,24
10.896259087569272,24
12.896154345466355,24
12.941765034093123,24
13.041980036987525,24
14.47568405558036,24
14.57431787390874,24
14.618336496396523,24
14.662772027297478,24
14.707662416143876,24
14.806718101246815,24
14.851224543048602,24
14.949199111654025,24
15.686500044061404,24
15.785863631858092,24
15.884816029562216,24
17.779148080839377,24
19.2204910722048,24
19.330458399845973,24
21.177363392903224,24
23.43407845218362,24
23.489511639817373,24
23.547329445375816,24
23.60986956675233,24
23.682139237417594,24
23.75440890808286,24
23.8816785784501,24
23.99422605056943,24
25.847594809724704,24
27.91481597442808,24
30.354402358992,24
30.476681455666043,24
32.94576157414352,24
35.32289069541823,24
38.09591494969377,24
40.48121937167269,24
40.61985030844152,24
40.70503201985188,24
40.79247365688095,24
40.93915178321196,24
41.08033684809962,24
42.54986991545719,24
42.685348278783366,24
42.819058441908325,24
45.72612433203542,24
45.85745845662562,24
46.681273077431406,24
46.81050210731499,24
48.49430956273629,24
50.64868577284881,24
50.76322659565278,24
50.88173749024179,24
53.94533853802828,24
54.7609691381343,24
54.86984187214452,24
54.92362113891917,24
55.03230866639692,24
55.08590609802681,24
55.19441503508765,24
55.30218014343458,24
58.30374846084791,24
60.90290603264052,24
63.97023151608142,24
65.64814193863073,24
67.38157706672162,24
67.50492100118544,24
69.23811794315971,24
69.36164048912636,24
71.04036768370244,24
72.20866604801546,24
72.32998327142953,24
72.45101541144139,24
73.21041404983585,24
73.27652107243964,24
73.34248771524452,24
73.4632429444436,24
73.5838672075383,24
73.63910660929602,24
73.68579215220731,24
73.73246743939441,24
73.77913248948377,24
73.82578732482713,24
73.87243196777624,24
0.1000728384154291,25
0.1966799409280585,25
0.236759717900147,25
0.3304010845099767,25
0.4229267333632353,25
0.5145407744325241,25
0.6053840621026767,25
0.6955596928097066,25
0.7301464083384547,25
0.8192063212889136,25
0.8527896833403508,25
0.8859379885068399,25
0.9186860801349612,25
0.951063631902314,25
1.0380962193122325,25
1.1248061141164625,25
1.1563470220227765,25
1.1877244681206622,25
1.2189436276191947,25
1.25000935806421,25
1.280926227717557,25
1.366698540653432,25
1.3973303590331951,25
1.4278255229443737,25
1.458187668127962,25
1.488420241867723,25
1.518526517273688,25
1.548509606157726,25
1.5748434169562084,25
1.6560598264166468,25
1.682161528030873,25
1.7081510944661622,25
1.73403098551712,25
1.7598035553747364,25
1.7854710592843586,25
1.8110356596554809,25
1.835192067397144,25
1.8592583826112945,25
1.883236199939948,25
1.9071270585550413,25
1.9309324450033392,25
2.009653795860055,25
2.0332925002070144,25
2.0568499019496147,25
2.135327301985483,25
2.1587259602365108,25
2.1820470975548587,25
2.2052918975125526,25
2.228461508083424,25
2.251557043225369,25
2.274579584370209,25
2.352530181827788,25
2.375409856110408,25
2.3982195991831534,25
2.4209603756452376,25
2.4436331238470426,25
2.466238756947187,25
2.4887781639135813,25
2.511252210472139,25
2.5336617400065173,25
2.5497860183467527,25
2.565872273690062,25
2.636920793005194,25
2.65293185896168,25
2.664940518691103,25
2.676906207008089,25
2.688829290076416,25
2.70071012787231,25
2.70771550686946,25
2.7146911061478454,25
2.7216371020241823,25
2.728553668739633,25
2.729205723914131,25
2.7298402659358736,25
2.7304573559329173,25
2.7310570546080792,25
2.731639422243359,25
2.732204518704298,25
2.732752403444282,25
2.733283135508782,25
2.7887967735395383,25
2.789293375778686,25
2.789773000072829,25
2.7902357038770504,25
2.7906815442588786,25
2.7911105779021934,25
2.7915228611110816,25
2.7919184498136422,25
2.79229739956574,25
2.7926597655547067,25
2.7930056026030017,25
2.793334965171812,25
2.7936479073646168,25
2.7939444829306965,25
2.7854147563793115,25
2.776863384772479,25
2.7682904614081405,25
2.7596960787833944,25
2.7510803286047616,25
2.742443301798278,25
0.1000728384154291,26
0.2151243381986281,26
0.3301758379818272,26
0.4452273377650263,26
0.5602788375482254,26
0.6203303373314244,26
0.7214024370279031,26
0.8169145738448815,26
0.853331212487431,26
0.9427727354433256,26
0.9787776363756376,26
1.0174321351315694,26
1.0583942612375932,26
1.1488633235659318,26
1.1898254496719556,26
1.232825447406979,26
1.2776450780894475,26
1.377464708473893,26
2.5821333495642858,26
2.6895629135634618,26
2.743268911328526,26
4.187614743199559,26
4.245666239943715,26
4.303717736687871,26
4.361769233432026,26
4.419820730176182,26
4.477872226920338,26
4.535923723664494,26
4.59397522040865,26
4.652026717152806,26
4.710078213896962,26
4.768129710641118,26
4.8261812073852735,26
4.939232711281987,26
4.997284208026143,26
5.0553357047702985,26
5.113387201514454,26
5.17143869825861,26
5.284490202155324,26
5.342541698899479,26
5.400593195643635,26
5.5136446995403485,26
5.571696196284504,26
5.62974769302866,26
5.687799189772816,26
5.745850686516972,26
5.803902183261128,26
5.861953680005284,26
5.92000517674944,26
5.978056673493596,26
6.036108170237752,26
6.149159674134465,26
6.207211170878621,26
6.320262674775334,26
6.37831417151949,26
6.436365668263646,26
6.4944171650078015,26
6.552468661751957,26
6.610520158496113,26
6.668571655240269,26
6.726623151984425,26
6.839674655881138,26
6.897726152625294,26
6.95577764936945,26
7.068829153266163,26
7.126880650010319,26
7.184932146754475,26
7.242983643498631,26
7.356035147395344,26
7.4140866441395,26
7.527138148036213,26
7.585189644780369,26
7.643241141524525,26
7.701292638268681,26
7.759344135012837,26
7.87239563890955,26
7.930447135653706,26
7.988498632397862,26
8.046550129142018,26
8.104601625886174,26
8.16265312263033,26
8.220704619374485,26
8.278756116118641,26
8.391807620015355,26
8.44985911675951,26
8.507910613503666,26
8.565962110247822,26
8.624013606991978,26
8.682065103736134,26
8.74011660048029,26
8.798168097224446,26
8.856219593968602,26
8.914271090712758,26
8.972322587456913,26
9.03037408420107,26
9.088425580945223,26
9.14647707768938,26
9.204528574433535,26
9.262580071177693,26
9.375631575074406,26
0.1000728384154291,27
0.1966799409280585,27
1.6793700104454723,27
3.376329029152748,27
4.857857840241358,27
4.952709589824466,27
5.046649731623604,27
5.139933193412436,27
5.1778461153405,27
5.259599950422555,27
5.286121186126977,27
5.3674201632635885,27
5.393688179810553,27
5.419925427322298,27
5.501132091765314,27
5.582308365290075,27
5.663454426710516,27
5.689570457001238,27
5.708830151964932,27
5.728120059032946,27
5.7474403607445055,27
5.766791243364125,27
5.841172892858296,27
5.860585505400806,27
5.880029270683437,27
5.899504384283929,27
5.919011043642669,27
5.938549448062688,27
5.956332322468072,27
5.974180134271293,27
5.992093734701186,27
6.01007400292626,27
6.028121840466767,27
6.101238172759324,27
6.119423950349002,27
6.137680150826483,27
6.156007781882792,27
6.174335412939101,27
6.192735508342295,27
6.2662091332273775,27
6.284757389013677,27
6.303381402303486,27
6.314972294752508,27
6.381525447850137,27
6.39304115090242,27
6.404519679282814,27
6.470961304639488,27
6.482366302308648,27
6.493734936487883,27
7.200900356543272,27
7.214846643877237,27
7.228722007271855,27
7.244835065004437,27
7.26094812273702,27
7.277061180469602,27
7.348174237904161,27
7.364287295636743,27
7.380400353369325,27
7.398551288318842,27
7.416772154417842,27
7.435063942593544,27
7.453427675438135,27
7.471864401620834,27
7.490375203338473,27
7.5639611978801184,27
7.582623525780647,27
7.601363375109642,27
7.6201819658996754,27
7.639080559161513,27
7.65806045502147,27
7.677122996446698,27
7.751269572672456,27
7.770501622256845,27
7.78982063129267,27
7.809228138324826,27
7.82872573777756,27
7.84831508181712,27
7.867997885939687,27
7.88777593269667,27
7.962651071396678,27
7.982625221160262,27
8.002700384032934,27
8.022878644314616,27
8.043162170124262,27
8.063553228301018,27
8.084054180678933,27
8.104667497125476,27
8.125395761129468,27
8.146241677251666,27
8.222208080139964,27
8.236179386523574,27
8.250090086159318,27
8.263940904547482,27
8.277732550424545,27
8.989570080560654,27
9.010475878861754,27
9.031503633854,27
9.052656394687505,27
9.073937368837209,27
9.095349929553478,27
0.1000728384154291,28
0.1966799409280585,28
0.291259717900147,28
0.3844010845099767,28
0.4219267333632353,28
0.5135407744325241,28
0.6043840621026766,28
0.6949495005170551,28
0.785156479289153,28
0.8750289868871007,28
1.6048883837366958,28
3.255212274564596,28
3.350788875939805,28
3.4459345888338087,28
4.235446477020873,28
6.277624869431151,28
6.373893053914203,28
6.415161238695277,28
6.456429423476352,28
6.497697608257426,28
6.538965793038501,28
6.580233977819575,28
6.62150216260065,28
6.717770347083701,28
6.759038531864776,28
9.25363143690933,28
9.29530921735872,28
9.336967037702692,28
9.433604979599608,28
9.47522311815132,28
9.5168215312909,28
9.55840030097474,28
9.59995950170864,28
11.0277547926556,28
11.069236470098389,28
11.11069895484556,28
11.15214231767763,28
11.193566633100405,28
11.234971971894396,28
11.276358408565414,28
12.69840971910466,28
14.68415169202794,28
14.723965042914044,28
14.818759979392183,28
14.858536565388334,28
14.89829487138499,28
14.993034964139357,28
15.032756903852118,28
15.12746076443304,28
15.222146609510077,28
15.261814495260609,28
15.301464492167128,28
15.341096663559568,28
15.380711072767866,28
17.024885171736372,28
18.4484882295977,28
20.435386055792463,28
20.47635634028424,28
20.51730929472555,28
20.558244974995745,28
20.59916344442476,28
20.69506476231922,28
20.74057398547749,28
20.78606617284414,28
20.83154138226579,28
20.87699967119752,28
20.92244109670685,28
20.96786571547768,28
21.01327358381408,28
21.058664757644145,28
21.10403929252375,28
21.837221234471613,28
22.97797309654596,28
24.40893208378934,28
24.45359670991284,28
25.18666482580684,28
26.32730359743824,28
26.36212712604499,28
26.397843179261184,28
26.4344456708254,28
27.1658507826794,28
28.817188988413843,28
28.853728783231794,28
29.585071394271967,28
29.62401016992743,28
31.27593929244859,28
31.373384700688657,28
33.365872174465785,28
33.41243446158228,28
33.4589817561838,28
33.505514103091066,28
33.55203154685765,28
33.59853413177228,28
33.64502190186126,28
33.69149490089076,28
33.73795317236911,28
33.83939675954909,28
33.88582570543017,28
33.93224005276074,28
33.97863984404027,28
0.1000728384154291,29
0.2081928663930287,29
0.2682443661762277,29
0.3798301300566271,29
0.4948816298398262,29
0.6044400681796847,29
0.7095943602544845,29
0.815416309292407,29
0.918543275826666,29
1.019928708889584,29
1.1163191872025533,29
2.313160307922463,29
2.409020237841706,29
2.4499764332855745,29
2.49046353272448,29
2.5305217990959687,29
2.6243158916319413,29
4.3305750230635205,29
5.984155807861189,29
7.12783232725511,29
8.620557669097941,29
8.726136922992145,29
9.931293112115998,29
9.971711319761416,29
10.06692748226418,29
10.10694944195642,29
10.146784466581485,29
10.186439291464229,29
10.280920185970206,29
10.374816917704482,29
12.025419854449172,29
13.459452545359964,29
13.56162667015403,29
15.40323001988,29
16.89586247511394,29
17.001846555094332,29
19.30122685752353,29
21.356133474546144,29
21.452779723840425,29
21.49422230063624,29
21.583088914441536,29
21.67180414735026,29
21.760343583809803,29
22.895044239747,29
24.72633746503539,29
26.96724394200988,29
27.05582676320024,29
27.089357944714497,29
27.122838018971155,29
27.15626750378556,29
27.1896469057972,29
27.222976720469664,29
27.311257435517977,29
29.42911489172525,29
31.416970683770845,29
32.90193612738199,29
33.00047836317367,29
35.812945461409754,29
38.8633154393608,29
38.97130455686397,29
41.42465581609554,29
44.378940820864216,29
44.49742408699435,29
45.94793126722855,29
47.45416003987721,29
47.574128395867646,29
49.249579345329,29
49.37075471136251,29
49.49193007739601,29
50.945297556477165,29
51.06689682186651,29
52.74384711096284,29
52.80363594899175,29
55.86088907132146,29
55.97745983461139,29
57.43115371486355,29
57.55368020123626,29
57.67554849496819,29
59.35283396642374,29
61.21351781729576,29
62.89271716295396,29
63.01670089350748,29
64.23968380165728,29
64.36404271153175,29
64.43338993915792,29
64.55756513146552,29
67.24858058765801,29
67.37456302576456,29
68.83228368274226,29
68.95868299526421,29
69.01999487352816,29
69.08132841808049,29
69.14268372577874,29
69.25906089318244,29
69.37538359684197,29
69.49160972607581,29
70.65196505558936,29
70.71379004416315,29
70.77569832277743,29
70.89261220765559,29
0.1000728384154291,30
0.2081928663930287,30
0.2682443661762277,30
0.3832958659594268,30
0.4983473657426259,30
0.6133988655258249,30
0.7144709652223036,30
0.7549831023373053,30
0.8463997369565412,30
0.8819662606276915,30
0.9183461641826078,30
1.0065037285842344,30
1.035827230096643,30
1.060430230007355,30
1.0789112927325413,30
1.08321973112676,30
0.0711632612094625,30
0.1000728384154291,31
0.1966799409280585,31
0.291259717900147,31
0.373835449607448,31
0.4556404279156127,31
0.5367777492606548,31
0.5517102941626219,31
0.6212723046296743,31
0.6364893443637994,31
0.6513836920016912,31
0.7209749161952642,31
2.130379313206068,31
4.7873514830821655,31
4.8791547357791565,31
4.970747747992864,31
5.061972321545472,31
5.15367093828856,31
7.595028074061265,31
10.352516324793688,31
12.86290391737131,31
16.201135617339506,31
16.320279446529874,31
20.05798467442087,31
21.795884928639108,31
23.53581308319863,31
23.63639102249439,31
23.7311546640224,31
23.81882075832553,31
23.904743349713755,31
23.932493111652803,31
24.01040362433858,31
24.02581626789041,31
24.04205389560528,31
24.110106545103264,31
24.11942099926389,31
24.12330486725412,31
24.118737841559124,31
23.09979155154295,31
0.1000728384154291,32
0.1966799409280585,32
0.236259717900147,32
0.3294010845099767,32
0.352751204100736,32
0.3754883122717222,32
0.3976794232701143,32
0.4743783374403795,32
0.5521291841839632,32
0.5749688440089306,32
0.6524285742168506,32
0.6653458795597037,32
0.7307880765845259,32
0.7971151194622,32
0.86027340060968,32
0.9196858315815408,32
0.9194023213319672,32
0.9680562219552888,32
0.9530230215721024,32
-0.0769093581504928,32
0.1000728384154291,33
0.1966799409280585,33
0.2887597219239043,33
0.3244010866771506,33
0.411989873756008,33
0.4994855434785651,33
0.5788076655159758,33
0.6036911257694529,33
0.6741829239915179,33
0.687681267518835,33
0.6949998447823392,33
0.6978593778482692,33
0.7493712355068939,33
0.7372224724537747,33
-0.2899550997965915,33
0.1000728384154291,34
0.1966799409280585,34
0.229541422479149,34
0.3162502857371804,34
0.3985230910107132,34
0.4250077518149849,34
0.4508117517903086,34
0.5316614142134425,34
0.6156569463233657,34
0.6444432428836113,34
0.7280287092352302,34
0.75677418924228,34
0.8405604858025256,34
0.92076547928893,34
2.339136083804006,34
2.426212248586053,34
2.4563257519229595,34
2.54180980213725,34
2.6269681502207463,34
2.658691951267356,34
2.6896285649462883,34
2.7760050233527367,34
2.8580228921099846,34
4.5019527312442005,34
4.538088050864571,34
4.6291588593348205,34
6.050696497045392,34
7.188072209440106,34
8.617044572912091,34
10.61110055931651,34
10.655271017186278,34
10.70039675124728,34
10.798765500269765,34
11.536974628649586,34
12.331865926466817,34
12.433139753721589,34
12.53463100381934,34
12.635118906579846,34
13.836089079461926,34
15.678460066400405,34
17.67807406672084,34
20.30135196932399,34
22.36785586073932,34
25.00232753940675,34
25.122668313298373,34
28.02539441827569,34
31.043924495382125,34
32.909129674671306,34
33.03706647126088,34
33.163985273074246,34
36.06559009391963,34
37.23779483585604,34
37.36578798109258,34
37.49304131804186,34
38.31312405711661,34
40.23217713515551,34
40.35888058608892,34
40.484570768449984,34
40.54858338412198,34
40.66765402752458,34
40.78666664319658,34
40.84728760690122,34
40.90809114667073,34
40.96908418280319,34
41.03027418094421,34
41.091669219203865,34
41.15327806676021,34
41.26974336378714,34
44.04293393201808,34
46.59561204793568,34
46.66339593643192,34
46.73119227823472,34
46.79900110443851,34
46.86682244629339,34
46.9896563352063,34
47.1065524027913,34
47.22279851824417,34
49.57877223879471,34
52.20546575342281,34
55.10477388718108,34
56.27033517788213,34
56.33746912276191,34
56.40479511488227,34
56.47232082633328,34
56.54005456778846,34
56.60385156605832,34
56.72313584100895,34
56.78796005914989,34
56.853389666948594,34
56.91950819325912,34
56.98642596307435,34
57.054295501532046,34
57.17834161042441,34
57.248929226115045,34
57.32175696541832,34
57.39874925033626,34
57.49072019662197,34
57.63769114290768,34
57.7296620891934,34
57.82163303547911,34
0.1000728384154291,35
0.1966799409280585,35
0.29125971790014704,35
0.3867511026562054,35
0.4829966018609366,35
0.5278254894555185,35
0.6288975891519972,35
0.7244097259689757,35
0.81033330083384,35
0.8997748237897345,35
0.9902797234107443,35
1.0776872825671622,35
1.1613857862402388,35
1.185488785137672,35
1.2035948489655444,35
1.2131463489358016,35
0.20789637182398524,35
